wave,scenario,seed,label,option,option_params,branch_step,carry_ttt,ttt,delta,delta_pct,fallbacks,d_freeway,d_urban,peak_urban_queue,peak_boundary_queue,peak_ramp_queue,source_file,source_sha256
probe_b1x,sweet_190_w,8605,k16_actor_b1_exact,actor,"{""at"": 16, ""spec_path"": ""work/sdmpc_rl_perimeter_b_20261001/specs/b1_exact_bind50_w16_25_return.json"", ""spec_sha256"": ""8bb199ce6834cc319496f6d6e9515cb63308adc8313566fa496a219a0868deb8"", ""tag"": ""b1_exact""}",16,7171.00646533273,6603.76062423454,-567.2458410981899,-7.910268158876496,2,76.70253882125144,-643.9483799194413,2918.16852892199,1328.7081800245048,477.8593079815181,results/sdmpc_rl_machine_b_20260930/probe_b1x/sweet_190_w_s8605/branches/k16_actor_b1_exact.json,8d31a82e490f9492251630a38ba8f54bdcae2ecd69da9058de52e78768cd91fc
probe_p1,sweet_155_w,8101,k01_np_relax_early_afterhold_np_shift5.0_window14,np_relax_early,"{""after"": ""hold"", ""at"": 1, ""np_shift"": 5.0, ""window"": 14}",1,3293.1514977083843,3176.3269716484347,-116.82452605994968,-3.547499291825618,1,104.17670418386479,-221.00123024381446,559.8542775493263,101.20979011513384,215.9740364646341,results/sdmpc_rl_machine_b_20260930/probe_p1/sweet_155_w_s8101/branches/k01_np_relax_early_afterhold_np_shift5.0_window14.json,059f4d9cd955638c8f9564f351513152e209a3903b710f7fa6b1d9215624adad
probe_p1,sweet_155_w,8101,k01_np_tight_early_afterhold_np_shift-5.0_window14,np_tight_early,"{""after"": ""hold"", ""at"": 1, ""np_shift"": -5.0, ""window"": 14}",1,3293.1514977083843,3402.562867774468,109.41137006608369,3.3223910330945943,9,-6.005388493786768,115.41675855987091,1052.7638981791376,430.9549412812381,19.39321405368459,results/sdmpc_rl_machine_b_20260930/probe_p1/sweet_155_w_s8101/branches/k01_np_tight_early_afterhold_np_shift-5.0_window14.json,871979df0d27b5a44c137aad30a119007df266626bc3439667d52f8d127f9fde
probe_p1,sweet_155_w,8101,k16_np_bind_afterreturn_np_delta100.0_window20,np_bind,"{""after"": ""return"", ""at"": 16, ""np_delta"": 100.0, ""window"": 20}",16,3293.1514977083843,3052.664118535774,-240.48737917261042,-7.302651558543818,14,74.30376185138584,-314.79114102399603,424.9486996023365,113.2889990840482,23.95771048981695,results/sdmpc_rl_machine_b_20260930/probe_p1/sweet_155_w_s8101/branches/k16_np_bind_afterreturn_np_delta100.0_window20.json,7c685944d5a3363d1acf824e04a5d647e14504869987cdb0dffae4ac666025c4
probe_p1,sweet_155_w,8101,k16_np_bind_afterreturn_np_delta50.0_window10,np_bind,"{""after"": ""return"", ""at"": 16, ""np_delta"": 50.0, ""window"": 10}",16,3293.1514977083843,3047.47240163924,-245.67909606914418,-7.460303488621937,4,64.15874285277278,-309.83783892191695,456.3044663774407,109.90524376851887,23.95771048981695,results/sdmpc_rl_machine_b_20260930/probe_p1/sweet_155_w_s8101/branches/k16_np_bind_afterreturn_np_delta50.0_window10.json,9e78f2076546794b993a972270f1970b629cd9774e1082a996d24eb793ddc3be
probe_p1,sweet_155_w,8101,k16_nuf_bind_afterreturn_nuf_delta500.0_window10,nuf_bind,"{""after"": ""return"", ""at"": 16, ""nuf_delta"": 500.0, ""window"": 10}",16,3293.1514977083843,4378.764582289474,1085.6130845810894,32.96578020587691,2,535.0478642287328,550.5652203523564,1433.5235836548313,481.3135226197537,663.2522138752795,results/sdmpc_rl_machine_b_20260930/probe_p1/sweet_155_w_s8101/branches/k16_nuf_bind_afterreturn_nuf_delta500.0_window10.json,e010a2be51a42c4e17ecb456cddf43b3400214b2e80092da568966fb16e35b60
probe_p1,sweet_155_w,8101,k16_tiny_nuf_down_afterhold_nuf_shift-2.0_window1,tiny_nuf_down,"{""after"": ""hold"", ""at"": 16, ""nuf_shift"": -2.0, ""window"": 1}",16,3293.1514977083843,3293.1514977083843,0.0,0.0,1,0.0,0.0,939.9804365989123,395.58498337715537,22.761916270675876,results/sdmpc_rl_machine_b_20260930/probe_p1/sweet_155_w_s8101/branches/k16_tiny_nuf_down_afterhold_nuf_shift-2.0_window1.json,101c9ef185ced66de7166caa9f12808aedbd354b7d1ee6cdee2fe869273a8aac
probe_p1,sweet_170_incident_w,8103,k01_np_relax_early_afterhold_np_shift5.0_window14,np_relax_early,"{""after"": ""hold"", ""at"": 1, ""np_shift"": 5.0, ""window"": 14}",1,5772.08511018681,5384.994272849091,-387.09083733771877,-6.706256577100104,0,212.45451754364058,-599.5453548813598,1040.027603061435,413.0377921988382,537.0278662438742,results/sdmpc_rl_machine_b_20260930/probe_p1/sweet_170_incident_w_s8103/branches/k01_np_relax_early_afterhold_np_shift5.0_window14.json,8a97ac8f86b3c62b0c8485b4e16ca3c96eda11feae570fc3a2bc95aa44ab9c8b
probe_p1,sweet_170_incident_w,8103,k01_np_tight_early_afterhold_np_shift-5.0_window14,np_tight_early,"{""after"": ""hold"", ""at"": 1, ""np_shift"": -5.0, ""window"": 14}",1,5772.08511018681,5554.225366712773,-217.8597434740368,-3.7743681757143372,8,249.5602389763062,-467.41998245034347,1276.428632018395,649.4410610967984,308.22483226239297,results/sdmpc_rl_machine_b_20260930/probe_p1/sweet_170_incident_w_s8103/branches/k01_np_tight_early_afterhold_np_shift-5.0_window14.json,b0252c3f93384a796b66b0b41dd41fbf79a04ae2d0523684badae72b6416a6c9
probe_p1,sweet_170_incident_w,8103,k16_np_bind_afterreturn_np_delta100.0_window20,np_bind,"{""after"": ""return"", ""at"": 16, ""np_delta"": 100.0, ""window"": 20}",16,5772.08511018681,5484.84649173778,-287.2386184490306,-4.9763406631357565,10,252.3587576139107,-539.5973760629413,1098.0356329977674,479.4545583191331,601.9345693215822,results/sdmpc_rl_machine_b_20260930/probe_p1/sweet_170_incident_w_s8103/branches/k16_np_bind_afterreturn_np_delta100.0_window20.json,802c0aaf3e7dc18fff83d544b6d65d9f196840f539ebe64a7776768724f2ef2e
probe_p1,sweet_170_incident_w,8103,k16_np_bind_afterreturn_np_delta50.0_window10,np_bind,"{""after"": ""return"", ""at"": 16, ""np_delta"": 50.0, ""window"": 10}",16,5772.08511018681,5593.927824688886,-178.15728549792402,-3.0865325458126875,3,-27.70224552990885,-150.45503996801517,1417.747416563443,530.3177814882846,493.47082576700564,results/sdmpc_rl_machine_b_20260930/probe_p1/sweet_170_incident_w_s8103/branches/k16_np_bind_afterreturn_np_delta50.0_window10.json,dff6b3b6f14854bf964d6cc226a84fffb77a23ce8e82878d88831097d0dc31f8
probe_p1,sweet_170_incident_w,8103,k16_nuf_bind_afterreturn_nuf_delta500.0_window10,nuf_bind,"{""after"": ""return"", ""at"": 16, ""nuf_delta"": 500.0, ""window"": 10}",16,5772.08511018681,6153.713740061426,381.6286298746154,6.611625133543193,3,-846.9302295573198,1228.5588594319352,2803.820395359511,1188.7373438840332,720.0,results/sdmpc_rl_machine_b_20260930/probe_p1/sweet_170_incident_w_s8103/branches/k16_nuf_bind_afterreturn_nuf_delta500.0_window10.json,d38bf2ba5d45413220fc2676255ad234199846c0fce51be1a019be410f8c4d77
probe_p1,sweet_170_incident_w,8103,k16_tiny_nuf_down_afterhold_nuf_shift-2.0_window1,tiny_nuf_down,"{""after"": ""hold"", ""at"": 16, ""nuf_shift"": -2.0, ""window"": 1}",16,5772.08511018681,5672.943110609543,-99.1419995772676,-1.7176115335218771,0,54.51388947122132,-153.65588904848892,1705.7597512668392,939.380835146916,284.05669327603397,results/sdmpc_rl_machine_b_20260930/probe_p1/sweet_170_incident_w_s8103/branches/k16_tiny_nuf_down_afterhold_nuf_shift-2.0_window1.json,6306531d7e3975045dd84e1c9967c360ffca9c123971069c4f05b893888bdea2
probe_p1,sweet_170_skew15_w,8104,k01_np_relax_early_afterhold_np_shift5.0_window14,np_relax_early,"{""after"": ""hold"", ""at"": 1, ""np_shift"": 5.0, ""window"": 14}",1,4272.109258780187,4265.502505267902,-6.60675351228474,-0.1546485146349268,0,65.62129405414089,-72.22804756642608,1535.0895947901483,645.2498698567013,190.9679623678746,results/sdmpc_rl_machine_b_20260930/probe_p1/sweet_170_skew15_w_s8104/branches/k01_np_relax_early_afterhold_np_shift5.0_window14.json,f3171c63e4342ed64f4f89007944db2432d2c07181c285b0843fc26477f75067
probe_p1,sweet_170_skew15_w,8104,k01_np_tight_early_afterhold_np_shift-5.0_window14,np_tight_early,"{""after"": ""hold"", ""at"": 1, ""np_shift"": -5.0, ""window"": 14}",1,4272.109258780187,4283.527007452998,11.417748672811285,0.26726256238285884,7,144.6946934266257,-133.27694475381486,1602.8207638086292,672.1129565739119,382.1237875909567,results/sdmpc_rl_machine_b_20260930/probe_p1/sweet_170_skew15_w_s8104/branches/k01_np_tight_early_afterhold_np_shift-5.0_window14.json,9b811d397c2d5c6fe154e35819f7dc407129f999c93023defdc421eef6510795
probe_p1,sweet_170_skew15_w,8104,k16_np_bind_afterreturn_np_delta100.0_window20,np_bind,"{""after"": ""return"", ""at"": 16, ""np_delta"": 100.0, ""window"": 20}",16,4272.109258780187,4382.595002391901,110.4857436117145,2.58621062615944,13,709.0770070010103,-598.5912633892958,829.0541157876644,396.5969632904028,658.2292775538888,results/sdmpc_rl_machine_b_20260930/probe_p1/sweet_170_skew15_w_s8104/branches/k16_np_bind_afterreturn_np_delta100.0_window20.json,8335bdeb2a26e037eba9c7412a253a411accde4c119fdcdd481bfefac3214107
probe_p1,sweet_170_skew15_w,8104,k16_np_bind_afterreturn_np_delta50.0_window10,np_bind,"{""after"": ""return"", ""at"": 16, ""np_delta"": 50.0, ""window"": 10}",16,4272.109258780187,4232.013150557026,-40.09610822316063,-0.9385553082649681,3,293.6560437050475,-333.75215192820815,1503.4546615591676,592.3259858914774,546.4054552593769,results/sdmpc_rl_machine_b_20260930/probe_p1/sweet_170_skew15_w_s8104/branches/k16_np_bind_afterreturn_np_delta50.0_window10.json,b17ae58b7d29d171c99c7874492caa9c5108b8c5ed04dbc83f852c593939ab08
probe_p1,sweet_170_skew15_w,8104,k16_nuf_bind_afterreturn_nuf_delta500.0_window10,nuf_bind,"{""after"": ""return"", ""at"": 16, ""nuf_delta"": 500.0, ""window"": 10}",16,4272.109258780187,5813.831248827695,1541.7219900475084,36.08807492174757,2,573.4415311041557,968.2804589433522,2223.7954561246197,1026.6110874686278,718.6692200168242,results/sdmpc_rl_machine_b_20260930/probe_p1/sweet_170_skew15_w_s8104/branches/k16_nuf_bind_afterreturn_nuf_delta500.0_window10.json,f99f2c9dde02dbd8d64c1255862df7c27f625af1b9ec1b91d8f5e2f410bc3f70
probe_p1,sweet_170_skew15_w,8104,k16_tiny_nuf_down_afterhold_nuf_shift-2.0_window1,tiny_nuf_down,"{""after"": ""hold"", ""at"": 16, ""nuf_shift"": -2.0, ""window"": 1}",16,4272.109258780187,4364.000330659716,91.89107187952959,2.150953225053219,0,-93.91152074215915,185.8025926216883,1784.6512675702772,807.2875535821942,172.68559557366007,results/sdmpc_rl_machine_b_20260930/probe_p1/sweet_170_skew15_w_s8104/branches/k16_tiny_nuf_down_afterhold_nuf_shift-2.0_window1.json,a154de24c0441fd33537982fa2dc9a1452cc55b900bebe50a2450cbd47799594
probe_p1,sweet_170_w,8102,k01_np_relax_early_afterhold_np_shift5.0_window14,np_relax_early,"{""after"": ""hold"", ""at"": 1, ""np_shift"": 5.0, ""window"": 14}",1,4208.493969702977,4222.954902887468,14.460933184491296,0.3436130190181051,1,-64.23888319664684,78.69981638113813,1249.537475945892,486.0391934876059,375.7991790058047,results/sdmpc_rl_machine_b_20260930/probe_p1/sweet_170_w_s8102/branches/k01_np_relax_early_afterhold_np_shift5.0_window14.json,cabb2b508bd160b27ad09e9b3c525a1cba54c7c99d4d0cd47f560bad39d97efe
probe_p1,sweet_170_w,8102,k01_np_tight_early_afterhold_np_shift-5.0_window14,np_tight_early,"{""after"": ""hold"", ""at"": 1, ""np_shift"": -5.0, ""window"": 14}",1,4208.493969702977,4580.743587785526,372.2496180825492,8.845197848978302,9,-383.0132405447566,755.2628586273065,2081.4799465253836,1070.1411847773752,80.24897765501525,results/sdmpc_rl_machine_b_20260930/probe_p1/sweet_170_w_s8102/branches/k01_np_tight_early_afterhold_np_shift-5.0_window14.json,db0a3088815bb898424f45626a3abc9d52b0fe140a3c9d35843c13282255225b
probe_p1,sweet_170_w,8102,k16_np_bind_afterreturn_np_delta100.0_window20,np_bind,"{""after"": ""return"", ""at"": 16, ""np_delta"": 100.0, ""window"": 20}",16,4208.493969702977,3961.5626849454743,-246.93128475750245,-5.867450126700078,7,-46.03543942374654,-200.8958453337557,877.9149731352547,306.7944789791519,546.8476537892245,results/sdmpc_rl_machine_b_20260930/probe_p1/sweet_170_w_s8102/branches/k16_np_bind_afterreturn_np_delta100.0_window20.json,db62b659ddb3a9024837f7d34645948f8aad65158648dc0e5c811ea802405388
probe_p1,sweet_170_w,8102,k16_np_bind_afterreturn_np_delta50.0_window10,np_bind,"{""after"": ""return"", ""at"": 16, ""np_delta"": 50.0, ""window"": 10}",16,4208.493969702977,3946.198576664681,-262.29539303829597,-6.232523912985623,3,-162.30791707298886,-99.98747596530688,1082.513124000717,376.6927028678433,362.00115208276094,results/sdmpc_rl_machine_b_20260930/probe_p1/sweet_170_w_s8102/branches/k16_np_bind_afterreturn_np_delta50.0_window10.json,4bbcb90e4a6057ce96a3f4cd1de833f030b1d027545e8b48e47c62abf1e4cb31
probe_p1,sweet_170_w,8102,k16_nuf_bind_afterreturn_nuf_delta500.0_window10,nuf_bind,"{""after"": ""return"", ""at"": 16, ""nuf_delta"": 500.0, ""window"": 10}",16,4208.493969702977,6168.597493077584,1960.103523374607,46.574939574237895,2,81.68911401049263,1878.4144093641146,2678.359927241086,1208.9956783230114,718.6235836066533,results/sdmpc_rl_machine_b_20260930/probe_p1/sweet_170_w_s8102/branches/k16_nuf_bind_afterreturn_nuf_delta500.0_window10.json,ad9d96becc1167df77a3996cdc6ce9087336cb8158da1b03e0090a0b1b17435d
probe_p1,sweet_170_w,8102,k16_tiny_nuf_down_afterhold_nuf_shift-2.0_window1,tiny_nuf_down,"{""after"": ""hold"", ""at"": 16, ""nuf_shift"": -2.0, ""window"": 1}",16,4208.493969702977,4208.493969702977,0.0,0.0,1,0.0,0.0,1107.9923773649955,430.8360800635007,635.3822914037776,results/sdmpc_rl_machine_b_20260930/probe_p1/sweet_170_w_s8102/branches/k16_tiny_nuf_down_afterhold_nuf_shift-2.0_window1.json,565de3d7246c8dadbf07cfb457373795ff4ec547e5bb77921ca9128b972560a9
probe_p1,sweet_190_w,8105,k01_np_relax_early_afterhold_np_shift5.0_window14,np_relax_early,"{""after"": ""hold"", ""at"": 1, ""np_shift"": 5.0, ""window"": 14}",1,6734.310993666229,6707.2751941436445,-27.035799522584057,-0.40146348376265717,1,-272.39202614544047,245.3562266228564,2812.0616412205777,1240.4215796546737,720.0,results/sdmpc_rl_machine_b_20260930/probe_p1/sweet_190_w_s8105/branches/k01_np_relax_early_afterhold_np_shift5.0_window14.json,fa5586c85e6b0d9b31034b4ff396f477595f401b27598bcfa66847df7f0bc8fc
probe_p1,sweet_190_w,8105,k01_np_tight_early_afterhold_np_shift-5.0_window14,np_tight_early,"{""after"": ""hold"", ""at"": 1, ""np_shift"": -5.0, ""window"": 14}",1,6734.310993666229,6834.925160465587,100.61416679935883,1.494052871837798,8,-354.4329842523716,455.0471510517309,2908.184088606988,1267.0533454656381,720.0,results/sdmpc_rl_machine_b_20260930/probe_p1/sweet_190_w_s8105/branches/k01_np_tight_early_afterhold_np_shift-5.0_window14.json,84b7751e3f53d37956c5f398c2ed4f12adf2fe0937e9a969623e0293f2cfd095
probe_p1,sweet_190_w,8105,k16_np_bind_afterreturn_np_delta100.0_window20,np_bind,"{""after"": ""return"", ""at"": 16, ""np_delta"": 100.0, ""window"": 20}",16,6734.310993666229,6715.554707330162,-18.756286336066296,-0.2785182679223904,8,-164.29205723429504,145.5357708982283,2944.5435212243306,1275.8936755098416,720.0,results/sdmpc_rl_machine_b_20260930/probe_p1/sweet_190_w_s8105/branches/k16_np_bind_afterreturn_np_delta100.0_window20.json,23e95cf37118ba7af4623539c6b2cd1fd8e845a48dcd5c6fc28da7892b8f2915
probe_p1,sweet_190_w,8105,k16_np_bind_afterreturn_np_delta50.0_window10,np_bind,"{""after"": ""return"", ""at"": 16, ""np_delta"": 50.0, ""window"": 10}",16,6734.310993666229,6838.094786810525,103.7837931442964,1.5411196964605198,2,-369.0444912384246,472.828284382721,2978.5384988383744,1296.8299907468622,720.0,results/sdmpc_rl_machine_b_20260930/probe_p1/sweet_190_w_s8105/branches/k16_np_bind_afterreturn_np_delta50.0_window10.json,a901aa7330b3a6079b51d76c7011b9a9ece833dd9d944c1106908d9ce9eb9a46
probe_p1,sweet_190_w,8105,k16_nuf_bind_afterreturn_nuf_delta500.0_window10,nuf_bind,"{""after"": ""return"", ""at"": 16, ""nuf_delta"": 500.0, ""window"": 10}",16,6734.310993666229,8266.991195595234,1532.6802019290053,22.75927267645533,3,-385.39895241901786,1918.0791543480223,3859.929472593321,1567.0477674670476,719.8018183414282,results/sdmpc_rl_machine_b_20260930/probe_p1/sweet_190_w_s8105/branches/k16_nuf_bind_afterreturn_nuf_delta500.0_window10.json,b4dc2e58957c2aa35e5f9398796336747619a1c6bb4026418d0a38475f31339c
probe_p1,sweet_190_w,8105,k16_tiny_nuf_down_afterhold_nuf_shift-2.0_window1,tiny_nuf_down,"{""after"": ""hold"", ""at"": 16, ""nuf_shift"": -2.0, ""window"": 1}",16,6734.310993666229,6404.562489665921,-329.74850400030755,-4.896544046012183,1,-674.9791573840566,345.23065338374863,2747.467444783293,1193.199852721043,522.406573590398,results/sdmpc_rl_machine_b_20260930/probe_p1/sweet_190_w_s8105/branches/k16_tiny_nuf_down_afterhold_nuf_shift-2.0_window1.json,30d284db7dd12a64b1aaa55975d078bd3f3b28de24b95d893fbf47965cd2e9c9
probe_p2,sweet_170_w,8202,k01_np_margin_afterhold_np_margin30.0_window20,np_margin,"{""after"": ""hold"", ""at"": 1, ""np_margin"": 30.0, ""window"": 20}",1,4523.546678550974,4342.636001708409,-180.9106768425654,-3.9993104901598238,0,122.68535477801242,-303.5960316205774,1457.2133272967153,686.3485116612035,319.2145729954159,results/sdmpc_rl_machine_b_20260930/probe_p2/sweet_170_w_s8202/branches/k01_np_margin_afterhold_np_margin30.0_window20.json,59cf13a29552476205749bb7d673274cca1bc82e13eebaffe6b5d7c72abb9b9c
probe_p2,sweet_170_w,8202,k01_np_relax_afterhold_np_shift10.0_window14,np_relax,"{""after"": ""hold"", ""at"": 1, ""np_shift"": 10.0, ""window"": 14}",1,4523.546678550974,4364.259728567617,-159.28694998335777,-3.5212845429149433,0,153.95963458702863,-313.2465845703855,1551.4961533658923,640.8769523814353,227.62318876148876,results/sdmpc_rl_machine_b_20260930/probe_p2/sweet_170_w_s8202/branches/k01_np_relax_afterhold_np_shift10.0_window14.json,6ad94c2f9fcfea92fff6e03fb1c07a701b570d9439591b33f4c6a35fb1fbd8c3
probe_p2,sweet_170_w,8202,k01_np_relax_afterhold_np_shift5.0_window14,np_relax,"{""after"": ""hold"", ""at"": 1, ""np_shift"": 5.0, ""window"": 14}",1,4523.546678550974,4443.05734939942,-80.48932915155456,-1.7793411867109918,1,65.39945243099282,-145.88878158254693,1506.2944808680556,690.6635034212411,221.64203489295093,results/sdmpc_rl_machine_b_20260930/probe_p2/sweet_170_w_s8202/branches/k01_np_relax_afterhold_np_shift5.0_window14.json,a07f5524243b634100e9142fb831c7508a3056893d7f0006982918730387529c
probe_p3,sweet_155_w,8401,k14_np_bind_afterreturn_np_delta50.0_window10,np_bind,"{""after"": ""return"", ""at"": 14, ""np_delta"": 50.0, ""window"": 10}",14,2967.3163362510104,3106.0709683966384,138.75463214562797,4.676098414263928,4,-37.77364934039406,176.52828148602202,504.50593106229513,169.85055945192823,168.19611129721258,results/sdmpc_rl_machine_b_20260930/probe_p3/sweet_155_w_s8401/branches/k14_np_bind_afterreturn_np_delta50.0_window10.json,532a5f01b40bfd87b37f59eae393188b939d9900af1b3d61c5c10dee184f0fda
probe_p3,sweet_155_w,8401,k16_np_bind_afterreturn_np_delta30.0_window10,np_bind,"{""after"": ""return"", ""at"": 16, ""np_delta"": 30.0, ""window"": 10}",16,2967.3163362510104,2936.414632433776,-30.901703817234193,-1.0414024092987761,2,-10.790445285080295,-20.111258532153897,256.48578808865994,112.96558595001126,179.2755594845624,results/sdmpc_rl_machine_b_20260930/probe_p3/sweet_155_w_s8401/branches/k16_np_bind_afterreturn_np_delta30.0_window10.json,363b7123b291896067bd6bb957c08b2ba2d0e9e0aed782ee4baf22b77dc7ecaa
probe_p3,sweet_155_w,8401,k16_np_bind_afterreturn_np_delta50.0_window10,np_bind,"{""after"": ""return"", ""at"": 16, ""np_delta"": 50.0, ""window"": 10}",16,2967.3163362510104,3091.2140345072476,123.89769825623716,4.175412534976737,3,-31.355489258678062,155.25318751491523,545.8521251208645,111.37508080038448,167.14855164663211,results/sdmpc_rl_machine_b_20260930/probe_p3/sweet_155_w_s8401/branches/k16_np_bind_afterreturn_np_delta50.0_window10.json,d1eb5ff0139542ff1766016d57934038ce4cdd61b50cb107468174adf4eaff99
probe_p3,sweet_155_w,8401,k16_np_bind_afterreturn_np_delta50.0_window15,np_bind,"{""after"": ""return"", ""at"": 16, ""np_delta"": 50.0, ""window"": 15}",16,2967.3163362510104,3041.2630087943335,73.94667254332307,2.4920387368186483,5,6.9831918748882345,66.96348066843461,364.77185486359946,130.6344832833271,244.37007503862154,results/sdmpc_rl_machine_b_20260930/probe_p3/sweet_155_w_s8401/branches/k16_np_bind_afterreturn_np_delta50.0_window15.json,a9bb92baf5a4fe71f84cbb4c740f53335edcb0a6bc89507be975d2023f242710
probe_p3,sweet_155_w,8401,k18_np_bind_afterreturn_np_delta50.0_window10,np_bind,"{""after"": ""return"", ""at"": 18, ""np_delta"": 50.0, ""window"": 10}",18,2967.3163362510104,2929.6468085108054,-37.66952774020501,-1.2694813586271607,4,-25.717960564189298,-11.951567176015487,279.63808341862926,114.76209943483452,74.39711515179505,results/sdmpc_rl_machine_b_20260930/probe_p3/sweet_155_w_s8401/branches/k18_np_bind_afterreturn_np_delta50.0_window10.json,e2ca1b917da08c161990f86fc34308e6b70b73c450c3a6a4299048dab803a6b6
probe_p3,sweet_170_incident_w,8403,k14_np_bind_afterreturn_np_delta50.0_window10,np_bind,"{""after"": ""return"", ""at"": 14, ""np_delta"": 50.0, ""window"": 10}",14,6082.473114750753,6043.9088925803735,-38.56422217037925,-0.6340220736340983,4,56.574666980799975,-95.138889151179,1321.2637633439472,700.7433836666803,460.4637581769971,results/sdmpc_rl_machine_b_20260930/probe_p3/sweet_170_incident_w_s8403/branches/k14_np_bind_afterreturn_np_delta50.0_window10.json,e5320e2dad60cd66d19c2fa750b219026adc0f908ff09694a0f448af33f97f4e
probe_p3,sweet_170_incident_w,8403,k16_np_bind_afterreturn_np_delta30.0_window10,np_bind,"{""after"": ""return"", ""at"": 16, ""np_delta"": 30.0, ""window"": 10}",16,6082.473114750753,5967.562384799592,-114.91072995116065,-1.8892106513794176,1,-72.15688740438145,-42.7538425467792,1419.3883320155512,604.1410169695923,526.9313162092861,results/sdmpc_rl_machine_b_20260930/probe_p3/sweet_170_incident_w_s8403/branches/k16_np_bind_afterreturn_np_delta30.0_window10.json,b085516705adabd490bdb6950237a976bb290f0537b7a8e28f41e2164beecc3a
probe_p3,sweet_170_incident_w,8403,k16_np_bind_afterreturn_np_delta50.0_window10,np_bind,"{""after"": ""return"", ""at"": 16, ""np_delta"": 50.0, ""window"": 10}",16,6082.473114750753,5872.308316780756,-210.16479796999647,-3.4552523949562675,2,-189.28443678607164,-20.88036118392506,1312.7948399058255,605.3139447622411,547.2387340581731,results/sdmpc_rl_machine_b_20260930/probe_p3/sweet_170_incident_w_s8403/branches/k16_np_bind_afterreturn_np_delta50.0_window10.json,aab7a8e7a1fa0ea9bf41571b3746967c70a8cc45b2b67ccdb25ccb25b5be11bc
probe_p3,sweet_170_incident_w,8403,k16_np_bind_afterreturn_np_delta50.0_window15,np_bind,"{""after"": ""return"", ""at"": 16, ""np_delta"": 50.0, ""window"": 15}",16,6082.473114750753,6073.609249076098,-8.863865674654335,-0.14572798773509346,7,-414.37589226473347,405.5120265900796,1639.652226513841,650.9642745298885,545.8382083186311,results/sdmpc_rl_machine_b_20260930/probe_p3/sweet_170_incident_w_s8403/branches/k16_np_bind_afterreturn_np_delta50.0_window15.json,c387f129757ad1790640ae6fc1d54957d666696593c799366195876c949f16d2
probe_p3,sweet_170_incident_w,8403,k18_np_bind_afterreturn_np_delta50.0_window10,np_bind,"{""after"": ""return"", ""at"": 18, ""np_delta"": 50.0, ""window"": 10}",18,6082.473114750753,6123.757668964156,41.28455421340368,0.6787461848912001,4,136.12811338781785,-94.84355917441417,1318.1517553747628,643.7175786579761,275.95991886727364,results/sdmpc_rl_machine_b_20260930/probe_p3/sweet_170_incident_w_s8403/branches/k18_np_bind_afterreturn_np_delta50.0_window10.json,c614ad874f37206847fdcec7dd97fdc81420e671c8e27541113181b6eb90951f
probe_p3,sweet_170_skew15_w,8404,k14_np_bind_afterreturn_np_delta50.0_window10,np_bind,"{""after"": ""return"", ""at"": 14, ""np_delta"": 50.0, ""window"": 10}",14,4068.8276234593013,4135.11478252834,66.28715906903835,1.6291464078461322,4,103.04676578783028,-36.759606718792384,1296.1396525076716,485.79969076709597,535.389787209375,results/sdmpc_rl_machine_b_20260930/probe_p3/sweet_170_skew15_w_s8404/branches/k14_np_bind_afterreturn_np_delta50.0_window10.json,0d37b245e9a847a458412d7e6565c3d18008f753d178a8be2f7f0777136c2cad
probe_p3,sweet_170_skew15_w,8404,k16_np_bind_afterreturn_np_delta30.0_window10,np_bind,"{""after"": ""return"", ""at"": 16, ""np_delta"": 30.0, ""window"": 10}",16,4068.8276234593013,4026.9789338256587,-41.84868963364261,-1.0285196008884498,2,-37.30772812377063,-4.540961509871977,1286.8111821545851,529.2379221066591,356.35960151343164,results/sdmpc_rl_machine_b_20260930/probe_p3/sweet_170_skew15_w_s8404/branches/k16_np_bind_afterreturn_np_delta30.0_window10.json,62cedb90b53ef2c16f57b13f505e2b51d64ec6f82ee0f2f1c83b47db48885b8d
probe_p3,sweet_170_skew15_w,8404,k16_np_bind_afterreturn_np_delta50.0_window10,np_bind,"{""after"": ""return"", ""at"": 16, ""np_delta"": 50.0, ""window"": 10}",16,4068.8276234593013,4172.720589417793,103.89296595849191,2.553388237916123,3,-12.879345830631792,116.77231178912302,1442.7199762293628,632.8719798501518,355.65352505841366,results/sdmpc_rl_machine_b_20260930/probe_p3/sweet_170_skew15_w_s8404/branches/k16_np_bind_afterreturn_np_delta50.0_window10.json,74d8fc4c3550df017d86ad0713561ab75a88598e69e2145af7d141b70d4e9462
probe_p3,sweet_170_skew15_w,8404,k16_np_bind_afterreturn_np_delta50.0_window15,np_bind,"{""after"": ""return"", ""at"": 16, ""np_delta"": 50.0, ""window"": 15}",16,4068.8276234593013,4305.266947734592,236.43932427529035,5.810993882170672,5,59.318396728708194,177.12092754658192,1464.5313963171309,651.3460178858969,512.3922211586985,results/sdmpc_rl_machine_b_20260930/probe_p3/sweet_170_skew15_w_s8404/branches/k16_np_bind_afterreturn_np_delta50.0_window15.json,0286a9d9f81d72b3c8db32f698f11da094221abf5b1f33e6e6498d61515b8bb9
probe_p3,sweet_170_skew15_w,8404,k18_np_bind_afterreturn_np_delta50.0_window10,np_bind,"{""after"": ""return"", ""at"": 18, ""np_delta"": 50.0, ""window"": 10}",18,4068.8276234593013,4066.476205267583,-2.351418191718494,-0.057791049641943974,3,-71.97350572139021,69.62208752967149,1394.3692392302207,631.77971582127,339.1104023305937,results/sdmpc_rl_machine_b_20260930/probe_p3/sweet_170_skew15_w_s8404/branches/k18_np_bind_afterreturn_np_delta50.0_window10.json,b1876397559e9e2f199b16c02ac60b6bc91c8c28cfb801ceba641a77fd0c8dbc
probe_p3,sweet_170_w,8402,k14_np_bind_afterreturn_np_delta50.0_window10,np_bind,"{""after"": ""return"", ""at"": 14, ""np_delta"": 50.0, ""window"": 10}",14,4503.372076898446,4077.3552381852114,-426.0168387132344,-9.459952041241058,4,-47.19372386610394,-378.82311484713046,1221.6791422028332,430.12109253210104,373.4109582357207,results/sdmpc_rl_machine_b_20260930/probe_p3/sweet_170_w_s8402/branches/k14_np_bind_afterreturn_np_delta50.0_window10.json,e26508a01dcf6fb92d2c71934b533a50a2cbe6629abe721d7762b79ce76e626b
probe_p3,sweet_170_w,8402,k16_np_bind_afterreturn_np_delta30.0_window10,np_bind,"{""after"": ""return"", ""at"": 16, ""np_delta"": 30.0, ""window"": 10}",16,4503.372076898446,4541.384620258945,38.01254336049897,0.8440906660921275,1,-48.654571813072835,86.66711517357135,1558.850273222535,622.0930534582977,486.21765208661543,results/sdmpc_rl_machine_b_20260930/probe_p3/sweet_170_w_s8402/branches/k16_np_bind_afterreturn_np_delta30.0_window10.json,6839a163118210719b024c1432769ae9ad4f1aefcf6871c66ef8d2565c2b3b33
probe_p3,sweet_170_w,8402,k16_np_bind_afterreturn_np_delta50.0_window10,np_bind,"{""after"": ""return"", ""at"": 16, ""np_delta"": 50.0, ""window"": 10}",16,4503.372076898446,4072.9434306624426,-430.42864623600326,-9.557918796983955,4,-48.171803454192286,-382.25684278181075,1210.6833600825516,415.35513006029623,368.06730309704994,results/sdmpc_rl_machine_b_20260930/probe_p3/sweet_170_w_s8402/branches/k16_np_bind_afterreturn_np_delta50.0_window10.json,7b0bc7354f758c79448f52a78c36c10c4d4bf699bf279acb620d1be99fbbe2bd
probe_p3,sweet_170_w,8402,k16_np_bind_afterreturn_np_delta50.0_window15,np_bind,"{""after"": ""return"", ""at"": 16, ""np_delta"": 50.0, ""window"": 15}",16,4503.372076898446,4087.667932424467,-415.7041444739789,-9.230952658930237,8,25.76397764206422,-441.4681221160429,1151.1280552896994,403.0039768796398,412.8699617643349,results/sdmpc_rl_machine_b_20260930/probe_p3/sweet_170_w_s8402/branches/k16_np_bind_afterreturn_np_delta50.0_window15.json,27053b77ad350be5e04415e470c622f352ffc3eab351fc864d853a608fb76f25
probe_p3,sweet_170_w,8402,k18_np_bind_afterreturn_np_delta50.0_window10,np_bind,"{""after"": ""return"", ""at"": 18, ""np_delta"": 50.0, ""window"": 10}",18,4503.372076898446,4185.4781362338435,-317.89394066460227,-7.059020112847118,4,-44.783702337071645,-273.1102383275304,1318.335151864523,639.0646954929397,374.43417859757466,results/sdmpc_rl_machine_b_20260930/probe_p3/sweet_170_w_s8402/branches/k18_np_bind_afterreturn_np_delta50.0_window10.json,2c88c6a34cb706ed311fbf20fa8c182bf452bb9808b96458a086b31535636382
probe_p3,sweet_190_w,8405,k14_np_bind_afterreturn_np_delta50.0_window10,np_bind,"{""after"": ""return"", ""at"": 14, ""np_delta"": 50.0, ""window"": 10}",14,6815.532560286012,6742.834169224076,-72.69839106193649,-1.0666575270368266,3,397.4692426233919,-470.1676336853284,2789.723415342018,1231.173776403607,720.0,results/sdmpc_rl_machine_b_20260930/probe_p3/sweet_190_w_s8405/branches/k14_np_bind_afterreturn_np_delta50.0_window10.json,27ac2f739d7efc92dfa149c00b700e17a842c437c04590c6ffb9abceadeb1c93
probe_p3,sweet_190_w,8405,k16_np_bind_afterreturn_np_delta30.0_window10,np_bind,"{""after"": ""return"", ""at"": 16, ""np_delta"": 30.0, ""window"": 10}",16,6815.532560286012,6740.793397126639,-74.73916315937277,-1.0966004857034437,1,255.89667279801915,-330.6358359573924,3015.1753316426466,1353.2952909102987,689.0821643021093,results/sdmpc_rl_machine_b_20260930/probe_p3/sweet_190_w_s8405/branches/k16_np_bind_afterreturn_np_delta30.0_window10.json,bfca8bdeff58b4f8b8d08c041aec2890e9d7d58413622bb99c55db3501506548
probe_p3,sweet_190_w,8405,k16_np_bind_afterreturn_np_delta50.0_window10,np_bind,"{""after"": ""return"", ""at"": 16, ""np_delta"": 50.0, ""window"": 10}",16,6815.532560286012,6688.181585558697,-127.35097472731468,-1.8685403319674028,2,287.56862567658845,-414.9196004039027,2978.0035764377803,1321.3818139910468,719.6466855916785,results/sdmpc_rl_machine_b_20260930/probe_p3/sweet_190_w_s8405/branches/k16_np_bind_afterreturn_np_delta50.0_window10.json,9dc6cb04b41faa2f6095b9d4169e6c327afe908a4d3c982a4fc404a6ca6f92dd
probe_p3,sweet_190_w,8405,k16_np_bind_afterreturn_np_delta50.0_window15,np_bind,"{""after"": ""return"", ""at"": 16, ""np_delta"": 50.0, ""window"": 15}",16,6815.532560286012,6657.038435719209,-158.4941245668033,-2.3254840786814777,7,451.2279679886492,-609.722092555453,2920.2036507440766,1332.1588810515946,720.0,results/sdmpc_rl_machine_b_20260930/probe_p3/sweet_190_w_s8405/branches/k16_np_bind_afterreturn_np_delta50.0_window15.json,069636c3691a1498c9dce6610c1dca2d044acf8eb0f603b00b77203c39d1d868
probe_p3,sweet_190_w,8405,k18_np_bind_afterreturn_np_delta50.0_window10,np_bind,"{""after"": ""return"", ""at"": 18, ""np_delta"": 50.0, ""window"": 10}",18,6815.532560286012,6544.3542817735615,-271.17827851245056,-3.978827422710906,3,110.39222524354136,-381.57050375599147,3002.9518879983834,1341.7821751296842,544.0334394161341,results/sdmpc_rl_machine_b_20260930/probe_p3/sweet_190_w_s8405/branches/k18_np_bind_afterreturn_np_delta50.0_window10.json,8af14a6a9ac58958f9836516ae4677465916f71f43db2f3e6afc6e04a8149f1b
probe_p4,sweet_155_w,8501,k01_np_feedback_delta50.0_margin30.0_uq_off100.0_uq_on150.0,np_feedback,"{""at"": 1, ""delta"": 50.0, ""margin"": 30.0, ""uq_off"": 100.0, ""uq_on"": 150.0}",1,3008.4268487153213,3088.065237645245,79.63838892992362,2.6471771771326713,11,29.000864023958002,50.63752490596585,382.19756132596865,148.9996120894634,213.94007964313428,results/sdmpc_rl_machine_b_20260930/probe_p4/sweet_155_w_s8501/branches/k01_np_feedback_delta50.0_margin30.0_uq_off100.0_uq_on150.0.json,0f42b0f2c7efae6330f6c36b04ca843ae73e8a2d76fa808dfd2e277b9cbb85a0
probe_p4,sweet_155_w,8501,k01_np_feedback_delta50.0_margin30.0_uq_off150.0_uq_on300.0,np_feedback,"{""at"": 1, ""delta"": 50.0, ""margin"": 30.0, ""uq_off"": 150.0, ""uq_on"": 300.0}",1,3008.4268487153213,3180.6182735568127,172.19142484149143,5.723636754372864,7,-59.60421981892614,231.79564466041802,672.9579032571797,213.71756340424014,106.21525604579398,results/sdmpc_rl_machine_b_20260930/probe_p4/sweet_155_w_s8501/branches/k01_np_feedback_delta50.0_margin30.0_uq_off150.0_uq_on300.0.json,cf1f984f979ad4472aeef0ddfc48b6f497a6c819ea81a778e99a47d4851569c8
probe_p4,sweet_155_w,8501,k14_np_feedback_delta50.0_margin30.0_uq_off150.0_uq_on300.0,np_feedback,"{""at"": 14, ""delta"": 50.0, ""margin"": 30.0, ""uq_off"": 150.0, ""uq_on"": 300.0}",14,3008.4268487153213,3144.034180140592,135.6073314252708,4.50758280804397,7,-44.162072570266446,179.76940399553723,583.118237701346,266.17254999257494,120.33360958862762,results/sdmpc_rl_machine_b_20260930/probe_p4/sweet_155_w_s8501/branches/k14_np_feedback_delta50.0_margin30.0_uq_off150.0_uq_on300.0.json,c3915ff19782a9c2c23f067dde1f6c0ab0236290f481b916113ede2e6446fa47
probe_p4,sweet_155_w,8501,k16_np_bind_afterreturn_np_delta50.0_window10,np_bind,"{""after"": ""return"", ""at"": 16, ""np_delta"": 50.0, ""window"": 10}",16,3008.4268487153213,3098.387284910743,89.96043619542161,2.990281656136566,3,45.83195217277057,44.128484022651264,436.88602452390825,105.51722829006215,191.70039815851968,results/sdmpc_rl_machine_b_20260930/probe_p4/sweet_155_w_s8501/branches/k16_np_bind_afterreturn_np_delta50.0_window10.json,8d188c4111791aeb596cf04533b155d6daf5d5fd6c944301c453373efddb37f5
probe_p4,sweet_170_incident_w,8503,k01_np_feedback_delta50.0_margin30.0_uq_off100.0_uq_on150.0,np_feedback,"{""at"": 1, ""delta"": 50.0, ""margin"": 30.0, ""uq_off"": 100.0, ""uq_on"": 150.0}",1,5798.393421180555,5942.153488528945,143.76006734838938,2.4793086102653548,20,87.88959606422031,55.8704712841693,1375.252433595882,763.3457961594324,570.7965437431424,results/sdmpc_rl_machine_b_20260930/probe_p4/sweet_170_incident_w_s8503/branches/k01_np_feedback_delta50.0_margin30.0_uq_off100.0_uq_on150.0.json,6823fdc7127902c1be87eca6dd7cc8b660abc423da5543474c777975051e2ea6
probe_p4,sweet_170_incident_w,8503,k01_np_feedback_delta50.0_margin30.0_uq_off150.0_uq_on300.0,np_feedback,"{""at"": 1, ""delta"": 50.0, ""margin"": 30.0, ""uq_off"": 150.0, ""uq_on"": 300.0}",1,5798.393421180555,5978.076433886112,179.6830127055564,3.0988413454182773,18,111.63097235046371,68.05204035509291,1308.5622568882816,724.1097829088808,309.0792413526836,results/sdmpc_rl_machine_b_20260930/probe_p4/sweet_170_incident_w_s8503/branches/k01_np_feedback_delta50.0_margin30.0_uq_off150.0_uq_on300.0.json,2b092fa4983fbcde7538324ffc8f15bbea6371c642e4270c48ba8178aba5bd39
probe_p4,sweet_170_incident_w,8503,k14_np_feedback_delta50.0_margin30.0_uq_off150.0_uq_on300.0,np_feedback,"{""at"": 14, ""delta"": 50.0, ""margin"": 30.0, ""uq_off"": 150.0, ""uq_on"": 300.0}",14,5798.393421180555,5894.84895895515,96.45553777459463,1.663487293260557,17,92.72759647593375,3.7279412986608804,1300.267324447632,708.6427518736336,507.91347891318924,results/sdmpc_rl_machine_b_20260930/probe_p4/sweet_170_incident_w_s8503/branches/k14_np_feedback_delta50.0_margin30.0_uq_off150.0_uq_on300.0.json,023cd1fdb5639f5f6de0a0f68b9513ee98d238b218e99f7444cdde75385b9ac1
probe_p4,sweet_170_incident_w,8503,k16_np_bind_afterreturn_np_delta50.0_window10,np_bind,"{""after"": ""return"", ""at"": 16, ""np_delta"": 50.0, ""window"": 10}",16,5798.393421180555,5765.799880193945,-32.593540986610606,-0.5621133065506022,2,-230.03694382708,197.44340284046984,1491.5291214401059,704.8716453581633,545.477589967739,results/sdmpc_rl_machine_b_20260930/probe_p4/sweet_170_incident_w_s8503/branches/k16_np_bind_afterreturn_np_delta50.0_window10.json,9536073f2bc4c3ddb0748b29cb6b52d817b72d14a3f235e922148095baacc83d
probe_p4,sweet_170_skew15_w,8504,k01_np_feedback_delta50.0_margin30.0_uq_off100.0_uq_on150.0,np_feedback,"{""at"": 1, ""delta"": 50.0, ""margin"": 30.0, ""uq_off"": 100.0, ""uq_on"": 150.0}",1,4269.974054906601,4638.253134076696,368.27907917009543,8.624855196647113,44,243.3108484259651,124.96823074412941,1404.2601331626588,879.1664855354737,356.6143143431774,results/sdmpc_rl_machine_b_20260930/probe_p4/sweet_170_skew15_w_s8504/branches/k01_np_feedback_delta50.0_margin30.0_uq_off100.0_uq_on150.0.json,5ecfeb8d04d83ebe9c41bbdf22e33046bb936a18fb012c92c43c81c54947489d
probe_p4,sweet_170_skew15_w,8504,k01_np_feedback_delta50.0_margin30.0_uq_off150.0_uq_on300.0,np_feedback,"{""at"": 1, ""delta"": 50.0, ""margin"": 30.0, ""uq_off"": 150.0, ""uq_on"": 300.0}",1,4269.974054906601,4265.014373849737,-4.959681056863701,-0.11615248694929568,12,189.4148411567944,-194.37452221365857,1591.0283825795793,928.6412911373512,307.37508862466274,results/sdmpc_rl_machine_b_20260930/probe_p4/sweet_170_skew15_w_s8504/branches/k01_np_feedback_delta50.0_margin30.0_uq_off150.0_uq_on300.0.json,9586911da3a086af4c65c3745a846d66ca13b39e733e28a18bc6d7b5cb6044fd
probe_p4,sweet_170_skew15_w,8504,k14_np_feedback_delta50.0_margin30.0_uq_off150.0_uq_on300.0,np_feedback,"{""at"": 14, ""delta"": 50.0, ""margin"": 30.0, ""uq_off"": 150.0, ""uq_on"": 300.0}",14,4269.974054906601,5299.667086910282,1029.6930320036809,24.114737437818082,27,684.7064918751307,344.9865401285497,1790.958505306098,781.2355503154748,720.0,results/sdmpc_rl_machine_b_20260930/probe_p4/sweet_170_skew15_w_s8504/branches/k14_np_feedback_delta50.0_margin30.0_uq_off150.0_uq_on300.0.json,7ed0f2036bd6b79c3b68ffa8a0c5336a2dbbddde32db8e6430d08a3b75796bba
probe_p4,sweet_170_skew15_w,8504,k16_np_bind_afterreturn_np_delta50.0_window10,np_bind,"{""after"": ""return"", ""at"": 16, ""np_delta"": 50.0, ""window"": 10}",16,4269.974054906601,4134.407115677893,-135.56693922870818,-3.1748890622164097,3,342.84431575462395,-478.41125498333236,1451.3782150562495,547.420031510514,407.64286327332667,results/sdmpc_rl_machine_b_20260930/probe_p4/sweet_170_skew15_w_s8504/branches/k16_np_bind_afterreturn_np_delta50.0_window10.json,2a1618b9747f0874aeea709cfa0e5c085cb164fac98761dcb966eb6ee391aded
probe_p4,sweet_170_w,8502,k01_np_feedback_delta50.0_margin30.0_uq_off100.0_uq_on150.0,np_feedback,"{""at"": 1, ""delta"": 50.0, ""margin"": 30.0, ""uq_off"": 100.0, ""uq_on"": 150.0}",1,4300.193461954603,4186.902919205108,-113.2905427494943,-2.634545253645389,15,341.2866682662893,-454.57721101578295,1027.8645004101943,527.796147193809,586.3429750492094,results/sdmpc_rl_machine_b_20260930/probe_p4/sweet_170_w_s8502/branches/k01_np_feedback_delta50.0_margin30.0_uq_off100.0_uq_on150.0.json,addb655da6052d49457fac29fba85326dbdeba98ba0ee8de7e1c046814d35370
probe_p4,sweet_170_w,8502,k01_np_feedback_delta50.0_margin30.0_uq_off150.0_uq_on300.0,np_feedback,"{""at"": 1, ""delta"": 50.0, ""margin"": 30.0, ""uq_off"": 150.0, ""uq_on"": 300.0}",1,4300.193461954603,4031.1056281277642,-269.0878338268385,-6.257575065111786,10,-13.896378292994541,-255.19145553384328,1121.9022743280561,610.0673619879736,418.7028529644621,results/sdmpc_rl_machine_b_20260930/probe_p4/sweet_170_w_s8502/branches/k01_np_feedback_delta50.0_margin30.0_uq_off150.0_uq_on300.0.json,ae20520a62bd4b42f9ddd37c3b96a45ab59c5223d99312e41531cc8a5bae0eda
probe_p4,sweet_170_w,8502,k14_np_feedback_delta50.0_margin30.0_uq_off150.0_uq_on300.0,np_feedback,"{""at"": 14, ""delta"": 50.0, ""margin"": 30.0, ""uq_off"": 150.0, ""uq_on"": 300.0}",14,4300.193461954603,4233.303746582648,-66.88971537195448,-1.5555047921390621,14,153.45052380228253,-220.34023917423633,1113.8207286122163,567.5586299858685,547.4681425278142,results/sdmpc_rl_machine_b_20260930/probe_p4/sweet_170_w_s8502/branches/k14_np_feedback_delta50.0_margin30.0_uq_off150.0_uq_on300.0.json,d3e4cb050ecac21bb0cf1d2b3a025f37651259e3f0a3e1a2907dcf2298b97505
probe_p4,sweet_170_w,8502,k16_np_bind_afterreturn_np_delta50.0_window10,np_bind,"{""after"": ""return"", ""at"": 16, ""np_delta"": 50.0, ""window"": 10}",16,4300.193461954603,4136.371155754508,-163.82230620009432,-3.809649673892365,3,36.16782379103233,-199.99012999112597,1425.3057039947037,629.8313841543869,369.46393071914946,results/sdmpc_rl_machine_b_20260930/probe_p4/sweet_170_w_s8502/branches/k16_np_bind_afterreturn_np_delta50.0_window10.json,d118f41e56d365b1079227466ab8155c22a9b9367686ed92f68d883fc1e16c03
probe_p4,sweet_190_w,8505,k01_np_feedback_delta50.0_margin30.0_uq_off100.0_uq_on150.0,np_feedback,"{""at"": 1, ""delta"": 50.0, ""margin"": 30.0, ""uq_off"": 100.0, ""uq_on"": 150.0}",1,6444.228780253492,10002.030322915198,3557.8015426617058,55.209112897474675,28,1182.642649504413,2375.1588931572937,3682.7668462006955,1474.4613609081164,720.0,results/sdmpc_rl_machine_b_20260930/probe_p4/sweet_190_w_s8505/branches/k01_np_feedback_delta50.0_margin30.0_uq_off100.0_uq_on150.0.json,639a92fc5a64ee72c2c40670f9d54c4196444e7d155d988067da6d6f8ec42b14
probe_p4,sweet_190_w,8505,k01_np_feedback_delta50.0_margin30.0_uq_off150.0_uq_on300.0,np_feedback,"{""at"": 1, ""delta"": 50.0, ""margin"": 30.0, ""uq_off"": 150.0, ""uq_on"": 300.0}",1,6444.228780253492,10981.336692029598,4537.1079117761055,70.4057547689614,25,1237.535197736027,3299.572714040078,4217.844482194771,1992.3981270237678,720.0,results/sdmpc_rl_machine_b_20260930/probe_p4/sweet_190_w_s8505/branches/k01_np_feedback_delta50.0_margin30.0_uq_off150.0_uq_on300.0.json,ef98c1362eee2b5f0d413d5f53f28e3041343e6e127cbb9f12076938b082844a
probe_p4,sweet_190_w,8505,k14_np_feedback_delta50.0_margin30.0_uq_off150.0_uq_on300.0,np_feedback,"{""at"": 14, ""delta"": 50.0, ""margin"": 30.0, ""uq_off"": 150.0, ""uq_on"": 300.0}",14,6444.228780253492,7556.087957736865,1111.859177483373,17.253564629647375,40,1205.614836687636,-93.75565920426243,2396.494463692196,1266.5805989666587,720.0,results/sdmpc_rl_machine_b_20260930/probe_p4/sweet_190_w_s8505/branches/k14_np_feedback_delta50.0_margin30.0_uq_off150.0_uq_on300.0.json,adf85105a7ac5ebe32a71bf9d618de99113e8d1e875980a8bffc945da1b05ea0
probe_p4,sweet_190_w,8505,k16_np_bind_afterreturn_np_delta50.0_window10,np_bind,"{""after"": ""return"", ""at"": 16, ""np_delta"": 50.0, ""window"": 10}",16,6444.228780253492,6337.238271848407,-106.99050840508517,-1.6602531048079356,1,209.48689685384625,-316.4774052589314,2804.520677053842,1272.7043592920575,701.3569122942249,results/sdmpc_rl_machine_b_20260930/probe_p4/sweet_190_w_s8505/branches/k16_np_bind_afterreturn_np_delta50.0_window10.json,1eb663160a005b118fe530a71fe891f741a75cc36d4388aebde0c8843a6ae5f5
probe_p4,sweet_190_w,8605,k01_np_feedback_delta50.0_margin30.0_uq_off100.0_uq_on150.0,np_feedback,"{""at"": 1, ""delta"": 50.0, ""margin"": 30.0, ""uq_off"": 100.0, ""uq_on"": 150.0}",1,7171.00646533273,7073.766276076647,-97.24018925608289,-1.3560187084780575,37,641.7848570294673,-739.0250462855506,2629.4487052892077,1289.2779350823096,720.0,results/sdmpc_rl_machine_b_20260930/probe_p4/sweet_190_w_s8605/branches/k01_np_feedback_delta50.0_margin30.0_uq_off100.0_uq_on150.0.json,224469f0914ce82436492cc055c9f79a8aa73c04a0d3155310cf35801cdc6f81
probe_p4,sweet_190_w,8605,k01_np_feedback_delta50.0_margin30.0_uq_off150.0_uq_on300.0,np_feedback,"{""at"": 1, ""delta"": 50.0, ""margin"": 30.0, ""uq_off"": 150.0, ""uq_on"": 300.0}",1,7171.00646533273,6964.25858184581,-206.74788348691982,-2.883108312430267,27,965.5338681808503,-1172.2817516677705,2440.902505815953,1255.644876869575,720.0,results/sdmpc_rl_machine_b_20260930/probe_p4/sweet_190_w_s8605/branches/k01_np_feedback_delta50.0_margin30.0_uq_off150.0_uq_on300.0.json,4f8cd2bb523dde9120131128accaae2d4a3771051d9db96cad5e6b60032e7ecb
probe_p4,sweet_190_w,8605,k14_np_feedback_delta50.0_margin30.0_uq_off150.0_uq_on300.0,np_feedback,"{""at"": 14, ""delta"": 50.0, ""margin"": 30.0, ""uq_off"": 150.0, ""uq_on"": 300.0}",14,7171.00646533273,8705.294144323965,1534.2876789912352,21.395709045983203,32,1017.9374341496969,516.3502448415375,3686.174237813633,1936.3711245651352,720.0,results/sdmpc_rl_machine_b_20260930/probe_p4/sweet_190_w_s8605/branches/k14_np_feedback_delta50.0_margin30.0_uq_off150.0_uq_on300.0.json,379932629641e6d5e9a5fadb416ddbd034ae37cbac4d07fc9ed25a3e6f058934
probe_p4,sweet_190_w,8605,k16_np_bind_afterreturn_np_delta50.0_window10,np_bind,"{""after"": ""return"", ""at"": 16, ""np_delta"": 50.0, ""window"": 10}",16,7171.00646533273,6429.543523035456,-741.4629422972739,-10.33973328404844,2,30.206702656114885,-771.6696449533893,2913.3252366682423,1321.2238457880435,477.7252362991025,results/sdmpc_rl_machine_b_20260930/probe_p4/sweet_190_w_s8605/branches/k16_np_bind_afterreturn_np_delta50.0_window10.json,7e8c8f574b530619b487fcc2e26e57dc692922fa00e09bd2b35923526f2a16dd
probe_p5,sweet_155_w,8501,k01_actor_c0_null,actor,"{""at"": 1, ""spec_path"": ""work/sdmpc_rl_perimeter_b_20261001/specs/c0_null.json"", ""spec_sha256"": ""8299b36bd526291fdd2b206fbbae703ff98e8cb04af0d302c5ffc966c48d3aad"", ""tag"": ""c0_null""}",1,3008.4268487153213,3008.4268487153213,0.0,0.0,3,0.0,0.0,342.1531923968971,81.06567299706936,15.944844914305683,results/sdmpc_rl_machine_b_20260930/probe_p5/sweet_155_w_s8501/branches/k01_actor_c0_null.json,038d1a9b3cc672762a45f6eb13ec319708961662678c05cc8bfc1293f32700de
probe_p5,sweet_155_w,8501,k01_actor_c1_bind50_w16_25_relax30,actor,"{""at"": 1, ""spec_path"": ""work/sdmpc_rl_perimeter_b_20261001/specs/c1_bind50_w16_25_relax30.json"", ""spec_sha256"": ""5c3a0fc358a06aa83e4f76c70e1a05d2b98a52953430a89059063a83f7f2db7d"", ""tag"": ""c1_bind50_w16_25_relax30""}",1,3008.4268487153213,3188.6724327550837,180.24558403976243,5.99135671577762,4,86.21591631889896,94.02966772086393,503.6116797936347,105.1015569017591,329.7594436567266,results/sdmpc_rl_machine_b_20260930/probe_p5/sweet_155_w_s8501/branches/k01_actor_c1_bind50_w16_25_relax30.json,45ceac4981f651521f20a80921abdad2e7f0e8701023c7f6e3e4bd00a4cdcc7d
probe_p5,sweet_155_w,8501,k01_actor_c2_bind30_w16_25_relax30,actor,"{""at"": 1, ""spec_path"": ""work/sdmpc_rl_perimeter_b_20261001/specs/c2_bind30_w16_25_relax30.json"", ""spec_sha256"": ""aba5d908abd4a03f9872a75ea389af8dae8c0596e558f96b7da32ec29237f3ce"", ""tag"": ""c2_bind30_w16_25_relax30""}",1,3008.4268487153213,3131.250291087641,122.82344237231973,4.082646796772494,4,26.69163462372103,96.13180774859893,597.3796851503639,243.1815103902976,140.52774549459087,results/sdmpc_rl_machine_b_20260930/probe_p5/sweet_155_w_s8501/branches/k01_actor_c2_bind30_w16_25_relax30.json,0de2a7e63c91529804032ddda5891f2a6e7833d3c70e114171bf127dba460a1f
probe_p5,sweet_155_w,8501,k01_actor_c3_np400_300_d50_relax30,actor,"{""at"": 1, ""spec_path"": ""work/sdmpc_rl_perimeter_b_20261001/specs/c3_np400_300_d50_relax30.json"", ""spec_sha256"": ""17a9f8db969333ef26e86a8c259e8102f0abe6bdfd30aad53802244b4f7f22c6"", ""tag"": ""c3_np400_300_d50_relax30""}",1,3008.4268487153213,3073.164428145496,64.73757943017472,2.1518748065228643,10,23.51043642388754,41.227143006287406,368.20466329233534,132.41875382312017,204.28876573479567,results/sdmpc_rl_machine_b_20260930/probe_p5/sweet_155_w_s8501/branches/k01_actor_c3_np400_300_d50_relax30.json,931752f358285f7044f762ddb4a3293c349a166d7cf453fa59c972bd76e32e22
probe_p5,sweet_155_w,8501,k01_actor_c4_relax30_only,actor,"{""at"": 1, ""spec_path"": ""work/sdmpc_rl_perimeter_b_20261001/specs/c4_relax30_only.json"", ""spec_sha256"": ""10fe5819cf24ea3db68cf7b0f19e612670d21a209f9ee06391ad9e0366005bfe"", ""tag"": ""c4_relax30_only""}",1,3008.4268487153213,3077.7031047451405,69.27625602981925,2.3027402530795147,0,-62.811068009758856,132.08732403957833,509.57829630675207,88.34019941843333,24.518742901456818,results/sdmpc_rl_machine_b_20260930/probe_p5/sweet_155_w_s8501/branches/k01_actor_c4_relax30_only.json,569d9f6fcfde7636b847655d6273a7aee91c4e02bf6a1e76eb2549d0163ca0f6
probe_p5,sweet_170_incident_w,8503,k01_actor_c0_null,actor,"{""at"": 1, ""spec_path"": ""work/sdmpc_rl_perimeter_b_20261001/specs/c0_null.json"", ""spec_sha256"": ""8299b36bd526291fdd2b206fbbae703ff98e8cb04af0d302c5ffc966c48d3aad"", ""tag"": ""c0_null""}",1,5798.393421180555,5798.393421180555,0.0,0.0,4,0.0,0.0,1317.3044567449947,577.7397976179329,501.68717760278497,results/sdmpc_rl_machine_b_20260930/probe_p5/sweet_170_incident_w_s8503/branches/k01_actor_c0_null.json,d36c7dabf78a5384b146d0c923e5ce953ea0879d836d7b961a6296a626ef31a1
probe_p5,sweet_170_incident_w,8503,k01_actor_c1_bind50_w16_25_relax30,actor,"{""at"": 1, ""spec_path"": ""work/sdmpc_rl_perimeter_b_20261001/specs/c1_bind50_w16_25_relax30.json"", ""spec_sha256"": ""5c3a0fc358a06aa83e4f76c70e1a05d2b98a52953430a89059063a83f7f2db7d"", ""tag"": ""c1_bind50_w16_25_relax30""}",1,5798.393421180555,5624.09088025277,-174.30254092778523,-3.0060488874571254,4,-230.57630744797416,56.27376652018938,1272.4002597832457,359.6764074777948,546.8683530622694,results/sdmpc_rl_machine_b_20260930/probe_p5/sweet_170_incident_w_s8503/branches/k01_actor_c1_bind50_w16_25_relax30.json,4712ad821d9baeedd0b25f94f6811cdda3943e3a7039e1e306787f5ad4b9982a
probe_p5,sweet_170_incident_w,8503,k01_actor_c2_bind30_w16_25_relax30,actor,"{""at"": 1, ""spec_path"": ""work/sdmpc_rl_perimeter_b_20261001/specs/c2_bind30_w16_25_relax30.json"", ""spec_sha256"": ""aba5d908abd4a03f9872a75ea389af8dae8c0596e558f96b7da32ec29237f3ce"", ""tag"": ""c2_bind30_w16_25_relax30""}",1,5798.393421180555,5914.082141135648,115.68871995509289,1.9951857618439872,2,-459.1380111506164,574.8267311057093,1563.3952918776008,628.2180737544365,543.8133459813535,results/sdmpc_rl_machine_b_20260930/probe_p5/sweet_170_incident_w_s8503/branches/k01_actor_c2_bind30_w16_25_relax30.json,ceadd2accbcceb464a22b1815ab993d50077948d918338be9fc7e6347e72e292
probe_p5,sweet_170_incident_w,8503,k01_actor_c3_np400_300_d50_relax30,actor,"{""at"": 1, ""spec_path"": ""work/sdmpc_rl_perimeter_b_20261001/specs/c3_np400_300_d50_relax30.json"", ""spec_sha256"": ""17a9f8db969333ef26e86a8c259e8102f0abe6bdfd30aad53802244b4f7f22c6"", ""tag"": ""c3_np400_300_d50_relax30""}",1,5798.393421180555,5812.117389712886,13.723968532330218,0.23668570818597565,11,45.34083500604447,-31.616866473714026,1241.4565506280896,604.9591988175779,694.1414315156657,results/sdmpc_rl_machine_b_20260930/probe_p5/sweet_170_incident_w_s8503/branches/k01_actor_c3_np400_300_d50_relax30.json,d3d593032adc1ea90c13f00cbbafaf8a849ccf9e2b0125f7ea92f49776d00b79
probe_p5,sweet_170_incident_w,8503,k01_actor_c4_relax30_only,actor,"{""at"": 1, ""spec_path"": ""work/sdmpc_rl_perimeter_b_20261001/specs/c4_relax30_only.json"", ""spec_sha256"": ""10fe5819cf24ea3db68cf7b0f19e612670d21a209f9ee06391ad9e0366005bfe"", ""tag"": ""c4_relax30_only""}",1,5798.393421180555,5665.610623524519,-132.78279765603656,-2.289992899947136,1,-245.55522857709184,112.77243092105482,1393.2930578286823,620.8277175969623,543.8888888888889,results/sdmpc_rl_machine_b_20260930/probe_p5/sweet_170_incident_w_s8503/branches/k01_actor_c4_relax30_only.json,bde7f7571e2452e354ddaef3a282c3215cbb41b54abab027651a21e778b28d48
probe_p5,sweet_170_skew15_w,8504,k01_actor_c0_null,actor,"{""at"": 1, ""spec_path"": ""work/sdmpc_rl_perimeter_b_20261001/specs/c0_null.json"", ""spec_sha256"": ""8299b36bd526291fdd2b206fbbae703ff98e8cb04af0d302c5ffc966c48d3aad"", ""tag"": ""c0_null""}",1,4269.974054906601,4269.974054906601,0.0,0.0,2,0.0,0.0,1904.275112155616,1020.1106829618532,24.140800538789186,results/sdmpc_rl_machine_b_20260930/probe_p5/sweet_170_skew15_w_s8504/branches/k01_actor_c0_null.json,afe09ca334876c1ffa50c1926c516f3c5952b1d38365d20d4634ba8ba1bb8b73
probe_p5,sweet_170_skew15_w,8504,k01_actor_c1_bind50_w16_25_relax30,actor,"{""at"": 1, ""spec_path"": ""work/sdmpc_rl_perimeter_b_20261001/specs/c1_bind50_w16_25_relax30.json"", ""spec_sha256"": ""5c3a0fc358a06aa83e4f76c70e1a05d2b98a52953430a89059063a83f7f2db7d"", ""tag"": ""c1_bind50_w16_25_relax30""}",1,4269.974054906601,4101.173315333561,-168.80073957304012,-3.9532029329094454,4,287.6878582373788,-456.4885978104196,1434.9761168287869,480.18128770235035,369.62952906732517,results/sdmpc_rl_machine_b_20260930/probe_p5/sweet_170_skew15_w_s8504/branches/k01_actor_c1_bind50_w16_25_relax30.json,ebffe830c88d93c09c49cc3fca75d647fc55e6f1489e4c4ae20d34f158519c62
probe_p5,sweet_170_skew15_w,8504,k01_actor_c2_bind30_w16_25_relax30,actor,"{""at"": 1, ""spec_path"": ""work/sdmpc_rl_perimeter_b_20261001/specs/c2_bind30_w16_25_relax30.json"", ""spec_sha256"": ""aba5d908abd4a03f9872a75ea389af8dae8c0596e558f96b7da32ec29237f3ce"", ""tag"": ""c2_bind30_w16_25_relax30""}",1,4269.974054906601,4024.933500264772,-245.04055464182875,-5.738689544500959,3,273.4930006611253,-518.5335553029545,1183.9268102473043,480.16954200662417,409.47179121821,results/sdmpc_rl_machine_b_20260930/probe_p5/sweet_170_skew15_w_s8504/branches/k01_actor_c2_bind30_w16_25_relax30.json,1246bbeceb81a1ea4988158a58a1cedcd117b1d4e035f749814d552c5eb0eca5
probe_p5,sweet_170_skew15_w,8504,k01_actor_c3_np400_300_d50_relax30,actor,"{""at"": 1, ""spec_path"": ""work/sdmpc_rl_perimeter_b_20261001/specs/c3_np400_300_d50_relax30.json"", ""spec_sha256"": ""17a9f8db969333ef26e86a8c259e8102f0abe6bdfd30aad53802244b4f7f22c6"", ""tag"": ""c3_np400_300_d50_relax30""}",1,4269.974054906601,4285.470040775207,15.495985868606112,0.3629058553833546,9,272.0919711858264,-256.59598531722077,1414.451264277826,858.3392677436606,530.1300331785079,results/sdmpc_rl_machine_b_20260930/probe_p5/sweet_170_skew15_w_s8504/branches/k01_actor_c3_np400_300_d50_relax30.json,02c5fd3b163c8470799bf15ef68dbddb8cbce66f60e52052f7938fcbc62598b7
probe_p5,sweet_170_skew15_w,8504,k01_actor_c4_relax30_only,actor,"{""at"": 1, ""spec_path"": ""work/sdmpc_rl_perimeter_b_20261001/specs/c4_relax30_only.json"", ""spec_sha256"": ""10fe5819cf24ea3db68cf7b0f19e612670d21a209f9ee06391ad9e0366005bfe"", ""tag"": ""c4_relax30_only""}",1,4269.974054906601,4291.985290398947,22.011235492345804,0.5154887408988547,0,105.29934445544313,-83.28810896309824,1697.4322403323158,834.6150854658997,155.32023067100627,results/sdmpc_rl_machine_b_20260930/probe_p5/sweet_170_skew15_w_s8504/branches/k01_actor_c4_relax30_only.json,72e44a96cac5af62116ac0e4871ede59d07de33f716b3b7b214e1ab18cdae999
probe_p5,sweet_170_w,8502,k01_actor_c0_null,actor,"{""at"": 1, ""spec_path"": ""work/sdmpc_rl_perimeter_b_20261001/specs/c0_null.json"", ""spec_sha256"": ""8299b36bd526291fdd2b206fbbae703ff98e8cb04af0d302c5ffc966c48d3aad"", ""tag"": ""c0_null""}",1,4300.193461954603,4300.193461954603,0.0,0.0,2,0.0,0.0,1540.2252861649529,747.1555665741807,105.642821572895,results/sdmpc_rl_machine_b_20260930/probe_p5/sweet_170_w_s8502/branches/k01_actor_c0_null.json,481190713b0a689730899184b25a68d7789723b373c36c6805628b2aca260f77
probe_p5,sweet_170_w,8502,k01_actor_c1_bind50_w16_25_relax30,actor,"{""at"": 1, ""spec_path"": ""work/sdmpc_rl_perimeter_b_20261001/specs/c1_bind50_w16_25_relax30.json"", ""spec_sha256"": ""5c3a0fc358a06aa83e4f76c70e1a05d2b98a52953430a89059063a83f7f2db7d"", ""tag"": ""c1_bind50_w16_25_relax30""}",1,4300.193461954603,4350.148341872922,49.95487991831942,1.1616891277168961,5,342.9503529006506,-292.99547298233074,1220.310174920345,392.50065243963405,672.0510656483841,results/sdmpc_rl_machine_b_20260930/probe_p5/sweet_170_w_s8502/branches/k01_actor_c1_bind50_w16_25_relax30.json,c7899d9cebee7a663e70c61fe41d2ed59edc3023d8601a2cd69b04559aaec513
probe_p5,sweet_170_w,8502,k01_actor_c2_bind30_w16_25_relax30,actor,"{""at"": 1, ""spec_path"": ""work/sdmpc_rl_perimeter_b_20261001/specs/c2_bind30_w16_25_relax30.json"", ""spec_sha256"": ""aba5d908abd4a03f9872a75ea389af8dae8c0596e558f96b7da32ec29237f3ce"", ""tag"": ""c2_bind30_w16_25_relax30""}",1,4300.193461954603,4419.356323160624,119.16286120602126,2.771104655181192,3,317.6139433067988,-198.4510821007766,1310.427643275693,496.92552332660136,668.8434040965045,results/sdmpc_rl_machine_b_20260930/probe_p5/sweet_170_w_s8502/branches/k01_actor_c2_bind30_w16_25_relax30.json,0242f2c219b41df6804a78ebb643b55c728d503a534d1ae65c12e49e04a35594
probe_p5,sweet_170_w,8502,k01_actor_c3_np400_300_d50_relax30,actor,"{""at"": 1, ""spec_path"": ""work/sdmpc_rl_perimeter_b_20261001/specs/c3_np400_300_d50_relax30.json"", ""spec_sha256"": ""17a9f8db969333ef26e86a8c259e8102f0abe6bdfd30aad53802244b4f7f22c6"", ""tag"": ""c3_np400_300_d50_relax30""}",1,4300.193461954603,4006.92118798333,-293.2722739712726,-6.819978602496855,12,287.1868464766899,-580.4591204479618,828.4392454035491,307.5504661266335,544.3898298323874,results/sdmpc_rl_machine_b_20260930/probe_p5/sweet_170_w_s8502/branches/k01_actor_c3_np400_300_d50_relax30.json,0944367089e719fbea84b05053e752a14ed114f6857e584f148ff165e279065c
probe_p5,sweet_170_w,8502,k01_actor_c4_relax30_only,actor,"{""at"": 1, ""spec_path"": ""work/sdmpc_rl_perimeter_b_20261001/specs/c4_relax30_only.json"", ""spec_sha256"": ""10fe5819cf24ea3db68cf7b0f19e612670d21a209f9ee06391ad9e0366005bfe"", ""tag"": ""c4_relax30_only""}",1,4300.193461954603,4037.377292199579,-262.81616975502357,-6.111728974062566,0,177.76079890163692,-440.57696865666003,1003.0330940972104,358.3700089261533,481.20757171653753,results/sdmpc_rl_machine_b_20260930/probe_p5/sweet_170_w_s8502/branches/k01_actor_c4_relax30_only.json,9073a007950db06a0bf5db3c2c1853ed366a6d424f4e6a890adfc6bf5eb1af7f
probe_p5,sweet_190_w,8505,k01_actor_c0_null,actor,"{""at"": 1, ""spec_path"": ""work/sdmpc_rl_perimeter_b_20261001/specs/c0_null.json"", ""spec_sha256"": ""8299b36bd526291fdd2b206fbbae703ff98e8cb04af0d302c5ffc966c48d3aad"", ""tag"": ""c0_null""}",1,6444.228780253492,6444.228780253492,0.0,0.0,3,0.0,0.0,3069.414806119881,1430.9040640072358,348.9771494043737,results/sdmpc_rl_machine_b_20260930/probe_p5/sweet_190_w_s8505/branches/k01_actor_c0_null.json,08fb9599e3aa0d446d486b3e822ef269f31c603203343189c1f2221da6838c24
probe_p5,sweet_190_w,8505,k01_actor_c1_bind50_w16_25_relax30,actor,"{""at"": 1, ""spec_path"": ""work/sdmpc_rl_perimeter_b_20261001/specs/c1_bind50_w16_25_relax30.json"", ""spec_sha256"": ""5c3a0fc358a06aa83e4f76c70e1a05d2b98a52953430a89059063a83f7f2db7d"", ""tag"": ""c1_bind50_w16_25_relax30""}",1,6444.228780253492,6919.538102350189,475.30932209669663,7.375736310808005,3,407.4912503823557,67.81807171434139,3020.188015861809,1396.4810841364722,720.0,results/sdmpc_rl_machine_b_20260930/probe_p5/sweet_190_w_s8505/branches/k01_actor_c1_bind50_w16_25_relax30.json,445b2e9d1d573bbe82692ca22d38bd0e4e2f4d80b51fbb35bebfdc9344405f7e
probe_p5,sweet_190_w,8505,k01_actor_c2_bind30_w16_25_relax30,actor,"{""at"": 1, ""spec_path"": ""work/sdmpc_rl_perimeter_b_20261001/specs/c2_bind30_w16_25_relax30.json"", ""spec_sha256"": ""aba5d908abd4a03f9872a75ea389af8dae8c0596e558f96b7da32ec29237f3ce"", ""tag"": ""c2_bind30_w16_25_relax30""}",1,6444.228780253492,7571.138517418327,1126.909737164835,17.487115612933074,3,604.9357277577355,521.974009407099,2895.6793263229383,1384.3804177936654,720.0,results/sdmpc_rl_machine_b_20260930/probe_p5/sweet_190_w_s8505/branches/k01_actor_c2_bind30_w16_25_relax30.json,80f0faa87102fbc47be39d0f8cf458acb49dd2791e17334a05f88e800cea4db1
probe_p5,sweet_190_w,8505,k01_actor_c3_np400_300_d50_relax30,actor,"{""at"": 1, ""spec_path"": ""work/sdmpc_rl_perimeter_b_20261001/specs/c3_np400_300_d50_relax30.json"", ""spec_sha256"": ""17a9f8db969333ef26e86a8c259e8102f0abe6bdfd30aad53802244b4f7f22c6"", ""tag"": ""c3_np400_300_d50_relax30""}",1,6444.228780253492,6483.311249745178,39.082469491686425,0.6064724084818892,14,1001.6973647918016,-962.6148953001157,2319.2394305322587,1224.406630796449,720.0,results/sdmpc_rl_machine_b_20260930/probe_p5/sweet_190_w_s8505/branches/k01_actor_c3_np400_300_d50_relax30.json,41c9cbb176b1906fb84986c632837cb30b9e8419634275e1f73c680ba4dc159f
probe_p5,sweet_190_w,8505,k01_actor_c4_relax30_only,actor,"{""at"": 1, ""spec_path"": ""work/sdmpc_rl_perimeter_b_20261001/specs/c4_relax30_only.json"", ""spec_sha256"": ""10fe5819cf24ea3db68cf7b0f19e612670d21a209f9ee06391ad9e0366005bfe"", ""tag"": ""c4_relax30_only""}",1,6444.228780253492,6739.724448336299,295.49566808280724,4.585431060242146,1,30.88346714066529,264.61220094214195,3221.1613156570443,1307.9210506415657,553.2585711513879,results/sdmpc_rl_machine_b_20260930/probe_p5/sweet_190_w_s8505/branches/k01_actor_c4_relax30_only.json,900d2e3ab28e01da1aff2d86ea8d8e47dee65e07eeae32851dc7dc3e23049d53
probe_p5,sweet_190_w,8605,k01_actor_c0_null,actor,"{""at"": 1, ""spec_path"": ""work/sdmpc_rl_perimeter_b_20261001/specs/c0_null.json"", ""spec_sha256"": ""8299b36bd526291fdd2b206fbbae703ff98e8cb04af0d302c5ffc966c48d3aad"", ""tag"": ""c0_null""}",1,7171.00646533273,7171.00646533273,0.0,0.0,3,0.0,0.0,3597.1935388488605,1627.9308421360372,202.49214751143253,results/sdmpc_rl_machine_b_20260930/probe_p5/sweet_190_w_s8605/branches/k01_actor_c0_null.json,ec79f5e1f1f5bc9018a699290e940dcaae371c7cbec63e073e5e62ee52b0902b
probe_p5,sweet_190_w,8605,k01_actor_c1_bind50_w16_25_relax30,actor,"{""at"": 1, ""spec_path"": ""work/sdmpc_rl_perimeter_b_20261001/specs/c1_bind50_w16_25_relax30.json"", ""spec_sha256"": ""5c3a0fc358a06aa83e4f76c70e1a05d2b98a52953430a89059063a83f7f2db7d"", ""tag"": ""c1_bind50_w16_25_relax30""}",1,7171.00646533273,7153.19489674198,-17.81156859074963,-0.24838310600969712,5,-26.05119939099768,8.239630800248051,3239.4217088607215,1431.5401348145185,414.0518725008705,results/sdmpc_rl_machine_b_20260930/probe_p5/sweet_190_w_s8605/branches/k01_actor_c1_bind50_w16_25_relax30.json,c8e120d9ccc57b8acad2229188d6f86459a7bf961e10ee443d64016de7d653fb
probe_p5,sweet_190_w,8605,k01_actor_c2_bind30_w16_25_relax30,actor,"{""at"": 1, ""spec_path"": ""work/sdmpc_rl_perimeter_b_20261001/specs/c2_bind30_w16_25_relax30.json"", ""spec_sha256"": ""aba5d908abd4a03f9872a75ea389af8dae8c0596e558f96b7da32ec29237f3ce"", ""tag"": ""c2_bind30_w16_25_relax30""}",1,7171.00646533273,6818.514672089905,-352.4917932428252,-4.915513532819968,2,122.14388382020161,-474.63567706302683,2926.1822973400485,1471.6876440228991,632.5417129894904,results/sdmpc_rl_machine_b_20260930/probe_p5/sweet_190_w_s8605/branches/k01_actor_c2_bind30_w16_25_relax30.json,da19282a8a9394ea8dd7088628e427abf52b4775b678b011da212f9645bb95ff
probe_p5,sweet_190_w,8605,k01_actor_c3_np400_300_d50_relax30,actor,"{""at"": 1, ""spec_path"": ""work/sdmpc_rl_perimeter_b_20261001/specs/c3_np400_300_d50_relax30.json"", ""spec_sha256"": ""17a9f8db969333ef26e86a8c259e8102f0abe6bdfd30aad53802244b4f7f22c6"", ""tag"": ""c3_np400_300_d50_relax30""}",1,7171.00646533273,6605.97318932287,-565.03327600986,-7.8794138415777155,13,817.7532650373164,-1382.7865410471763,2549.9799888749044,1270.100147002913,720.0,results/sdmpc_rl_machine_b_20260930/probe_p5/sweet_190_w_s8605/branches/k01_actor_c3_np400_300_d50_relax30.json,ef6b1d52ec592fc380e2e19db97b2b5d80ac3bcca6cb70650675ec254cc0b2e8
probe_p5,sweet_190_w,8605,k01_actor_c4_relax30_only,actor,"{""at"": 1, ""spec_path"": ""work/sdmpc_rl_perimeter_b_20261001/specs/c4_relax30_only.json"", ""spec_sha256"": ""10fe5819cf24ea3db68cf7b0f19e612670d21a209f9ee06391ad9e0366005bfe"", ""tag"": ""c4_relax30_only""}",1,7171.00646533273,6647.579934366117,-523.4265309666125,-7.299205955217694,1,174.4540566206797,-697.8805875872922,2899.080236967613,1216.6164847694815,570.3567948325259,results/sdmpc_rl_machine_b_20260930/probe_p5/sweet_190_w_s8605/branches/k01_actor_c4_relax30_only.json,e72bf966886e16b5cb63b0598cff51b60928593d70c1ff9237656a20043f709c
probe_p6,sweet_155_w,8701,k16_actor_v2_bind50_w16_25_post_margin200,actor,"{""at"": 16, ""spec_path"": ""work/sdmpc_rl_perimeter_b_20261001/specs/v2_bind50_w16_25_post_margin200.json"", ""spec_sha256"": ""37a45bf47185216122871468b088d5b79e12107c2e70bf4dc69fc492ed5518f5"", ""tag"": ""v2_bind50_w16_25_post_margin200""}",16,3141.8528746312377,3137.347894239114,-4.504980392123798,-0.1433861027834587,3,143.0502469324315,-147.55522732455506,380.54255242588346,119.65988271066982,267.87068860831596,results/sdmpc_rl_machine_b_20260930/probe_p6/sweet_155_w_s8701/branches/k16_actor_v2_bind50_w16_25_post_margin200.json,9841172d8c14bd7514fedf1ea682d4263df7d076c2d449ba1f824f13cf76cd86
probe_p6,sweet_155_w,8701,k16_actor_v3_bind50_w16_25_post_level_m40,actor,"{""at"": 16, ""spec_path"": ""work/sdmpc_rl_perimeter_b_20261001/specs/v3_bind50_w16_25_post_level_m40.json"", ""spec_sha256"": ""074367afe2cf5eef8c9980dfa23c1cbc24f33a6d8803e96a16674cfd01fabe3d"", ""tag"": ""v3_bind50_w16_25_post_level_m40""}",16,3141.8528746312377,3137.347894239114,-4.504980392123798,-0.1433861027834587,3,143.0502469324315,-147.55522732455506,380.54255242588346,119.65988271066982,267.87068860831596,results/sdmpc_rl_machine_b_20260930/probe_p6/sweet_155_w_s8701/branches/k16_actor_v3_bind50_w16_25_post_level_m40.json,0da93fb6a820b4c10f3eb7abf2c4f4cf104334cc576fb006ce2efa46a3779b9c
probe_p6,sweet_155_w,8701,k16_actor_v5_bind30_w16_25_post_margin200,actor,"{""at"": 16, ""spec_path"": ""work/sdmpc_rl_perimeter_b_20261001/specs/v5_bind30_w16_25_post_margin200.json"", ""spec_sha256"": ""a24f29ba888960cbc4bd9e82d83f83c74289bf996192d41571decfb37504d52c"", ""tag"": ""v5_bind30_w16_25_post_margin200""}",16,3141.8528746312377,3559.5298712751865,417.67699664394877,13.29397057438509,2,333.64865193464584,84.02834470930293,900.4527454589472,320.2171629156381,416.2277138874358,results/sdmpc_rl_machine_b_20260930/probe_p6/sweet_155_w_s8701/branches/k16_actor_v5_bind30_w16_25_post_margin200.json,907c6c7b3e67b6f7b2520088027aafac3199bfe23194b5d62571ed58fb1d45d7
probe_p6,sweet_155_w,8701,k16_np_bind_afterreturn_np_delta50.0_window10,np_bind,"{""after"": ""return"", ""at"": 16, ""np_delta"": 50.0, ""window"": 10}",16,3141.8528746312377,3138.3778004935884,-3.475074137649244,-0.1106058837353139,3,144.87809178807652,-148.35316592572553,380.54255242588346,119.65988271066982,267.87068860831596,results/sdmpc_rl_machine_b_20260930/probe_p6/sweet_155_w_s8701/branches/k16_np_bind_afterreturn_np_delta50.0_window10.json,408c1d92eb1dbfa866ee838cd6c38938f2f5d98464f2fe689048e1532cb593ab
probe_p6,sweet_170_incident_w,8703,k16_actor_v2_bind50_w16_25_post_margin200,actor,"{""at"": 16, ""spec_path"": ""work/sdmpc_rl_perimeter_b_20261001/specs/v2_bind50_w16_25_post_margin200.json"", ""spec_sha256"": ""37a45bf47185216122871468b088d5b79e12107c2e70bf4dc69fc492ed5518f5"", ""tag"": ""v2_bind50_w16_25_post_margin200""}",16,6064.946147276036,5959.0497796460495,-105.89636762998634,-1.7460397018949267,3,347.20369911779653,-453.10006674778197,1344.894250095105,524.8357606217138,631.6097649295037,results/sdmpc_rl_machine_b_20260930/probe_p6/sweet_170_incident_w_s8703/branches/k16_actor_v2_bind50_w16_25_post_margin200.json,2f8e9cac9d4a8622291c3c63dfd39714036fe0d751cb897c35b2e4c9b42bd27f
probe_p6,sweet_170_incident_w,8703,k16_actor_v3_bind50_w16_25_post_level_m40,actor,"{""at"": 16, ""spec_path"": ""work/sdmpc_rl_perimeter_b_20261001/specs/v3_bind50_w16_25_post_level_m40.json"", ""spec_sha256"": ""074367afe2cf5eef8c9980dfa23c1cbc24f33a6d8803e96a16674cfd01fabe3d"", ""tag"": ""v3_bind50_w16_25_post_level_m40""}",16,6064.946147276036,5959.0497796460495,-105.89636762998634,-1.7460397018949267,3,347.20369911779653,-453.10006674778197,1344.894250095105,524.8357606217138,631.6097649295037,results/sdmpc_rl_machine_b_20260930/probe_p6/sweet_170_incident_w_s8703/branches/k16_actor_v3_bind50_w16_25_post_level_m40.json,f72dda5dbeb539eb7443fb065eb401338bd7c86011a4cc305e1b0727cc049eb0
probe_p6,sweet_170_incident_w,8703,k16_actor_v5_bind30_w16_25_post_margin200,actor,"{""at"": 16, ""spec_path"": ""work/sdmpc_rl_perimeter_b_20261001/specs/v5_bind30_w16_25_post_margin200.json"", ""spec_sha256"": ""a24f29ba888960cbc4bd9e82d83f83c74289bf996192d41571decfb37504d52c"", ""tag"": ""v5_bind30_w16_25_post_margin200""}",16,6064.946147276036,5897.474555040782,-167.4715922352534,-2.761303862697451,1,3.853217921821397,-171.3248101570748,1470.529711774279,541.6427585797868,706.1969800436267,results/sdmpc_rl_machine_b_20260930/probe_p6/sweet_170_incident_w_s8703/branches/k16_actor_v5_bind30_w16_25_post_margin200.json,a7cace65b671673d3753ce78ad8c69061a22d4d7c3d3c8c8457c6c03ebd1467e
probe_p6,sweet_170_incident_w,8703,k16_np_bind_afterreturn_np_delta50.0_window10,np_bind,"{""after"": ""return"", ""at"": 16, ""np_delta"": 50.0, ""window"": 10}",16,6064.946147276036,5956.275907984262,-108.67023929177412,-1.7917758320175927,3,350.04530829260875,-458.7155475843822,1344.894250095105,524.8357606217138,631.6097649295037,results/sdmpc_rl_machine_b_20260930/probe_p6/sweet_170_incident_w_s8703/branches/k16_np_bind_afterreturn_np_delta50.0_window10.json,d8d2aaaa8a356a594cd2cb73130eff0d9ca4ebea69b136b531e8ad05c9732a20
probe_p6,sweet_170_skew15_w,8704,k16_actor_v2_bind50_w16_25_post_margin200,actor,"{""at"": 16, ""spec_path"": ""work/sdmpc_rl_perimeter_b_20261001/specs/v2_bind50_w16_25_post_margin200.json"", ""spec_sha256"": ""37a45bf47185216122871468b088d5b79e12107c2e70bf4dc69fc492ed5518f5"", ""tag"": ""v2_bind50_w16_25_post_margin200""}",16,4164.606307736705,4377.963913068417,213.35760533171197,5.123115837752817,3,-27.536518918388083,240.8941242500996,1442.3713103124164,600.9310667902149,475.7109454479248,results/sdmpc_rl_machine_b_20260930/probe_p6/sweet_170_skew15_w_s8704/branches/k16_actor_v2_bind50_w16_25_post_margin200.json,8bbe1a5b4486bd34e19ab7e787989ea424d0f1eb0a7c7271f7967fe9f3f6bccd
probe_p6,sweet_170_skew15_w,8704,k16_actor_v3_bind50_w16_25_post_level_m40,actor,"{""at"": 16, ""spec_path"": ""work/sdmpc_rl_perimeter_b_20261001/specs/v3_bind50_w16_25_post_level_m40.json"", ""spec_sha256"": ""074367afe2cf5eef8c9980dfa23c1cbc24f33a6d8803e96a16674cfd01fabe3d"", ""tag"": ""v3_bind50_w16_25_post_level_m40""}",16,4164.606307736705,4377.963913068417,213.35760533171197,5.123115837752817,3,-27.536518918388083,240.8941242500996,1442.3713103124164,600.9310667902149,475.7109454479248,results/sdmpc_rl_machine_b_20260930/probe_p6/sweet_170_skew15_w_s8704/branches/k16_actor_v3_bind50_w16_25_post_level_m40.json,01f833cf97659354d007c724cdfd384a32b749902094a30edd80770fcba70dce
probe_p6,sweet_170_skew15_w,8704,k16_actor_v5_bind30_w16_25_post_margin200,actor,"{""at"": 16, ""spec_path"": ""work/sdmpc_rl_perimeter_b_20261001/specs/v5_bind30_w16_25_post_margin200.json"", ""spec_sha256"": ""a24f29ba888960cbc4bd9e82d83f83c74289bf996192d41571decfb37504d52c"", ""tag"": ""v5_bind30_w16_25_post_margin200""}",16,4164.606307736705,4587.50449285489,422.8981851181843,10.154577740819212,1,-22.325024813966593,445.2232099321509,1783.520934671378,840.8449951090913,400.6997600050768,results/sdmpc_rl_machine_b_20260930/probe_p6/sweet_170_skew15_w_s8704/branches/k16_actor_v5_bind30_w16_25_post_margin200.json,0c4f421047af6de743dfe021f8a22c2c63757fdea1560be86ba18ccc1c2b3a2c
probe_p6,sweet_170_skew15_w,8704,k16_np_bind_afterreturn_np_delta50.0_window10,np_bind,"{""after"": ""return"", ""at"": 16, ""np_delta"": 50.0, ""window"": 10}",16,4164.606307736705,4253.994237662857,89.38792992615163,2.1463716692762334,3,-43.286072362759114,132.6740022889112,1496.8161253517346,651.2506191192922,372.36612225265674,results/sdmpc_rl_machine_b_20260930/probe_p6/sweet_170_skew15_w_s8704/branches/k16_np_bind_afterreturn_np_delta50.0_window10.json,850968b0fc216a4a465ddb6e885cf3dbdca1bcd2d8e5a0de02f405234d733c17
probe_p6,sweet_170_w,8702,k16_actor_v2_bind50_w16_25_post_margin200,actor,"{""at"": 16, ""spec_path"": ""work/sdmpc_rl_perimeter_b_20261001/specs/v2_bind50_w16_25_post_margin200.json"", ""spec_sha256"": ""37a45bf47185216122871468b088d5b79e12107c2e70bf4dc69fc492ed5518f5"", ""tag"": ""v2_bind50_w16_25_post_margin200""}",16,4265.859848414038,4340.411383495785,74.5515350817468,1.7476320772578495,4,92.03444351292455,-17.482908431177293,1567.8834319775583,667.5437240865957,325.26521409213206,results/sdmpc_rl_machine_b_20260930/probe_p6/sweet_170_w_s8702/branches/k16_actor_v2_bind50_w16_25_post_margin200.json,087db3e0328ef90d5b30df2b7c5e17044037f2982a12028eb4844b7b0bd5f13a
probe_p6,sweet_170_w,8702,k16_actor_v3_bind50_w16_25_post_level_m40,actor,"{""at"": 16, ""spec_path"": ""work/sdmpc_rl_perimeter_b_20261001/specs/v3_bind50_w16_25_post_level_m40.json"", ""spec_sha256"": ""074367afe2cf5eef8c9980dfa23c1cbc24f33a6d8803e96a16674cfd01fabe3d"", ""tag"": ""v3_bind50_w16_25_post_level_m40""}",16,4265.859848414038,4340.411383495785,74.5515350817468,1.7476320772578495,4,92.03444351292455,-17.482908431177293,1567.8834319775583,667.5437240865957,325.26521409213206,results/sdmpc_rl_machine_b_20260930/probe_p6/sweet_170_w_s8702/branches/k16_actor_v3_bind50_w16_25_post_level_m40.json,eca5f319a2c9362311d1ac455d1febc7b2b5f080a01b9a292d80280989e56b4b
probe_p6,sweet_170_w,8702,k16_actor_v5_bind30_w16_25_post_margin200,actor,"{""at"": 16, ""spec_path"": ""work/sdmpc_rl_perimeter_b_20261001/specs/v5_bind30_w16_25_post_margin200.json"", ""spec_sha256"": ""a24f29ba888960cbc4bd9e82d83f83c74289bf996192d41571decfb37504d52c"", ""tag"": ""v5_bind30_w16_25_post_margin200""}",16,4265.859848414038,4531.16124694965,265.30139853561195,6.219177562390985,2,57.04629566700214,208.25510286861004,1694.3359568310636,774.7077626184018,409.0552457363927,results/sdmpc_rl_machine_b_20260930/probe_p6/sweet_170_w_s8702/branches/k16_actor_v5_bind30_w16_25_post_margin200.json,c8980cd61d6d8d08fba3d4aa866d65d9059c42b1d783890144f13dddca8dc754
probe_p6,sweet_170_w,8702,k16_np_bind_afterreturn_np_delta50.0_window10,np_bind,"{""after"": ""return"", ""at"": 16, ""np_delta"": 50.0, ""window"": 10}",16,4265.859848414038,4341.822950839769,75.96310242573054,1.7807219441110356,4,97.57174749212663,-21.60864506639632,1567.8834319775583,667.5437240865957,325.26521409213206,results/sdmpc_rl_machine_b_20260930/probe_p6/sweet_170_w_s8702/branches/k16_np_bind_afterreturn_np_delta50.0_window10.json,ecc3c19275227391962f31438a8bf98df03963b0ea7ed249f38eddbfc7dfcfe2
probe_p6,sweet_190_w,8705,k16_actor_v2_bind50_w16_25_post_margin200,actor,"{""at"": 16, ""spec_path"": ""work/sdmpc_rl_perimeter_b_20261001/specs/v2_bind50_w16_25_post_margin200.json"", ""spec_sha256"": ""37a45bf47185216122871468b088d5b79e12107c2e70bf4dc69fc492ed5518f5"", ""tag"": ""v2_bind50_w16_25_post_margin200""}",16,6847.329504795417,8405.100158885436,1557.770654090019,22.75004661304906,2,-18.848155759602378,1576.6188098496214,3064.342016966889,1362.8052223332913,720.0,results/sdmpc_rl_machine_b_20260930/probe_p6/sweet_190_w_s8705/branches/k16_actor_v2_bind50_w16_25_post_margin200.json,88f310fa48475963b8abae68333e3340220111daada7f98a1ea88bd941a2b8c1
probe_p6,sweet_190_w,8705,k16_actor_v3_bind50_w16_25_post_level_m40,actor,"{""at"": 16, ""spec_path"": ""work/sdmpc_rl_perimeter_b_20261001/specs/v3_bind50_w16_25_post_level_m40.json"", ""spec_sha256"": ""074367afe2cf5eef8c9980dfa23c1cbc24f33a6d8803e96a16674cfd01fabe3d"", ""tag"": ""v3_bind50_w16_25_post_level_m40""}",16,6847.329504795417,8375.703992676245,1528.3744878808275,22.320738133172284,3,23.268950305496674,1505.1055375753303,3006.783900141342,1368.9366684090014,720.0,results/sdmpc_rl_machine_b_20260930/probe_p6/sweet_190_w_s8705/branches/k16_actor_v3_bind50_w16_25_post_level_m40.json,3e1807fa3ee08efd12a45708da11ccb73533849380aefce873d8ae1c144542aa
probe_p6,sweet_190_w,8705,k16_actor_v5_bind30_w16_25_post_margin200,actor,"{""at"": 16, ""spec_path"": ""work/sdmpc_rl_perimeter_b_20261001/specs/v5_bind30_w16_25_post_margin200.json"", ""spec_sha256"": ""a24f29ba888960cbc4bd9e82d83f83c74289bf996192d41571decfb37504d52c"", ""tag"": ""v5_bind30_w16_25_post_margin200""}",16,6847.329504795417,6561.002192984223,-286.3273118111938,-4.18159096346494,2,-131.60288221046585,-154.72442960072794,2596.076745576765,1211.0244982017848,720.0,results/sdmpc_rl_machine_b_20260930/probe_p6/sweet_190_w_s8705/branches/k16_actor_v5_bind30_w16_25_post_margin200.json,187d061d19177ec570c230a0f0ce9ec3d472c1c63b81dc0c868651d40397ba4c
probe_p6,sweet_190_w,8705,k16_np_bind_afterreturn_np_delta50.0_window10,np_bind,"{""after"": ""return"", ""at"": 16, ""np_delta"": 50.0, ""window"": 10}",16,6847.329504795417,6721.0349063660415,-126.29459842937558,-1.8444358248120993,2,-125.37343023122139,-0.9211681981541915,2924.154321071075,1307.735367199663,720.0,results/sdmpc_rl_machine_b_20260930/probe_p6/sweet_190_w_s8705/branches/k16_np_bind_afterreturn_np_delta50.0_window10.json,5104a563b5fe7d282524e04b41c9cf7effc26b0d1ec134afcdcf26b644f72ff5
probe_p7,sweet_155_w,8801,k16_np_bind_afterreturn_np_delta50.0_window10,np_bind,"{""after"": ""return"", ""at"": 16, ""np_delta"": 50.0, ""window"": 10}",16,3118.369599765767,3107.028974111382,-11.340625654384894,-0.3636716332546576,4,78.53717900762535,-89.87780466201025,475.0358108976787,113.54066007465454,230.12867769929878,results/sdmpc_rl_machine_b_20260930/probe_p7/sweet_155_w_s8801/branches/k16_np_bind_afterreturn_np_delta50.0_window10.json,712d35c9d917a763f5305cd44b73e0d43420dc26737a1ec4ba27519cee7e0d4d
probe_p7,sweet_170_incident_w,8803,k16_np_bind_afterreturn_np_delta50.0_window10,np_bind,"{""after"": ""return"", ""at"": 16, ""np_delta"": 50.0, ""window"": 10}",16,5996.860524831128,6075.186339729907,78.32581489877884,1.3061136668837985,2,-177.3338660923937,255.65968099117254,1581.1371413423528,698.7591547454252,309.8554849395993,results/sdmpc_rl_machine_b_20260930/probe_p7/sweet_170_incident_w_s8803/branches/k16_np_bind_afterreturn_np_delta50.0_window10.json,31a54867a238c33fde7952b385933708eceb0296db33a3d2a4b675ecd9ace173
probe_p7,sweet_170_skew15_w,8804,k16_np_bind_afterreturn_np_delta50.0_window10,np_bind,"{""after"": ""return"", ""at"": 16, ""np_delta"": 50.0, ""window"": 10}",16,4418.333625943078,4514.737265472118,96.40363952904045,2.181900410665875,4,-204.13868918007483,300.54232870911596,1685.0959221587136,727.9715559174431,582.2791988409159,results/sdmpc_rl_machine_b_20260930/probe_p7/sweet_170_skew15_w_s8804/branches/k16_np_bind_afterreturn_np_delta50.0_window10.json,b1ee55f4dd5d38030d01ebea9159f5ae5a35432a2e128d4473bdde0c3a44772d
probe_p7,sweet_170_w,8802,k16_np_bind_afterreturn_np_delta50.0_window10,np_bind,"{""after"": ""return"", ""at"": 16, ""np_delta"": 50.0, ""window"": 10}",16,4587.347295111231,4090.1732779246886,-497.1740171865422,-10.837941520503236,3,298.39719533795164,-795.5712125244936,1319.950812327373,553.4758929009515,373.1169386982678,results/sdmpc_rl_machine_b_20260930/probe_p7/sweet_170_w_s8802/branches/k16_np_bind_afterreturn_np_delta50.0_window10.json,c365caa98d7ab1e09582a3468a7deb36ff9123d72228bd540d78f2f178459a77
probe_p7,sweet_190_w,8805,k16_np_bind_afterreturn_np_delta50.0_window10,np_bind,"{""after"": ""return"", ""at"": 16, ""np_delta"": 50.0, ""window"": 10}",16,6722.940951295352,6386.245042837759,-336.69590845759285,-5.008163999904232,2,256.9869682882977,-593.682876745891,2722.564955870333,1104.6725697566442,720.0,results/sdmpc_rl_machine_b_20260930/probe_p7/sweet_190_w_s8805/branches/k16_np_bind_afterreturn_np_delta50.0_window10.json,1bbd29b458dd26cdebdf4a7bc74cc08c5cc3868b0790b492d5aef8034b0ffbc3
probe_p8,sweet_155_w,8501,k16_actor_p8a_bind100_w16_35_return,actor,"{""at"": 16, ""spec_path"": ""work/sdmpc_rl_perimeter_b_20261001/specs/p8a_bind100_w16_35_return.json"", ""spec_sha256"": ""24a0b18a12640b22593ac0ccefd9f4a69bab2f1e8318c394274006bbb4e0b09f"", ""tag"": ""p8a_bind100_w16_35_return""}",16,3008.4268487153213,3044.163516145231,35.73666742990963,1.1878855370929209,13,37.34325855253951,-1.606591122629652,324.5753265963986,111.05137054756231,189.77577312350513,results/sdmpc_rl_machine_b_20260930/probe_p8/sweet_155_w_s8501/branches/k16_actor_p8a_bind100_w16_35_return.json,a28f1aff859c31b59a01c7509c669b7b78f370735c00c7beeb0439ff29884e1c
probe_p8,sweet_155_w,8501,k16_actor_p8b_bind75_w16_30_return,actor,"{""at"": 16, ""spec_path"": ""work/sdmpc_rl_perimeter_b_20261001/specs/p8b_bind75_w16_30_return.json"", ""spec_sha256"": ""5aeb2dbf579599439c0bd51cf2d9fafa12af59229563f8de67394afcaa90fa84"", ""tag"": ""p8b_bind75_w16_30_return""}",16,3008.4268487153213,3044.5122157280375,36.08536701271623,1.199476298655081,8,35.94953214872726,0.13583486398943023,345.99828603427585,108.38130966688888,185.990727435484,results/sdmpc_rl_machine_b_20260930/probe_p8/sweet_155_w_s8501/branches/k16_actor_p8b_bind75_w16_30_return.json,c007814b1de39f22e9b81e7a6d4d6f13a8e99b4ca37717bb048885d021820f78
probe_p8,sweet_155_w,8501,k16_actor_p8c_bind100_w16_30_return,actor,"{""at"": 16, ""spec_path"": ""work/sdmpc_rl_perimeter_b_20261001/specs/p8c_bind100_w16_30_return.json"", ""spec_sha256"": ""d38d889a1dba6e230f78c7799df7398317594221182631e241144ca7445c07b7"", ""tag"": ""p8c_bind100_w16_30_return""}",16,3008.4268487153213,3044.5122157280375,36.08536701271623,1.199476298655081,8,35.94953214872726,0.13583486398943023,345.99828603427585,108.38130966688888,185.990727435484,results/sdmpc_rl_machine_b_20260930/probe_p8/sweet_155_w_s8501/branches/k16_actor_p8c_bind100_w16_30_return.json,afebbe6b0ea4ed0a3b5f457a6707a7996d66467a1d3f8ff5b60535cbb0903822
probe_p8,sweet_155_w,8701,k16_actor_p8a_bind100_w16_35_return,actor,"{""at"": 16, ""spec_path"": ""work/sdmpc_rl_perimeter_b_20261001/specs/p8a_bind100_w16_35_return.json"", ""spec_sha256"": ""24a0b18a12640b22593ac0ccefd9f4a69bab2f1e8318c394274006bbb4e0b09f"", ""tag"": ""p8a_bind100_w16_35_return""}",16,3141.8528746312377,3108.0796211086617,-33.77325352257594,-1.0749470096221467,13,135.53323312078146,-169.30648664335763,352.74229282090283,165.95826405409787,229.0131437660012,results/sdmpc_rl_machine_b_20260930/probe_p8/sweet_155_w_s8701/branches/k16_actor_p8a_bind100_w16_35_return.json,fb319ab854832dc8c29fdc2ecb465dfddc39895b03f0f55d0efd99cb35bfffd0
probe_p8,sweet_155_w,8701,k16_actor_p8b_bind75_w16_30_return,actor,"{""at"": 16, ""spec_path"": ""work/sdmpc_rl_perimeter_b_20261001/specs/p8b_bind75_w16_30_return.json"", ""spec_sha256"": ""5aeb2dbf579599439c0bd51cf2d9fafa12af59229563f8de67394afcaa90fa84"", ""tag"": ""p8b_bind75_w16_30_return""}",16,3141.8528746312377,3118.049130553879,-23.803744077358715,-0.7576339512763653,8,128.16542322907367,-151.9691673064326,377.6039623181666,145.8611001875524,246.23719876894916,results/sdmpc_rl_machine_b_20260930/probe_p8/sweet_155_w_s8701/branches/k16_actor_p8b_bind75_w16_30_return.json,87fdfa5ca1f2af426588521130c4df29c9d47980858fc76b0ad09936c1212550
probe_p8,sweet_155_w,8701,k16_actor_p8e_bind50_w18_32_return,actor,"{""at"": 16, ""spec_path"": ""work/sdmpc_rl_perimeter_b_20261001/specs/p8e_bind50_w18_32_return.json"", ""spec_sha256"": ""56296341f80e723ba6b1d1eda09d6bf2daa981cc2121bb1a49977dcc9f67e5ee"", ""tag"": ""p8e_bind50_w18_32_return""}",16,3141.8528746312377,3116.050634388994,-25.802240242243897,-0.8212427911753294,9,115.99143133603252,-141.79367157827664,388.58829902613934,138.91140930354018,180.8133698433488,results/sdmpc_rl_machine_b_20260930/probe_p8/sweet_155_w_s8701/branches/k16_actor_p8e_bind50_w18_32_return.json,6cefb4e6f8b66b8540d54027f320097de18d6ad45a877af0964d450d65da3d1e
probe_p8,sweet_155_w,8701,k16_actor_p8f_bind50_w16_27_return,actor,"{""at"": 16, ""spec_path"": ""work/sdmpc_rl_perimeter_b_20261001/specs/p8f_bind50_w16_27_return.json"", ""spec_sha256"": ""b2fc52050d174d5d5778aa64a761eb5ab28e8ebd862fdbe9c8d8eabc792ea613"", ""tag"": ""p8f_bind50_w16_27_return""}",16,3141.8528746312377,3131.101705635726,-10.751168995511762,-0.34219199384928667,5,134.5665698996886,-145.3177388952006,391.71441436537185,125.58764289315273,269.32625806390365,results/sdmpc_rl_machine_b_20260930/probe_p8/sweet_155_w_s8701/branches/k16_actor_p8f_bind50_w16_27_return.json,007d43e3cac0ed1fa998d310fcf7e2268f61a4fd44c9ed040dac366a5666d17d
probe_p8,sweet_155_w,8801,k16_actor_p8a_bind100_w16_35_return,actor,"{""at"": 16, ""spec_path"": ""work/sdmpc_rl_perimeter_b_20261001/specs/p8a_bind100_w16_35_return.json"", ""spec_sha256"": ""24a0b18a12640b22593ac0ccefd9f4a69bab2f1e8318c394274006bbb4e0b09f"", ""tag"": ""p8a_bind100_w16_35_return""}",16,3118.369599765767,3101.651419829088,-16.718179936679007,-0.5361192572533665,12,156.52157645010539,-173.23975638678485,291.91148187070957,136.50235383760193,354.34909781388154,results/sdmpc_rl_machine_b_20260930/probe_p8/sweet_155_w_s8801/branches/k16_actor_p8a_bind100_w16_35_return.json,643f34fda577a1838f2aa004b948b960ba31436659a7d7b3c503ec3b3b8a042c
probe_p8,sweet_155_w,8801,k16_actor_p8b_bind75_w16_30_return,actor,"{""at"": 16, ""spec_path"": ""work/sdmpc_rl_perimeter_b_20261001/specs/p8b_bind75_w16_30_return.json"", ""spec_sha256"": ""5aeb2dbf579599439c0bd51cf2d9fafa12af59229563f8de67394afcaa90fa84"", ""tag"": ""p8b_bind75_w16_30_return""}",16,3118.369599765767,3105.9460572410135,-12.42354252475343,-0.398398654402179,8,114.09766251580709,-126.52120504056074,419.0284500519878,125.43137024258543,272.6744624439009,results/sdmpc_rl_machine_b_20260930/probe_p8/sweet_155_w_s8801/branches/k16_actor_p8b_bind75_w16_30_return.json,89b2201d4b981a1d5b754c8f693a684be973737c74066074e952cd9264a92c8f
probe_p8,sweet_155_w,8801,k16_actor_p8e_bind50_w18_32_return,actor,"{""at"": 16, ""spec_path"": ""work/sdmpc_rl_perimeter_b_20261001/specs/p8e_bind50_w18_32_return.json"", ""spec_sha256"": ""56296341f80e723ba6b1d1eda09d6bf2daa981cc2121bb1a49977dcc9f67e5ee"", ""tag"": ""p8e_bind50_w18_32_return""}",16,3118.369599765767,3148.096164811043,29.726565045275947,0.9532726668291285,9,133.36659466956394,-103.64002962428822,459.4606369021586,193.31430330890527,293.8433427564445,results/sdmpc_rl_machine_b_20260930/probe_p8/sweet_155_w_s8801/branches/k16_actor_p8e_bind50_w18_32_return.json,369501ae238153f82fc945fdadcc121deac641ee7ddcd82ae99dfc50581d6521
probe_p8,sweet_155_w,8801,k16_actor_p8f_bind50_w16_27_return,actor,"{""at"": 16, ""spec_path"": ""work/sdmpc_rl_perimeter_b_20261001/specs/p8f_bind50_w16_27_return.json"", ""spec_sha256"": ""b2fc52050d174d5d5778aa64a761eb5ab28e8ebd862fdbe9c8d8eabc792ea613"", ""tag"": ""p8f_bind50_w16_27_return""}",16,3118.369599765767,3135.3570790493623,16.98747928359535,0.5447551593907067,5,84.27934823575492,-67.2918689521598,550.3416122887826,113.49565146601877,215.83251922543303,results/sdmpc_rl_machine_b_20260930/probe_p8/sweet_155_w_s8801/branches/k16_actor_p8f_bind50_w16_27_return.json,1781dcb40205ddea675606749fa863c7e8f404b14ad8ff78aec86df302e510c4
probe_p8,sweet_170_incident_w,8503,k16_actor_p8a_bind100_w16_35_return,actor,"{""at"": 16, ""spec_path"": ""work/sdmpc_rl_perimeter_b_20261001/specs/p8a_bind100_w16_35_return.json"", ""spec_sha256"": ""24a0b18a12640b22593ac0ccefd9f4a69bab2f1e8318c394274006bbb4e0b09f"", ""tag"": ""p8a_bind100_w16_35_return""}",16,5798.393421180555,5698.03113224601,-100.36228893454518,-1.730863734908684,10,-116.17034855593784,15.808059621392431,1308.3066751601327,596.6505150918119,548.2198056943048,results/sdmpc_rl_machine_b_20260930/probe_p8/sweet_170_incident_w_s8503/branches/k16_actor_p8a_bind100_w16_35_return.json,6e1bd5d0e16dc0d21779ee4f7fb89a38828b6ff00669946a6d7ee6c0e44be688
probe_p8,sweet_170_incident_w,8503,k16_actor_p8b_bind75_w16_30_return,actor,"{""at"": 16, ""spec_path"": ""work/sdmpc_rl_perimeter_b_20261001/specs/p8b_bind75_w16_30_return.json"", ""spec_sha256"": ""5aeb2dbf579599439c0bd51cf2d9fafa12af59229563f8de67394afcaa90fa84"", ""tag"": ""p8b_bind75_w16_30_return""}",16,5798.393421180555,5607.494600385012,-190.89882079554354,-3.292270926257302,7,-233.33280986424734,42.43398906870402,1365.4118734718531,576.4536171395509,546.2113640653708,results/sdmpc_rl_machine_b_20260930/probe_p8/sweet_170_incident_w_s8503/branches/k16_actor_p8b_bind75_w16_30_return.json,4d12835c51e77f7e1b3ccd53e94db0aa90f7d6951eb1c56678401b55f1c91995
probe_p8,sweet_170_incident_w,8703,k16_actor_p8a_bind100_w16_35_return,actor,"{""at"": 16, ""spec_path"": ""work/sdmpc_rl_perimeter_b_20261001/specs/p8a_bind100_w16_35_return.json"", ""spec_sha256"": ""24a0b18a12640b22593ac0ccefd9f4a69bab2f1e8318c394274006bbb4e0b09f"", ""tag"": ""p8a_bind100_w16_35_return""}",16,6064.946147276036,5941.912003844505,-123.03414343153054,-2.0286106495238903,11,421.951611091366,-544.9857545228963,1078.7326914774699,343.99998374141916,680.3083177977292,results/sdmpc_rl_machine_b_20260930/probe_p8/sweet_170_incident_w_s8703/branches/k16_actor_p8a_bind100_w16_35_return.json,53e2af14289a1a12f76087b37f33bc453989fe50bdc59037905f6107da7999bc
probe_p8,sweet_170_incident_w,8703,k16_actor_p8b_bind75_w16_30_return,actor,"{""at"": 16, ""spec_path"": ""work/sdmpc_rl_perimeter_b_20261001/specs/p8b_bind75_w16_30_return.json"", ""spec_sha256"": ""5aeb2dbf579599439c0bd51cf2d9fafa12af59229563f8de67394afcaa90fa84"", ""tag"": ""p8b_bind75_w16_30_return""}",16,6064.946147276036,5924.0742766475305,-140.87187062850535,-2.322722530550011,8,185.9527691786543,-326.82463980715875,1405.209924220095,401.2421762902977,713.8188508347115,results/sdmpc_rl_machine_b_20260930/probe_p8/sweet_170_incident_w_s8703/branches/k16_actor_p8b_bind75_w16_30_return.json,5d209479fdd11e69a2184208c89618b6ac355e01b22820f912c1080227dd3d93
probe_p8,sweet_170_incident_w,8703,k16_actor_p8e_bind50_w18_32_return,actor,"{""at"": 16, ""spec_path"": ""work/sdmpc_rl_perimeter_b_20261001/specs/p8e_bind50_w18_32_return.json"", ""spec_sha256"": ""56296341f80e723ba6b1d1eda09d6bf2daa981cc2121bb1a49977dcc9f67e5ee"", ""tag"": ""p8e_bind50_w18_32_return""}",16,6064.946147276036,6161.528092118696,96.58194484266005,1.5924617053036512,6,92.84726127425392,3.734683568406581,1565.3017928569486,465.9451317274525,720.0,results/sdmpc_rl_machine_b_20260930/probe_p8/sweet_170_incident_w_s8703/branches/k16_actor_p8e_bind50_w18_32_return.json,8d65c6192147ae7675b68f7f576ab649f7ca4893469d78034c5d9f67af71dbe5
probe_p8,sweet_170_incident_w,8703,k16_actor_p8f_bind50_w16_27_return,actor,"{""at"": 16, ""spec_path"": ""work/sdmpc_rl_perimeter_b_20261001/specs/p8f_bind50_w16_27_return.json"", ""spec_sha256"": ""b2fc52050d174d5d5778aa64a761eb5ab28e8ebd862fdbe9c8d8eabc792ea613"", ""tag"": ""p8f_bind50_w16_27_return""}",16,6064.946147276036,6090.875051022456,25.928903746420474,0.4275207580872913,5,366.4501746596852,-340.5212709132643,1643.3001724515207,685.9844910866938,509.8439922584908,results/sdmpc_rl_machine_b_20260930/probe_p8/sweet_170_incident_w_s8703/branches/k16_actor_p8f_bind50_w16_27_return.json,e3833837a030141c935867fca53a1ab84d652bb71c629091b1419386fc6fa438
probe_p8,sweet_170_incident_w,8803,k16_actor_p8b_bind75_w16_30_return,actor,"{""at"": 16, ""spec_path"": ""work/sdmpc_rl_perimeter_b_20261001/specs/p8b_bind75_w16_30_return.json"", ""spec_sha256"": ""5aeb2dbf579599439c0bd51cf2d9fafa12af59229563f8de67394afcaa90fa84"", ""tag"": ""p8b_bind75_w16_30_return""}",16,5996.860524831128,6092.687343367486,95.82681853635859,1.5979497628729173,7,-189.64265090995468,285.4694694463137,1599.04005138823,612.1398196029565,684.44343706002,results/sdmpc_rl_machine_b_20260930/probe_p8/sweet_170_incident_w_s8803/branches/k16_actor_p8b_bind75_w16_30_return.json,77a5f183d6ee10aad8b196026f5d7a91ad58caf84cfbabc8439b9ce85d96bf8b
probe_p8,sweet_170_incident_w,8803,k16_actor_p8e_bind50_w18_32_return,actor,"{""at"": 16, ""spec_path"": ""work/sdmpc_rl_perimeter_b_20261001/specs/p8e_bind50_w18_32_return.json"", ""spec_sha256"": ""56296341f80e723ba6b1d1eda09d6bf2daa981cc2121bb1a49977dcc9f67e5ee"", ""tag"": ""p8e_bind50_w18_32_return""}",16,5996.860524831128,5717.92449720209,-278.9360276290381,-4.651367602665613,6,-59.51135050281937,-219.4246771262185,1193.5497429898344,407.48655110383896,546.1343315255625,results/sdmpc_rl_machine_b_20260930/probe_p8/sweet_170_incident_w_s8803/branches/k16_actor_p8e_bind50_w18_32_return.json,37c2a93c5ec7781da75f4775ee9504302f131cda0b0b3c088616f70bafaea671
probe_p8,sweet_170_incident_w,8803,k16_actor_p8f_bind50_w16_27_return,actor,"{""at"": 16, ""spec_path"": ""work/sdmpc_rl_perimeter_b_20261001/specs/p8f_bind50_w16_27_return.json"", ""spec_sha256"": ""b2fc52050d174d5d5778aa64a761eb5ab28e8ebd862fdbe9c8d8eabc792ea613"", ""tag"": ""p8f_bind50_w16_27_return""}",16,5996.860524831128,6002.932051776824,6.07152694569595,0.10124509183689787,4,-147.0456649517223,153.11719189741825,1501.9667916847282,568.7640657548396,687.1624941429682,results/sdmpc_rl_machine_b_20260930/probe_p8/sweet_170_incident_w_s8803/branches/k16_actor_p8f_bind50_w16_27_return.json,ab7a8fa867948758c73c0556280d9dc16f8dc9bd8b8c240011ace57bfda741d3
probe_p8,sweet_170_skew15_w,8504,k16_actor_p8a_bind100_w16_35_return,actor,"{""at"": 16, ""spec_path"": ""work/sdmpc_rl_perimeter_b_20261001/specs/p8a_bind100_w16_35_return.json"", ""spec_sha256"": ""24a0b18a12640b22593ac0ccefd9f4a69bab2f1e8318c394274006bbb4e0b09f"", ""tag"": ""p8a_bind100_w16_35_return""}",16,4269.974054906601,4109.499762061325,-160.47429284527607,-3.7582029956569887,7,438.6511314170166,-599.1254242622929,1124.2904939897044,526.0440067884904,655.3715446185206,results/sdmpc_rl_machine_b_20260930/probe_p8/sweet_170_skew15_w_s8504/branches/k16_actor_p8a_bind100_w16_35_return.json,18e9d76f05a4310340742aadf2fffda4d8e6c3f703356f7adfb748886e1eb350
probe_p8,sweet_170_skew15_w,8504,k16_actor_p8b_bind75_w16_30_return,actor,"{""at"": 16, ""spec_path"": ""work/sdmpc_rl_perimeter_b_20261001/specs/p8b_bind75_w16_30_return.json"", ""spec_sha256"": ""5aeb2dbf579599439c0bd51cf2d9fafa12af59229563f8de67394afcaa90fa84"", ""tag"": ""p8b_bind75_w16_30_return""}",16,4269.974054906601,4245.64817969978,-24.325875206821365,-0.5696960893443521,5,314.6228214968719,-338.9486967036935,1450.0966159297482,626.1446596496422,445.8065426258888,results/sdmpc_rl_machine_b_20260930/probe_p8/sweet_170_skew15_w_s8504/branches/k16_actor_p8b_bind75_w16_30_return.json,cc6bea37b6888e5218b538f590db34506b631dfa17e3d1873c8f7891e4311838
probe_p8,sweet_170_skew15_w,8704,k16_actor_p8a_bind100_w16_35_return,actor,"{""at"": 16, ""spec_path"": ""work/sdmpc_rl_perimeter_b_20261001/specs/p8a_bind100_w16_35_return.json"", ""spec_sha256"": ""24a0b18a12640b22593ac0ccefd9f4a69bab2f1e8318c394274006bbb4e0b09f"", ""tag"": ""p8a_bind100_w16_35_return""}",16,4164.606307736705,4306.712294329853,142.10598659314746,3.4122309791721057,8,103.82774988088386,38.27823671226406,1275.1793631084752,636.8525747870393,696.0869612617287,results/sdmpc_rl_machine_b_20260930/probe_p8/sweet_170_skew15_w_s8704/branches/k16_actor_p8a_bind100_w16_35_return.json,54898da164eb6fc5c037cd295207385689f94d0192e49f132201c3ddc78b24be
probe_p8,sweet_170_skew15_w,8704,k16_actor_p8b_bind75_w16_30_return,actor,"{""at"": 16, ""spec_path"": ""work/sdmpc_rl_perimeter_b_20261001/specs/p8b_bind75_w16_30_return.json"", ""spec_sha256"": ""5aeb2dbf579599439c0bd51cf2d9fafa12af59229563f8de67394afcaa90fa84"", ""tag"": ""p8b_bind75_w16_30_return""}",16,4164.606307736705,4288.063986140309,123.4576784036035,2.9644501612133833,6,62.385512794260194,61.072165609343756,1429.1331025180366,653.399807672223,528.8124579388846,results/sdmpc_rl_machine_b_20260930/probe_p8/sweet_170_skew15_w_s8704/branches/k16_actor_p8b_bind75_w16_30_return.json,ae51ff7ad264e4f6fe67018dae58c154ab239be0e64e3058d2daddf9adf82f1f
probe_p8,sweet_170_skew15_w,8704,k16_actor_p8e_bind50_w18_32_return,actor,"{""at"": 16, ""spec_path"": ""work/sdmpc_rl_perimeter_b_20261001/specs/p8e_bind50_w18_32_return.json"", ""spec_sha256"": ""56296341f80e723ba6b1d1eda09d6bf2daa981cc2121bb1a49977dcc9f67e5ee"", ""tag"": ""p8e_bind50_w18_32_return""}",16,4164.606307736705,4120.189500025793,-44.41680771091251,-1.0665307697488275,6,126.46671341063848,-170.88352112155098,1026.2943214819832,399.1083642474796,591.5462897999663,results/sdmpc_rl_machine_b_20260930/probe_p8/sweet_170_skew15_w_s8704/branches/k16_actor_p8e_bind50_w18_32_return.json,8ce950e1cdc4c26852c6d3c77dea5cce29243bea6fa3f0d4d8e7a345d23de04e
probe_p8,sweet_170_skew15_w,8704,k16_actor_p8f_bind50_w16_27_return,actor,"{""at"": 16, ""spec_path"": ""work/sdmpc_rl_perimeter_b_20261001/specs/p8f_bind50_w16_27_return.json"", ""spec_sha256"": ""b2fc52050d174d5d5778aa64a761eb5ab28e8ebd862fdbe9c8d8eabc792ea613"", ""tag"": ""p8f_bind50_w16_27_return""}",16,4164.606307736705,4303.244238752435,138.63793101572992,3.3289564672218446,4,41.800368520117445,96.8375624956127,1461.022690466606,640.2979983329326,468.39366769715235,results/sdmpc_rl_machine_b_20260930/probe_p8/sweet_170_skew15_w_s8704/branches/k16_actor_p8f_bind50_w16_27_return.json,906aa054eed0d24929760f4decef8b0ea2eba638e769d9636d7496c4584a1d31
probe_p8,sweet_170_skew15_w,8804,k16_actor_p8b_bind75_w16_30_return,actor,"{""at"": 16, ""spec_path"": ""work/sdmpc_rl_perimeter_b_20261001/specs/p8b_bind75_w16_30_return.json"", ""spec_sha256"": ""5aeb2dbf579599439c0bd51cf2d9fafa12af59229563f8de67394afcaa90fa84"", ""tag"": ""p8b_bind75_w16_30_return""}",16,4418.333625943078,5105.401071171937,687.0674452288586,15.550374946667961,9,-54.09264713575203,741.160092364611,1698.4466116729154,700.7285540566432,717.5315325416482,results/sdmpc_rl_machine_b_20260930/probe_p8/sweet_170_skew15_w_s8804/branches/k16_actor_p8b_bind75_w16_30_return.json,0765d50111348cad3bb3a34eb7790cd43a72ee8c13b058ad5a313001078ec2d5
probe_p8,sweet_170_skew15_w,8804,k16_actor_p8e_bind50_w18_32_return,actor,"{""at"": 16, ""spec_path"": ""work/sdmpc_rl_perimeter_b_20261001/specs/p8e_bind50_w18_32_return.json"", ""spec_sha256"": ""56296341f80e723ba6b1d1eda09d6bf2daa981cc2121bb1a49977dcc9f67e5ee"", ""tag"": ""p8e_bind50_w18_32_return""}",16,4418.333625943078,4576.833603759871,158.49997781679303,3.5873247978860303,6,25.61895678086057,132.88102103593246,1257.8182664371377,552.0269830094746,689.16516873019,results/sdmpc_rl_machine_b_20260930/probe_p8/sweet_170_skew15_w_s8804/branches/k16_actor_p8e_bind50_w18_32_return.json,b1390edd0be39e0f71b921ebbf05d1e2f8cf5da2b12fc097bff870d322fd49b7
probe_p8,sweet_170_skew15_w,8804,k16_actor_p8f_bind50_w16_27_return,actor,"{""at"": 16, ""spec_path"": ""work/sdmpc_rl_perimeter_b_20261001/specs/p8f_bind50_w16_27_return.json"", ""spec_sha256"": ""b2fc52050d174d5d5778aa64a761eb5ab28e8ebd862fdbe9c8d8eabc792ea613"", ""tag"": ""p8f_bind50_w16_27_return""}",16,4418.333625943078,5108.530225311307,690.1965993682288,15.621196989643549,6,-118.23585122785971,808.432450596089,1859.5794355461296,695.736244045208,702.5889064953642,results/sdmpc_rl_machine_b_20260930/probe_p8/sweet_170_skew15_w_s8804/branches/k16_actor_p8f_bind50_w16_27_return.json,0348130e0ea1ee4d83410c5d859252105c68f8c8f01ebe721c3f5ce7ffa3791d
probe_p8,sweet_170_w,8502,k16_actor_p8a_bind100_w16_35_return,actor,"{""at"": 16, ""spec_path"": ""work/sdmpc_rl_perimeter_b_20261001/specs/p8a_bind100_w16_35_return.json"", ""spec_sha256"": ""24a0b18a12640b22593ac0ccefd9f4a69bab2f1e8318c394274006bbb4e0b09f"", ""tag"": ""p8a_bind100_w16_35_return""}",16,4300.193461954603,4024.645633715936,-275.5478282386666,-6.407800734467876,8,175.5254226145098,-451.07325085317575,954.4835024509654,411.9812781717646,617.5367725425051,results/sdmpc_rl_machine_b_20260930/probe_p8/sweet_170_w_s8502/branches/k16_actor_p8a_bind100_w16_35_return.json,15f5022a250931e2e5dc0ddd74dfd838455358c2fd4880c8f5cc2cd5321981fd
probe_p8,sweet_170_w,8502,k16_actor_p8b_bind75_w16_30_return,actor,"{""at"": 16, ""spec_path"": ""work/sdmpc_rl_perimeter_b_20261001/specs/p8b_bind75_w16_30_return.json"", ""spec_sha256"": ""5aeb2dbf579599439c0bd51cf2d9fafa12af59229563f8de67394afcaa90fa84"", ""tag"": ""p8b_bind75_w16_30_return""}",16,4300.193461954603,3967.147941037432,-333.04552091717096,-7.744896220687452,5,150.9048739199793,-483.9503948371498,934.0572382586635,305.6410733519087,567.1450575535632,results/sdmpc_rl_machine_b_20260930/probe_p8/sweet_170_w_s8502/branches/k16_actor_p8b_bind75_w16_30_return.json,e57890786b5b50c473b40470e12db77d81ab87e8a002df5cefb16ca974978262
probe_p8,sweet_170_w,8502,k16_actor_p8c_bind100_w16_30_return,actor,"{""at"": 16, ""spec_path"": ""work/sdmpc_rl_perimeter_b_20261001/specs/p8c_bind100_w16_30_return.json"", ""spec_sha256"": ""d38d889a1dba6e230f78c7799df7398317594221182631e241144ca7445c07b7"", ""tag"": ""p8c_bind100_w16_30_return""}",16,4300.193461954603,3967.147941037432,-333.04552091717096,-7.744896220687452,5,150.9048739199793,-483.9503948371498,934.0572382586635,305.6410733519087,567.1450575535632,results/sdmpc_rl_machine_b_20260930/probe_p8/sweet_170_w_s8502/branches/k16_actor_p8c_bind100_w16_30_return.json,2f39aec7776e15aab97f8820c4caf6c8a83869b8e01c219b03e7815b7bb8b13d
probe_p8,sweet_170_w,8702,k16_actor_p8a_bind100_w16_35_return,actor,"{""at"": 16, ""spec_path"": ""work/sdmpc_rl_perimeter_b_20261001/specs/p8a_bind100_w16_35_return.json"", ""spec_sha256"": ""24a0b18a12640b22593ac0ccefd9f4a69bab2f1e8318c394274006bbb4e0b09f"", ""tag"": ""p8a_bind100_w16_35_return""}",16,4265.859848414038,4383.292275320478,117.43242690644001,2.7528430628141485,11,405.88373366726546,-288.4513067608257,1063.0062703504286,397.9959986302881,590.2919381008327,results/sdmpc_rl_machine_b_20260930/probe_p8/sweet_170_w_s8702/branches/k16_actor_p8a_bind100_w16_35_return.json,28dade7a8c6985b964671f2a2550306e839365654e07020cf2b21a6a49e418ba
probe_p8,sweet_170_w,8702,k16_actor_p8b_bind75_w16_30_return,actor,"{""at"": 16, ""spec_path"": ""work/sdmpc_rl_perimeter_b_20261001/specs/p8b_bind75_w16_30_return.json"", ""spec_sha256"": ""5aeb2dbf579599439c0bd51cf2d9fafa12af59229563f8de67394afcaa90fa84"", ""tag"": ""p8b_bind75_w16_30_return""}",16,4265.859848414038,4314.398239845611,48.53839143157256,1.1378337112884327,7,319.7741361474691,-271.23574471589654,1233.2910407094296,442.4478352129435,692.4935386464481,results/sdmpc_rl_machine_b_20260930/probe_p8/sweet_170_w_s8702/branches/k16_actor_p8b_bind75_w16_30_return.json,cddfd85c681f1cb9553f4832ae7dd46bcd9af88cf596783e6f3a20ca88988a56
probe_p8,sweet_170_w,8702,k16_actor_p8e_bind50_w18_32_return,actor,"{""at"": 16, ""spec_path"": ""work/sdmpc_rl_perimeter_b_20261001/specs/p8e_bind50_w18_32_return.json"", ""spec_sha256"": ""56296341f80e723ba6b1d1eda09d6bf2daa981cc2121bb1a49977dcc9f67e5ee"", ""tag"": ""p8e_bind50_w18_32_return""}",16,4265.859848414038,4432.936154161309,167.07630574727045,3.9165915356873735,6,-12.167266870754702,179.24357261802584,1453.3279291617841,649.1989946875386,411.708989131956,results/sdmpc_rl_machine_b_20260930/probe_p8/sweet_170_w_s8702/branches/k16_actor_p8e_bind50_w18_32_return.json,a416d6bad45920fc6a5c28c5e66ce28a362271d1363fd6b34c0f79a3d94359cb
probe_p8,sweet_170_w,8702,k16_actor_p8f_bind50_w16_27_return,actor,"{""at"": 16, ""spec_path"": ""work/sdmpc_rl_perimeter_b_20261001/specs/p8f_bind50_w16_27_return.json"", ""spec_sha256"": ""b2fc52050d174d5d5778aa64a761eb5ab28e8ebd862fdbe9c8d8eabc792ea613"", ""tag"": ""p8f_bind50_w16_27_return""}",16,4265.859848414038,4415.798780330261,149.93893191622283,3.5148583695727167,5,157.26480459291815,-7.325872676695099,1531.094722134236,557.1289362338334,545.6769016951898,results/sdmpc_rl_machine_b_20260930/probe_p8/sweet_170_w_s8702/branches/k16_actor_p8f_bind50_w16_27_return.json,ae6f22319edf044a90a46cce95309623590b438a2ad0fcfd2ce016994edb2095
probe_p8,sweet_170_w,8802,k16_actor_p8b_bind75_w16_30_return,actor,"{""at"": 16, ""spec_path"": ""work/sdmpc_rl_perimeter_b_20261001/specs/p8b_bind75_w16_30_return.json"", ""spec_sha256"": ""5aeb2dbf579599439c0bd51cf2d9fafa12af59229563f8de67394afcaa90fa84"", ""tag"": ""p8b_bind75_w16_30_return""}",16,4587.347295111231,4075.79597219534,-511.551322915891,-11.15135371287574,5,291.24500616967794,-802.7963290855687,1286.4711330058105,576.2600852907674,367.7217913841635,results/sdmpc_rl_machine_b_20260930/probe_p8/sweet_170_w_s8802/branches/k16_actor_p8b_bind75_w16_30_return.json,9d35b048801b178f7dc400fa773416718966e0265a20e56822e383503bfd04b6
probe_p8,sweet_170_w,8802,k16_actor_p8e_bind50_w18_32_return,actor,"{""at"": 16, ""spec_path"": ""work/sdmpc_rl_perimeter_b_20261001/specs/p8e_bind50_w18_32_return.json"", ""spec_sha256"": ""56296341f80e723ba6b1d1eda09d6bf2daa981cc2121bb1a49977dcc9f67e5ee"", ""tag"": ""p8e_bind50_w18_32_return""}",16,4587.347295111231,4053.3052403564925,-534.0420547547383,-11.641631217324024,7,413.09285076527135,-947.1349055200096,1034.8726222698424,349.19926977312525,492.7435226099952,results/sdmpc_rl_machine_b_20260930/probe_p8/sweet_170_w_s8802/branches/k16_actor_p8e_bind50_w18_32_return.json,0c133fc9eaacfe91e0717df95b19453a8fee0c285ba04a791b8aaaed1b737dd8
probe_p8,sweet_170_w,8802,k16_actor_p8f_bind50_w16_27_return,actor,"{""at"": 16, ""spec_path"": ""work/sdmpc_rl_perimeter_b_20261001/specs/p8f_bind50_w16_27_return.json"", ""spec_sha256"": ""b2fc52050d174d5d5778aa64a761eb5ab28e8ebd862fdbe9c8d8eabc792ea613"", ""tag"": ""p8f_bind50_w16_27_return""}",16,4587.347295111231,4141.37445914783,-445.97283596340094,-9.721802324377695,4,281.68147955689096,-727.6543155202914,1392.5109472560903,621.1775144224073,370.0747034550092,results/sdmpc_rl_machine_b_20260930/probe_p8/sweet_170_w_s8802/branches/k16_actor_p8f_bind50_w16_27_return.json,91e934a17ae559cd6efd79ef715988cd00b26889c15a92dae4d3d178145684c7
probe_p8,sweet_190_w,8505,k16_actor_p8a_bind100_w16_35_return,actor,"{""at"": 16, ""spec_path"": ""work/sdmpc_rl_perimeter_b_20261001/specs/p8a_bind100_w16_35_return.json"", ""spec_sha256"": ""24a0b18a12640b22593ac0ccefd9f4a69bab2f1e8318c394274006bbb4e0b09f"", ""tag"": ""p8a_bind100_w16_35_return""}",16,6444.228780253492,6788.5925441307445,344.3637638772525,5.3437544758258335,9,847.4104332792499,-503.0466694019974,2496.244620082237,1248.5040690246933,720.0,results/sdmpc_rl_machine_b_20260930/probe_p8/sweet_190_w_s8505/branches/k16_actor_p8a_bind100_w16_35_return.json,17dcdca0f82f2d634c88940723bdaa97232e1594ffced3084c24dfacf6b4ede2
probe_p8,sweet_190_w,8505,k16_actor_p8b_bind75_w16_30_return,actor,"{""at"": 16, ""spec_path"": ""work/sdmpc_rl_perimeter_b_20261001/specs/p8b_bind75_w16_30_return.json"", ""spec_sha256"": ""5aeb2dbf579599439c0bd51cf2d9fafa12af59229563f8de67394afcaa90fa84"", ""tag"": ""p8b_bind75_w16_30_return""}",16,6444.228780253492,6960.031842157923,515.8030619044312,8.004108474313686,5,696.6913560148951,-180.8882941104639,2756.561268348837,1254.9655156719675,720.0,results/sdmpc_rl_machine_b_20260930/probe_p8/sweet_190_w_s8505/branches/k16_actor_p8b_bind75_w16_30_return.json,83070d044589a30b6c486937b1b3eed30c413aafe6c240d13ea8dafc46e9819c
probe_p8,sweet_190_w,8605,k16_actor_p8a_bind100_w16_35_return,actor,"{""at"": 16, ""spec_path"": ""work/sdmpc_rl_perimeter_b_20261001/specs/p8a_bind100_w16_35_return.json"", ""spec_sha256"": ""24a0b18a12640b22593ac0ccefd9f4a69bab2f1e8318c394274006bbb4e0b09f"", ""tag"": ""p8a_bind100_w16_35_return""}",16,7171.00646533273,6704.330069934798,-466.6763953979316,-6.507822823114386,9,739.6328968976482,-1206.3092922955793,2579.44285037491,1259.76367904508,720.0,results/sdmpc_rl_machine_b_20260930/probe_p8/sweet_190_w_s8605/branches/k16_actor_p8a_bind100_w16_35_return.json,adaced1ec47c7a45ce0c6f8ae03be055e7159c01b39b587be9a0a07fb2c8f655
probe_p8,sweet_190_w,8605,k16_actor_p8b_bind75_w16_30_return,actor,"{""at"": 16, ""spec_path"": ""work/sdmpc_rl_perimeter_b_20261001/specs/p8b_bind75_w16_30_return.json"", ""spec_sha256"": ""5aeb2dbf579599439c0bd51cf2d9fafa12af59229563f8de67394afcaa90fa84"", ""tag"": ""p8b_bind75_w16_30_return""}",16,7171.00646533273,6857.77516133598,-313.2313039967503,-4.368024286563191,4,558.4151514213281,-871.6464554180789,2583.851597704848,1283.5274751038257,720.0,results/sdmpc_rl_machine_b_20260930/probe_p8/sweet_190_w_s8605/branches/k16_actor_p8b_bind75_w16_30_return.json,eaaffc434f0e2c2db558f0ee943067fa348ce0bf80001048ab331d05fc27204d
probe_p8,sweet_190_w,8705,k16_actor_p8a_bind100_w16_35_return,actor,"{""at"": 16, ""spec_path"": ""work/sdmpc_rl_perimeter_b_20261001/specs/p8a_bind100_w16_35_return.json"", ""spec_sha256"": ""24a0b18a12640b22593ac0ccefd9f4a69bab2f1e8318c394274006bbb4e0b09f"", ""tag"": ""p8a_bind100_w16_35_return""}",16,6847.329504795417,10182.003881118071,3334.674376322654,48.700363754764076,8,146.01421899763454,3188.66015732502,3574.9707340061564,1334.8137177187282,720.0,results/sdmpc_rl_machine_b_20260930/probe_p8/sweet_190_w_s8705/branches/k16_actor_p8a_bind100_w16_35_return.json,e843409acfda3ea9b662a75cde0c68484cb2784e8a14bfa78a9a3a6d139411c0
probe_p8,sweet_190_w,8705,k16_actor_p8b_bind75_w16_30_return,actor,"{""at"": 16, ""spec_path"": ""work/sdmpc_rl_perimeter_b_20261001/specs/p8b_bind75_w16_30_return.json"", ""spec_sha256"": ""5aeb2dbf579599439c0bd51cf2d9fafa12af59229563f8de67394afcaa90fa84"", ""tag"": ""p8b_bind75_w16_30_return""}",16,6847.329504795417,10182.003881118071,3334.674376322654,48.700363754764076,8,146.01421899763454,3188.66015732502,3574.9707340061564,1334.8137177187282,720.0,results/sdmpc_rl_machine_b_20260930/probe_p8/sweet_190_w_s8705/branches/k16_actor_p8b_bind75_w16_30_return.json,8fbb5ef1a9a0157690aae2cf6bce74a2fa36e986044841c3a4ac7b1425154d4a
probe_p8,sweet_190_w,8705,k16_actor_p8e_bind50_w18_32_return,actor,"{""at"": 16, ""spec_path"": ""work/sdmpc_rl_perimeter_b_20261001/specs/p8e_bind50_w18_32_return.json"", ""spec_sha256"": ""56296341f80e723ba6b1d1eda09d6bf2daa981cc2121bb1a49977dcc9f67e5ee"", ""tag"": ""p8e_bind50_w18_32_return""}",16,6847.329504795417,6631.213503611783,-216.11600118363367,-3.1562085778445494,8,108.86060304486591,-324.9766042284996,2549.8261641927024,1160.1872823592344,718.8939276158474,results/sdmpc_rl_machine_b_20260930/probe_p8/sweet_190_w_s8705/branches/k16_actor_p8e_bind50_w18_32_return.json,b505e5662008875275b676e8d6a987cfd0695ad5003f95100ff5802e9e452332
probe_p8,sweet_190_w,8705,k16_actor_p8f_bind50_w16_27_return,actor,"{""at"": 16, ""spec_path"": ""work/sdmpc_rl_perimeter_b_20261001/specs/p8f_bind50_w16_27_return.json"", ""spec_sha256"": ""b2fc52050d174d5d5778aa64a761eb5ab28e8ebd862fdbe9c8d8eabc792ea613"", ""tag"": ""p8f_bind50_w16_27_return""}",16,6847.329504795417,10971.848763014606,4124.519258219189,60.23544296109379,9,602.2181206626537,3522.3011375565357,4012.7566433428283,1790.4454625619214,720.0,results/sdmpc_rl_machine_b_20260930/probe_p8/sweet_190_w_s8705/branches/k16_actor_p8f_bind50_w16_27_return.json,4ee723056aa34da8313339eec16364431efa8bf397cfa1856577c2cbf1f7967b
probe_p8,sweet_190_w,8805,k16_actor_p8b_bind75_w16_30_return,actor,"{""at"": 16, ""spec_path"": ""work/sdmpc_rl_perimeter_b_20261001/specs/p8b_bind75_w16_30_return.json"", ""spec_sha256"": ""5aeb2dbf579599439c0bd51cf2d9fafa12af59229563f8de67394afcaa90fa84"", ""tag"": ""p8b_bind75_w16_30_return""}",16,6722.940951295352,6471.750153136717,-251.1907981586346,-3.736323135639561,5,553.6680717332115,-804.8588698918466,2415.2238262386923,1100.0166361562103,720.0,results/sdmpc_rl_machine_b_20260930/probe_p8/sweet_190_w_s8805/branches/k16_actor_p8b_bind75_w16_30_return.json,2a4ad8ca24ffdfada89490007d2ad2da65890cddd5e18b0fab01c07f3975a58f
probe_p8,sweet_190_w,8805,k16_actor_p8e_bind50_w18_32_return,actor,"{""at"": 16, ""spec_path"": ""work/sdmpc_rl_perimeter_b_20261001/specs/p8e_bind50_w18_32_return.json"", ""spec_sha256"": ""56296341f80e723ba6b1d1eda09d6bf2daa981cc2121bb1a49977dcc9f67e5ee"", ""tag"": ""p8e_bind50_w18_32_return""}",16,6722.940951295352,7034.93001181466,311.9890605193086,4.640663405785168,6,132.01722020855232,179.9718403107554,2839.116663671081,1427.0576375147837,720.0,results/sdmpc_rl_machine_b_20260930/probe_p8/sweet_190_w_s8805/branches/k16_actor_p8e_bind50_w18_32_return.json,786d3c91b97dc94a0056af528ba311385c13b1e20eebfc3a590b7ce3d6eaaa49
probe_p8,sweet_190_w,8805,k16_actor_p8f_bind50_w16_27_return,actor,"{""at"": 16, ""spec_path"": ""work/sdmpc_rl_perimeter_b_20261001/specs/p8f_bind50_w16_27_return.json"", ""spec_sha256"": ""b2fc52050d174d5d5778aa64a761eb5ab28e8ebd862fdbe9c8d8eabc792ea613"", ""tag"": ""p8f_bind50_w16_27_return""}",16,6722.940951295352,6573.645200165596,-149.29575112975544,-2.2206910965206332,3,325.9618783179412,-475.2576294476967,2609.5395386293676,1183.8402421866933,720.0,results/sdmpc_rl_machine_b_20260930/probe_p8/sweet_190_w_s8805/branches/k16_actor_p8f_bind50_w16_27_return.json,15bc5d09c28e09b0bec7c704ea59b174e38f6a442d92fa50762707cacd2b2d2c
