B_in,B_out,CV_boundary,MaxMin_boundary,OverflowRatio_boundary,boundary_balance_controllable,boundary_balance_degenerate,boundary_empty_ratio,boundary_in_empty_ratio,boundary_in_load_veh,boundary_in_saturation_ratio,boundary_out_empty_ratio,boundary_out_load_veh,boundary_out_saturation_ratio,boundary_out_sink_veh,boundary_saturation_ratio,buffer_down_end_rho_FW_E,buffer_down_end_rho_FW_W,buffer_down_max_rho_FW_E,buffer_down_max_rho_FW_W,buffer_up_max_rho_FW_E,buffer_up_max_rho_FW_W,capacity_drop_active,capacity_drop_lane_loss_FW_E_last,capacity_drop_lane_loss_FW_E_seg0,capacity_drop_lane_loss_FW_E_seg1,capacity_drop_lane_loss_FW_E_seg2,capacity_drop_lane_loss_FW_E_seg3,capacity_drop_lane_loss_FW_E_seg4,capacity_drop_lane_loss_FW_E_seg5,capacity_drop_lane_loss_FW_E_seg6,capacity_drop_lane_loss_FW_E_seg7,capacity_drop_lane_loss_FW_W_last,capacity_drop_lane_loss_FW_W_seg0,capacity_drop_lane_loss_FW_W_seg1,capacity_drop_lane_loss_FW_W_seg2,capacity_drop_lane_loss_FW_W_seg3,capacity_drop_lane_loss_FW_W_seg4,capacity_drop_lane_loss_FW_W_seg5,capacity_drop_lane_loss_FW_W_seg6,capacity_drop_lane_loss_FW_W_seg7,centralized_grid_authority_proposed,centralized_grid_authority_wu,centralized_grid_early_terminated,centralized_grid_early_terminated_candidates,centralized_grid_fine_improved,centralized_grid_global_refresh,centralized_grid_parallel_backend_fallback,centralized_grid_parallel_backend_process,centralized_grid_parallel_backend_serial,centralized_grid_parallel_backend_thread,centralized_grid_parallel_chunks,centralized_grid_parallel_process_pool_reuse_enabled,centralized_grid_parallel_process_pool_reused_existing,centralized_grid_parallel_stages,centralized_grid_parallel_workers,centralized_grid_precheck_evaluated_candidates,centralized_grid_precheck_feasible,centralized_grid_precheck_filtered_candidates,centralized_grid_precheck_spillback_violation_veh,centralized_grid_refresh_interval_sec,centralized_grid_scope_global,centralized_grid_scope_local,centralized_grid_search_active,centralized_grid_sensitivity_direction_candidates,centralized_grid_sensitivity_probe_candidates,centralized_grid_stage1_candidates,centralized_grid_stage2_candidates,centralized_grid_total_candidates,centralized_solver_mode_slsqp,centralized_solver_mode_structured_grid,computation_time_sec,coupling_aggregate_urban_model,coupling_freeway_substeps,coupling_movement_urban_model,coupling_nested_order_active,coupling_offramp_arrivals_accepted_veh,coupling_offramp_arrivals_rejected_veh,coupling_offramp_storage_active,coupling_offramp_storage_ttt_moved_to_freeway,coupling_onramp_sync_active,coupling_onramp_two_reservoir_active,coupling_urban_substeps,cumulative_freeway_ttt,cumulative_total_ttt,cumulative_urban_ttt,density_exceedance_count,density_projection_count,inbound_service_veh,incident_lane_closure_active,lambda_eff_FW_E_last,lambda_eff_FW_E_seg0,lambda_eff_FW_E_seg1,lambda_eff_FW_E_seg2,lambda_eff_FW_E_seg3,lambda_eff_FW_E_seg4,lambda_eff_FW_E_seg5,lambda_eff_FW_E_seg6,lambda_eff_FW_E_seg7,lambda_eff_FW_W_last,lambda_eff_FW_W_seg0,lambda_eff_FW_W_seg1,lambda_eff_FW_W_seg2,lambda_eff_FW_W_seg3,lambda_eff_FW_W_seg4,lambda_eff_FW_W_seg5,lambda_eff_FW_W_seg6,lambda_eff_FW_W_seg7,mainline_exit_flow_total,mainline_origin_queue_total_veh,mean_ramp_receiving_factor,mean_segment_flow,metering_over_release_flow,metering_shortfall_flow,metering_target_infeasible,movement_queue_model_active,movement_queue_projection_protected_veh,movement_queue_projection_veh,net_inflow,net_inflow_target,net_inflow_tracking_error,nuf_target_flow,offramp_blocked_flow_FW_E,offramp_blocked_flow_FW_W,offramp_blocked_flow_OR_D_E,offramp_blocked_flow_OR_D_W,offramp_blocked_flow_OR_F_E,offramp_blocked_flow_OR_F_W,offramp_blocked_flow_total,offramp_departures_OR_D_E_veh,offramp_departures_OR_D_W_veh,offramp_departures_OR_F_E_veh,offramp_departures_OR_F_W_veh,offramp_departures_veh,offramp_flow_FW_E,offramp_flow_FW_W,offramp_flow_OR_D_E,offramp_flow_OR_D_W,offramp_flow_OR_F_E,offramp_flow_OR_F_W,offramp_flow_total,offramp_occupancy_ratio_OR_D_E,offramp_occupancy_ratio_OR_D_W,offramp_occupancy_ratio_OR_F_E,offramp_occupancy_ratio_OR_F_W,offramp_storage_binding,offramp_storage_occupancy_veh,offramp_storage_ttt,onramp_approach_queue_veh,onramp_arrivals_veh,onramp_green_release_request_veh,onramp_green_release_shortfall_veh,onramp_green_releases_veh,onramp_two_reservoir_active,outbound_service_veh,queue_overflow_count,ramp_metering_release_actual_R_D_E_veh,ramp_metering_release_actual_R_D_W_veh,ramp_metering_release_actual_R_F_E_veh,ramp_metering_release_actual_R_F_W_veh,ramp_metering_release_request_R_D_E_veh,ramp_metering_release_request_R_D_W_veh,ramp_metering_release_request_R_F_E_veh,ramp_metering_release_request_R_F_W_veh,ramp_metering_release_request_veh,ramp_metering_release_shortfall_R_D_E_veh,ramp_metering_release_shortfall_R_D_W_veh,ramp_metering_release_shortfall_R_F_E_veh,ramp_metering_release_shortfall_R_F_W_veh,ramp_metering_release_shortfall_veh,ramp_metering_releases_veh,ramp_queue_overflow_count,ramp_queue_veh,speed_projection_count,step,step_freeway_ttt,step_total_ttt,step_urban_ttt,time_sec,total_metering_error,total_metering_flow,total_no_meter_flow,total_ramp_queue_end_veh,total_ramp_queue_start_veh,urban_accumulation_abs_error_veh,urban_accumulation_error_veh,urban_accumulation_initial_error_veh,urban_accumulation_initial_veh,urban_accumulation_mean_veh,urban_accumulation_target_disabled,urban_accumulation_target_veh,urban_accumulation_veh,urban_demand_arrivals_veh,urban_gate_inflow_veh,urban_link_occupancy_veh,urban_net_inflow_target_veh,urban_net_inflow_target_veh_h,urban_net_inflow_tracking_error_veh_h,urban_storage_active,urban_storage_occupancy,urban_substep_active,urban_total_departures_veh,urban_total_vehicles_veh,urban_uncontrolled_node_movement_queue_veh,urban_uncontrolled_node_storage_occupancy_veh,urban_uncontrolled_node_ttt,urban_uncontrolled_node_vehicles_veh
0.11742961999699952,0.0006760411032990521,1.1736139884544934,8.076923076923078,0.0,1.0,0.0,0.42857142857142855,0.42857142857142855,23.333333333333336,0.0,0.0,10.033333333333335,0.0,93.564351782825,0.0,87.18538985543594,87.17034156760886,252.65501548399473,252.31680783698948,65.69602905275929,62.55148929163214,1.0,0.0,0.0,0.0,0.000419759579280828,0.0,0.0036658532239406405,0.0,0.0,0.0,0.0,0.0,0.0,0.0004196711102185915,0.0,0.0036263575146802734,0.0,0.0,0.0,,,,,,,,,,,,,,,,,,,,,,,,,,,,,,,2.160000440198928e-05,0.0,18.0,1.0,1.0,61.801309178218446,0.0,1.0,0.19153930159428842,1.0,1.0,36.0,15.509161330867732,24.78662612764044,9.277464796772705,0.0,0.0,290.59512879596645,0.0,2.0,2.0,2.0,1.9995802404207192,2.0,1.9963341467760596,2.0,2.0,2.0,2.0,2.0,2.0,1.9995803288897815,2.0,1.9963736424853198,2.0,2.0,2.0,1846.825954141759,0.0,1.0,1681.7462855408917,1682.6146723646723,0.0,0.0,1.0,0.0,0.0,3174.573531067022,0.0,3174.573531067022,0.0,0.0,0.0,0.0,0.0,0.0,0.0,0.0,11.380416330159015,11.351941710368088,18.795534366455676,18.650569722317,60.17846212929979,620.2454355650584,615.7807479993097,233.4735807795227,232.63042552862225,386.7718547855356,383.1503224706875,1236.026183564368,0.008061101876143005,0.008060544920776937,0.023180490973316842,0.02306146496775839,0.0,0.0,0.0,10.033333333333335,60.2,86.01709401709402,0.0,86.01709401709402,1.0,131.8664522426153,0.0,21.6892094017094,20.561431623931625,21.503935185185185,20.37615740740741,21.6892094017094,20.561431623931625,21.503935185185185,20.37615740740741,84.13073361823362,0.0,0.0,0.0,0.0,0.0,84.13073361823362,0.0,1.886360398860399,0.0,0,15.509161330867732,24.78662612764044,9.277464796772705,180.0,1682.6146723646723,1682.6146723646723,1682.6146723646725,1.886360398860399,0.0,0.0,0.0,0.0,160.9054774341026,131.74117701926227,1.0,0.0,161.18034966271446,113.75000000000001,213.88931623931626,134.9911135516034,0.0,0.0,3174.573531067022,1.0,134.9911135516034,1.0,480.14746437094055,194.5470163293812,0.0,78.81114962924144,2.232079466714366,78.81114962924144
0.19428571428571434,0.0006174549110405381,0.8034545947226569,5.416666666666668,0.0,0.0,1.0,0.5714285714285714,0.5714285714285714,14.583333333333336,0.0,0.0,14.644579104344729,0.0,121.34093520356927,0.0,172.24172632846768,168.96267468313218,173.46547277399694,170.15631551892804,68.4480623267096,65.13320581609909,1.0,0.0,0.0,0.0,0.0010009138728319532,0.0,0.0017330962707440894,0.0,0.0,0.0,0.0,0.0,0.0,0.0009091110987121923,0.0,0.0015502231642909254,0.0,0.0,0.0,,,,,,,,,,,,,,,,,,,,,,,,,,,,,,,1.7099999240599573e-05,0.0,18.0,1.0,1.0,36.99071183225423,0.0,1.0,0.21977574824661616,1.0,1.0,36.0,28.858440797889173,47.26733620600993,18.408895408120756,0.0,0.0,145.44314617350454,0.0,2.0,2.0,2.0,1.998999086127168,2.0,1.998266903729256,2.0,2.0,2.0,2.0,2.0,2.0,1.9990908889012877,2.0,1.998449776835709,2.0,2.0,2.0,4186.542284474524,0.0,1.0,1054.946139730428,1890.1663934533926,0.0,0.0,1.0,0.0,0.0,-1020.0243886520634,0.0,1020.0243886520634,0.0,0.0,0.0,0.0,0.0,0.0,0.0,0.0,4.998766731089049,4.769005457485804,6.75408807443587,6.421285910493815,22.943146173504537,379.06820885230866,360.746027792776,161.23023244907935,153.73045648490884,217.83797640322928,207.01557130786716,739.8142366450846,0.01612257272187727,0.01536475390470934,0.021486941413787167,0.020284314708498268,0.0,13.026879675389495,0.018092888438040966,14.644579104344729,60.2,95.00562241403618,0.0,95.00562241403618,1.0,196.4443656061077,0.0,24.721133697529204,23.321133697529202,23.93302613880562,22.53302613880562,24.721133697529204,23.321133697529202,23.93302613880562,22.53302613880562,94.50831967266964,0.0,0.0,0.0,0.0,0.0,94.50831967266964,0.0,2.383663140226935,0.0,1,13.349279467021441,22.48071007836949,9.13143061134805,360.0,1890.1663934533926,1890.1663934533926,1890.1663934533926,2.383663140226935,1.8863603988603992,0.0,0.0,0.0,146.52894954816168,163.8623874537,1.0,0.0,145.86569244760088,113.75000000000001,109.44529914529917,120.6734528288703,0.0,0.0,1020.0243886520634,1.0,120.6734528288703,1.0,485.54112929978515,175.09360488527892,0.0,57.32979112352953,3.5618502012761937,57.32979112352953
0.11742961999699952,0.0007966327229156356,0.7572072822016056,8.076923076923078,0.0,1.0,0.0,0.42857142857142855,0.42857142857142855,23.333333333333336,0.0,0.0,13.049387122854544,0.0,129.69161233086132,0.0,110.44782396558068,104.50617482850552,122.54037678399618,116.0023510982948,68.49255471417706,65.17171547719343,1.0,0.0,0.0,0.0,0.0006524286396367213,0.0,0.0011157249748387807,0.0,0.0,0.0,0.0,0.0,0.0,0.000591265665778224,0.0,0.0009956130691443324,0.0,0.0,0.0,,,,,,,,,,,,,,,,,,,,,,,,,,,,,,,1.4899997040629387e-05,0.0,18.0,1.0,1.0,39.99932901654755,0.0,1.0,0.12868366960956334,1.0,1.0,36.0,41.393890437777806,68.19444526528561,26.8005548275078,0.0,0.0,158.31574464648673,0.0,2.0,2.0,2.0,1.9993475713603632,2.0,1.9988842750251612,2.0,2.0,2.0,2.0,2.0,2.0,1.9994087343342217,2.0,1.9990043869308556,2.0,2.0,2.0,2673.4836280921572,0.0,1.0,1133.6806890105477,1897.771048176367,0.0,0.0,1.0,0.0,0.0,-734.612850905784,0.0,734.612850905784,0.0,0.0,0.0,0.0,0.0,0.0,0.0,0.0,11.5336747350795,10.985476519158794,15.801673383192337,14.994920009056099,53.315744646486735,410.2589737345689,389.72760659638186,173.44266791802045,165.1836874375334,236.8163058165484,224.5439191588485,799.9865803309508,0.009404578412275542,0.008951548727927465,0.012303053733336592,0.011596041655839403,0.0,0.0,0.0,13.049387122854544,60.2,94.41794397084699,0.0,94.41794397084699,1.0,195.04638719177592,0.0,24.269833753134783,22.869833753134785,24.574442451274397,23.174442451274395,24.269833753134783,22.869833753134785,24.574442451274397,23.174442451274395,94.88855240881836,0.0,0.0,0.0,0.0,0.0,94.88855240881836,0.0,1.913054702255565,0.0,2,12.535449639888634,20.92710905927568,8.391659419387043,540.0,1897.771048176367,1897.771048176367,1897.771048176367,1.913054702255565,2.383663140226935,0.0,0.0,0.0,142.269694311894,147.5711526848673,1.0,0.0,141.8670727738684,113.75000000000001,98.47264957264959,112.29501786538253,0.0,0.0,734.612850905784,1.0,112.29501786538253,1.0,464.40359354363443,178.24979323005624,0.0,53.61787196753258,2.7278977024145874,53.61787196753258
0.19428571428571434,0.0005658422465729118,0.7948074244605322,5.416666666666668,0.0,0.0,1.0,0.5714285714285714,0.5714285714285714,14.583333333333336,0.0,0.0,15.276040756108149,0.0,118.04589542193665,0.0,116.00890838322191,109.5398276712694,121.7845902747465,115.05481968166806,68.49295728094562,65.1720432274067,1.0,0.0,0.0,0.0,0.001307927308759788,0.0,0.0022324300480206626,0.0,0.0,0.0,0.0,0.0,0.0,0.001185360351511375,0.0,0.0019897594305142955,0.0,0.0,0.0,,,,,,,,,,,,,,,,,,,,,,,,,,,,,,,1.3299999409355223e-05,0.0,18.0,1.0,1.0,39.95572219458021,0.0,1.0,0.25498597695245734,1.0,1.0,36.0,54.12875604434592,89.02812770620707,34.899371661861146,0.0,0.0,149.11714180510305,0.0,2.0,2.0,2.0,1.99869207269124,2.0,1.9977675699519795,2.0,2.0,2.0,2.0,2.0,2.0,1.9988146396484885,2.0,1.998010240569486,2.0,2.0,2.0,2805.627680489352,0.0,1.0,1126.0697400239706,1886.2148441873837,0.0,0.0,1.0,0.0,0.0,-836.6557039517143,0.0,836.6557039517143,0.0,0.0,0.0,0.0,0.0,0.0,0.0,0.0,5.775580720244584,5.500552705131263,7.8740635515480175,7.466944828179175,26.61714180510304,409.7604329022469,389.3540109893571,173.1286016662876,164.8851034673143,236.63183123595934,224.46890752204277,799.114443891604,0.01883262868426537,0.01792592146000236,0.024672945191167483,0.023244872923660363,0.0,13.170793950788266,0.018292769376094815,15.276040756108149,60.2,94.81561431963253,0.0,94.81561431963253,1.0,190.94992700268875,0.0,24.4963454021967,23.0963454021967,24.059025702487897,22.6590257024879,24.4963454021967,23.0963454021967,24.059025702487897,22.6590257024879,94.3107422093692,0.0,0.0,0.0,0.0,0.0,94.3107422093692,0.0,2.417926812518899,0.0,3,12.734865606568116,20.833682440921464,8.098816834353347,720.0,1886.2148441873837,1886.2148441873837,1886.2148441873842,2.417926812518899,1.913054702255565,0.0,0.0,0.0,136.19248878620462,143.60073021458751,1.0,0.0,136.09605120414656,113.75000000000001,109.44529914529917,112.34952239711919,0.0,0.0,836.6557039517143,1.0,112.34952239711919,1.0,452.61747937288453,165.95542529358806,0.0,55.08014206060179,2.8043343610153606,55.08014206060179
0.11742961999699952,0.0007967969124534902,0.747745284268642,8.076923076923078,0.0,1.0,0.0,0.42857142857142855,0.42857142857142855,23.333333333333336,0.0,0.0,13.038421776262,0.0,122.22425530142623,0.0,114.75586615960843,108.26132723793815,120.96531351021373,114.28303123595414,68.49295558088497,65.17204179880022,1.0,0.0,0.0,0.0,0.0006536339091298817,0.0,0.0011052800877626846,0.0,0.0,0.0,0.0,0.0,0.0,0.0005923765864796174,0.0,0.0009848273188757866,0.0,0.0,0.0,,,,,,,,,,,,,,,,,,,,,,,,,,,,,,,1.8100006855092943e-05,0.0,18.0,1.0,1.0,39.751117459914674,0.0,1.0,0.12843673434535283,1.0,1.0,36.0,66.65290087775838,109.77983643601615,43.12693555825777,0.0,0.0,158.10945106107113,0.0,2.0,2.0,2.0,1.99934636609087,2.0,1.9988947199122373,2.0,2.0,2.0,2.0,2.0,2.0,1.9994076234135203,2.0,1.9990151726811243,2.0,2.0,2.0,2778.1120436642223,0.0,1.0,1121.9437341085804,1863.6860949117665,0.0,0.0,1.0,0.0,0.0,-569.7428798696169,0.0,569.7428798696169,0.0,0.0,0.0,0.0,0.0,0.0,0.0,0.0,11.550229745362188,11.000220636551944,15.686244129420235,14.87275654973677,53.10945106107114,407.7634776655707,387.2588715327231,173.38474317013092,165.12725525463682,234.37873449543974,222.13161627808626,795.0223491982938,0.009413850173506806,0.008960563853852115,0.012268411685088482,0.011555970798111574,0.0,0.0,0.0,13.038421776262,60.2,92.68555216152158,0.0,92.68555216152158,1.0,186.59659505455198,0.0,23.856943545088484,22.456943545088485,24.13520882770568,22.735208827705677,23.856943545088484,22.456943545088485,24.13520882770568,22.735208827705677,93.18430474558832,0.0,0.0,0.0,0.0,0.0,93.18430474558832,0.0,1.9191742284521556,0.0,4,12.52414483341247,20.751708729809096,8.227563896396628,900.0,1863.6860949117665,1863.6860949117665,1863.6860949117665,1.9191742284521556,2.417926812518899,0.0,0.0,0.0,142.09912570733223,144.81258920887558,1.0,0.0,141.7333137821149,113.75000000000001,98.47264957264959,112.19779383589307,0.0,0.0,569.7428798696169,1.0,112.19779383589307,1.0,453.629001445508,178.10506889171023,0.0,53.36590553403573,2.784758543394396,53.36590553403573
0.19485484616354137,0.0012684059095580125,0.8037830986657588,4.0625,0.0,0.0,1.0,0.5714285714285714,0.5714285714285714,10.520833333333334,0.0,0.0,12.944625562171248,0.0,125.40789160989576,0.0,114.02228817562991,107.58957550994784,123.31443775374683,116.31921836065389,68.49295030559959,65.17203691336454,1.0,0.0,0.0,0.0,0.0007814196443154274,0.0,0.0010568666043999518,0.0,0.0,0.0,0.0,0.0,0.0,0.0007080991499856588,0.0,0.0009573760294312203,0.0,0.0,0.0,1.0,0.0,0.0,0.0,1.0,1.0,0.0,0.0,1.0,0.0,1.0,0.0,0.0,4.0,1.0,330.0,1.0,0.0,0.0,180.0,1.0,0.0,1.0,0.0,31.0,233.0,66.0,330.0,0.0,1.0,53.02031900000293,0.0,18.0,1.0,1.0,39.967999586776855,0.0,1.0,0.18123377906092653,1.0,1.0,36.0,79.2397132085277,130.59452049209503,51.35480728356733,0.0,0.0,156.6228266864854,0.0,2.0,2.0,2.0,1.9992185803556848,2.0,1.9989431333956,2.0,2.0,2.0,2.0,2.0,2.0,1.9992919008500145,2.0,1.999042623970569,2.0,2.0,2.0,2757.1486695625385,0.0,1.0,1125.0445842794495,1942.1208271196529,0.0,0.0,1.0,0.0,0.0,-866.6522431316116,0.0,866.6522431316116,0.0,0.0,0.0,0.0,0.0,0.0,0.0,0.0,6.264530154492441,5.966308533462836,9.161272586390448,8.668215412139674,30.060326686485396,409.87532761923325,389.4846641163038,173.07320987075119,164.83483507465954,236.80211774848203,224.64982904164427,799.359991735537,0.01336656089204881,0.012721281615337319,0.014446199127679686,0.013682511578156552,0.0,9.76124767930068,0.013557288443473169,12.944625562171248,60.2,97.60691170283502,0.0,97.60691170283502,1.0,199.955438843066,0.0,24.87035373546535,23.450909291020903,25.111833609192644,23.672944720303754,24.87035373546535,23.450909291020903,25.111833609192644,23.672944720303754,97.10604135598265,0.0,0.0,0.0,0.0,0.0,97.10604135598265,0.0,2.4200445753045265,0.0,5,12.586812330769323,20.81468405607888,8.22787172530956,1080.0,1942.1208271196529,1942.1208271196529,1942.1208271196529,2.4200445753045265,1.9191742284521556,0.0,0.0,0.0,140.85386463403842,145.51317146512218,1.0,0.0,135.63513336995882,113.75000000000001,113.50779914529916,118.29368818911362,0.0,0.0,866.6522431316116,1.0,118.29368818911362,1.0,474.45921255320854,159.10059226546338,0.0,57.31643272987827,2.7711382065739154,57.31643272987827
0.1323709476824132,0.0013675486476992238,1.1361091037142799,18.20299145299145,0.0,1.0,0.0,0.42857142857142855,0.42857142857142855,45.15239316239317,0.0,0.0,23.277868939205305,0.0,152.37643054839077,0.0,116.76364614755659,110.27291741046594,146.6161599184961,138.68415967202117,163.4565160425443,155.29425355663898,1.0,0.0,0.0,0.0,0.00039021573151253193,0.0,0.0013840686401434975,0.0,0.0,0.0,0.0,0.0,0.0,0.0003530751725644062,0.0,0.001257135363929191,0.0,0.0,0.0,1.0,0.0,0.0,0.0,1.0,1.0,0.0,0.0,1.0,0.0,1.0,0.0,0.0,4.0,1.0,341.0,1.0,0.0,0.0,180.0,1.0,0.0,1.0,0.0,31.0,240.0,70.0,341.0,0.0,1.0,60.217946199991275,0.0,18.0,1.0,1.0,47.74533115490687,0.0,1.0,0.16115393637172043,1.0,1.0,36.0,96.79870148555364,160.24874432072684,63.450042835173214,0.0,0.0,294.5872226209916,0.0,2.0,2.0,2.0,1.9996097842684872,2.0,1.9986159313598566,2.0,2.0,2.0,2.0,2.0,2.0,1.9996469248274356,2.0,1.9987428646360708,2.0,2.0,2.0,2813.586422660166,0.0,1.0,1430.4131848127581,3528.2680054608413,0.0,0.0,1.0,0.0,0.0,154.32611498447295,0.0,154.32611498447295,0.0,0.0,0.0,0.0,0.0,0.0,0.0,0.0,11.811670807147593,11.258377342404678,17.010186737713905,16.138547562785263,56.21878245005144,489.3643100949035,465.5423130032338,194.6473179896209,185.6416809818987,294.7169921052826,279.900632021335,954.9066230981373,0.006687376998819484,0.006360760958507644,0.014272539894484244,0.013461109030399728,0.0,0.0,0.0,23.277868939205305,144.48000000000002,180.65826707570366,0.0,180.65826707570366,1.0,286.870916871768,0.0,45.25670334709337,42.29725890264892,45.94626442677474,42.913173596525056,45.25670334709337,42.29725890264892,45.94626442677474,42.913173596525056,176.4134002730421,0.0,0.0,0.0,0.0,0.0,176.4134002730421,0.0,6.664911377966104,0.0,6,17.558988277025932,29.654223828631814,12.095235551605883,1260.0,3528.2680054608413,3528.2680054608413,3528.268005460842,6.664911377966104,2.4200445753045265,0.0,0.0,0.0,235.05022929631878,193.2579911434649,1.0,0.0,231.33441498982305,273.00000000000006,221.55228632478634,207.59752423740898,0.0,0.0,154.32611498447295,1.0,207.59752423740898,1.0,704.616033716101,299.76467709142156,0.0,89.8550856893365,3.5723189789436685,89.8550856893365
0.07629330442252591,0.0045201294051999685,0.7719329690995916,12.175213675213673,0.0,1.0,0.0,0.14285714285714285,0.14285714285714285,51.119348290598296,0.0,0.0,61.80139080136149,0.0,245.18685791712485,0.0,165.4606413557675,157.0200725782764,249.07585725907987,236.00547624462837,274.0982706273299,259.09213137875736,1.0,0.0,0.0,0.0,0.004175243049594367,0.0,0.005471244126845237,0.0,0.0,0.0,0.0,0.0,0.0,0.0037897630878725255,0.0,0.0050034790007862495,0.0,0.0,0.0,1.0,0.0,0.0,0.0,1.0,1.0,0.0,0.0,1.0,0.0,1.0,0.0,0.0,4.0,1.0,373.0,1.0,0.0,0.0,180.0,1.0,0.0,1.0,0.0,33.0,241.0,99.0,373.0,0.0,1.0,65.6986639000097,0.0,18.0,1.0,1.0,89.8198395466416,0.0,1.0,0.4226472247481829,1.0,1.0,36.0,128.09852347164664,212.5773958046998,84.47887233305315,0.0,0.0,487.9930133035774,0.0,2.0,2.0,2.0,1.9958247569504057,2.0,1.9945287558731546,2.0,2.0,2.0,2.0,2.0,2.0,1.9962102369121277,2.0,1.9949965209992138,2.0,2.0,2.0,3819.1627943697554,0.0,1.0,2539.533676553636,5231.153765092808,0.0,0.0,1.0,0.0,0.0,516.0872284092366,0.0,516.0872284092366,0.0,0.0,0.0,0.0,0.0,0.0,0.0,0.0,12.971465013977195,12.449686508793429,18.51974332710187,17.769073581910035,61.70996843178253,915.7285638549802,880.6682270778518,396.31056466964634,379.6814528745097,519.4179991853339,500.98677420334207,1796.3967909328321,0.031488224576979536,0.029885071869092616,0.03580756499151679,0.03401852898002755,0.0,25.90675994756328,0.03598161103828233,61.80139080136149,228.76000000000002,284.7631572968623,0.0,284.7631572968623,1.0,462.1886518831156,0.0,65.8315011041079,65.87390219173983,65.79737484204925,64.0549101167434,65.8315011041079,65.87390219173983,65.79737484204925,64.0549101167434,261.55768825464037,0.0,0.0,0.0,0.0,0.0,261.55768825464037,0.0,29.870380420188013,0.0,7,31.299821986093008,52.32865148397295,21.028829497879936,1440.0,5231.153765092808,5231.153765092808,5405.958941461835,29.870380420188013,6.664911377966103,0.0,0.0,0.0,380.6709787939284,318.9884701159045,1.0,0.0,379.61389121726,432.25000000000006,382.3948397435898,346.1425821569086,0.0,0.0,516.0872284092366,1.0,346.1425821569086,1.0,1175.4910756269373,492.53463030921966,0.0,153.93767256352646,6.055755223093971,153.93767256352646
0.12938095039819447,0.006449606448403644,0.8360058535355349,19.04957264957266,0.0,1.0,0.0,0.42857142857142855,0.42857142857142855,56.34621082621082,0.0,0.0,144.58332823724936,0.0,355.6896828807495,0.0,260.42798076730077,250.86533432849748,372.377679011693,365.32249868325846,298.1620787144272,279.5646346405518,1.0,0.0,0.0,0.0,0.024964141286597925,0.0,0.012206589081105045,0.0,0.0,0.0,0.0,0.0,0.0,0.023268491451911073,0.0,0.011523386121940753,0.0,0.0,0.0,1.0,0.0,0.0,0.0,1.0,1.0,0.0,0.0,1.0,0.0,1.0,0.0,0.0,4.0,1.0,416.0,1.0,0.0,0.0,180.0,1.0,0.0,1.0,0.0,30.0,299.0,87.0,416.0,0.0,1.0,67.88172849999683,0.0,18.0,1.0,1.0,125.43369412070928,0.0,1.0,0.8899688422601274,1.0,1.0,36.0,172.26435487828977,286.6791712883329,114.41481641004316,0.0,0.0,566.5502461075209,0.0,2.0,2.0,2.0,1.975035858713402,2.0,1.987793410918895,2.0,2.0,2.0,2.0,2.0,2.0,1.976731508548089,2.0,1.988476613878059,2.0,2.0,2.0,5692.102545221929,0.0,1.0,3427.3817685399904,5449.967102041373,0.0,0.0,1.0,0.0,0.0,747.8677427502043,0.0,747.8677427502043,0.0,0.0,0.0,0.0,0.0,0.0,0.0,0.0,29.786146745310816,28.744068275930495,41.179448877955465,39.81744474393672,139.5271086431335,1276.9057515412087,1231.7681308729764,584.0000290654577,563.8349531833791,692.9057224757508,667.9331776895974,2508.673882414185,0.08604712173942143,0.08265659169042401,0.04998635202328569,0.04849319976251578,0.0,10.349098944239415,0.014373748533665855,144.58332823724936,228.76000000000002,264.04241344394904,0.0,264.04241344394904,1.0,529.1568589700107,0.0,67.78174195892353,62.65267420462494,70.0,72.06393893852022,67.78174195892353,62.65267420462494,70.0,72.06393893852022,272.4983551020687,0.0,0.0,0.0,0.0,0.0,272.4983551020687,0.0,21.414438762068322,0.0,8,44.165831406643115,74.10177548363313,29.93594407699002,1620.0,5449.967102041373,5449.967102041373,5549.967102041373,21.414438762068322,29.87038042018801,0.0,0.0,0.0,476.95664908072865,437.66413886720585,1.0,0.0,472.41010356419815,432.25000000000006,393.36390669515674,414.05327416657065,0.0,0.0,747.8677427502043,1.0,414.05327416657065,1.0,1420.5306041381818,673.3396426276586,1.5555555555555558,186.9971143520176,8.559050241072272,188.55266990757315
0.07818583391107065,0.008184056208470347,0.5683875234920426,15.986111111111116,0.0,1.0,0.0,0.2857142857142857,0.2857142857142857,57.02532051282052,0.0,0.0,213.17288292456266,0.0,416.521294091362,0.0,341.2665459117984,336.3223561171511,457.6327829332349,446.0171891432774,303.15972425585267,283.3501127225062,1.0,0.0,0.0,0.0,0.030775387594804953,0.0,0.01572167792826198,0.0,0.0,0.0,0.0,0.0,0.0,0.027697915983215457,0.0,0.014326273827488559,0.0,0.0,0.0,1.0,0.0,0.0,0.0,1.0,1.0,0.0,0.0,1.0,0.0,1.0,0.0,0.0,4.0,1.0,425.0,1.0,0.0,0.0,180.0,1.0,0.0,1.0,0.0,36.0,298.0,91.0,425.0,0.0,1.0,68.32088119999389,0.0,18.0,1.0,1.0,136.68483892840683,0.0,1.0,0.9976574562285172,1.0,1.0,36.0,223.17338963400346,374.5101590069547,151.33676937295127,0.0,0.0,541.238956340327,0.0,2.0,2.0,2.0,1.969224612405195,2.0,1.984278322071738,2.0,2.0,2.0,2.0,2.0,2.0,1.9723020840167844,2.0,1.9856737261725117,2.0,2.0,2.0,6990.1953553322355,0.0,1.0,3656.4870224505803,4755.495024756871,0.0,0.0,1.0,0.0,0.0,-1342.6624881671287,0.0,1342.6624881671287,0.0,0.0,0.0,0.0,0.0,0.0,0.0,0.0,27.993959221842488,26.832047859831743,27.983070023373116,26.85898892188945,109.6680660269368,1396.5300143035893,1337.1667642645477,649.9443625751137,620.849473073944,746.5856517284755,716.3172911906038,2733.696778568137,0.09750720884344115,0.0919201641943154,0.06379940049381866,0.0606756542749742,0.0,37.12934358960425,0.05156853276333923,213.17288292456266,228.76000000000002,282.647043245006,0.0,282.647043245006,1.0,608.3720807486834,0.0,58.524042285588436,56.75070895225511,60.0,62.5,58.524042285588436,56.75070895225511,60.0,62.5,237.77475123784356,0.0,0.0,0.0,0.0,0.0,237.77475123784356,0.0,66.28673076923079,0.0,9,50.90903475571368,87.83098771862178,36.92195296290811,1800.0,4755.495024756871,4755.495024756871,5762.109328445448,66.28673076923079,21.414438762068322,0.0,0.0,0.0,481.41784314745706,491.85926195116633,1.0,0.0,474.65116788084794,432.25000000000006,390.8183262108262,399.627176647746,0.0,0.0,1342.6624881671287,1.0,399.627176647746,1.0,1566.4442686411182,744.8493713182312,0.7899910812455118,184.3054326522179,9.27261104717148,185.0954237334634
0.16527691799666067,0.005889911647133872,1.0560556585919219,47.163995726495706,0.0,1.0,0.0,0.2857142857142857,0.2857142857142857,96.68766381766383,0.0,0.0,276.65707682401336,0.0,436.9227076843418,0.0,397.8650523051735,394.8329437625301,492.67810364022625,472.61612697099054,304.0819905794794,283.90370892691953,1.0,0.0,0.0,0.0,0.01168182196426996,0.0,0.016480012374371158,0.0,0.0,0.0,0.0,0.0,0.0,0.01036605839384593,0.0,0.015425674186969631,0.0,0.0,0.0,1.0,0.0,0.0,0.0,0.0,1.0,0.0,0.0,1.0,0.0,1.0,0.0,0.0,4.0,1.0,439.0,1.0,0.0,0.0,180.0,1.0,0.0,1.0,0.0,36.0,296.0,107.0,439.0,0.0,1.0,69.86898260000453,0.0,18.0,1.0,1.0,138.55533815162374,0.0,1.0,0.718894129259869,1.0,1.0,36.0,279.20137851979763,471.35251156166873,192.1511330418711,16.0,0.0,568.2300310142444,0.0,2.0,2.0,2.0,1.9883181780357302,2.0,1.9835199876256289,2.0,2.0,2.0,2.0,2.0,2.0,1.989633941606154,2.0,1.9845743258130304,2.0,2.0,2.0,7650.515653527573,0.0,0.9997655707868933,3691.787513753477,4749.99999995,0.0,0.0,1.0,0.0,0.0,-918.3942850926305,0.0,918.3942850926305,0.0,0.0,0.0,0.0,0.0,0.0,0.0,0.0,42.64767053908749,40.53017395107815,46.84539087398664,45.619138954935565,175.64237431908785,1409.2746656309062,1361.8320974015694,658.2572488993669,626.2022717780756,751.0174167315391,735.6298256234937,2771.1067630324756,0.047359907503411666,0.044465381096339976,0.05876187784732033,0.05676362356312418,0.0,0.0,0.0,276.65707682401336,228.76000000000002,285.08508108958495,0.0,285.08508108958495,1.0,614.1497452688759,0.0,54.9999999975,60.0,60.0,62.5,54.9999999975,60.0,60.0,62.5,237.4999999975,0.0,0.0,0.0,0.0,0.0,237.4999999975,0.0,113.87181186131559,0.0,10,56.02798888579415,96.84235255471398,40.81436366891984,1980.0,4749.99999995,4749.99999995,6000.0,113.87181186131559,66.28673076923079,0.0,0.0,0.0,493.9507646287316,495.85294784779205,1.0,0.0,486.14921622171954,432.25000000000006,365.184301994302,402.89983738196753,0.0,0.0,918.3942850926305,1.0,402.89983738196753,1.0,1562.2600397309566,859.4939568633968,1.5555555555555558,181.18843262673036,9.080040092234407,182.7439881822859
0.09952466241836397,0.005119458408503086,0.8649853725794846,32.606837606837615,0.0,1.0,0.0,0.2857142857142857,0.2857142857142857,78.9586538461539,0.0,0.0,326.961985382027,0.0,435.05787264046006,0.0,433.91807198697535,427.50528302102316,510.73720514572034,495.01236522289696,304.1349929073148,283.933567278334,1.0,0.0,0.0,0.0,0.019861971771325673,0.0,0.015947517279944107,0.0,0.0,0.0,0.0,0.0,0.0,0.017934866721820035,0.0,0.015518976970162246,0.0,0.0,0.0,1.0,0.0,0.0,0.0,1.0,1.0,0.0,0.0,1.0,0.0,1.0,0.0,0.0,4.0,1.0,449.0,1.0,0.0,0.0,180.0,1.0,0.0,1.0,0.0,36.0,307.0,106.0,449.0,0.0,1.0,73.07354869999108,0.0,18.0,1.0,1.0,138.57408810758488,0.0,1.0,0.8872071986280448,1.0,1.0,36.0,339.90351638284693,575.9076206752599,236.00410429241293,28.0,0.0,548.8264759842313,0.0,2.0,2.0,2.0,1.9801380282286745,2.0,1.984052482720056,2.0,2.0,2.0,2.0,2.0,2.0,1.98206513327818,2.0,1.9844810230298375,2.0,2.0,2.0,7952.49063008515,0.0,0.9995436722163282,3700.642283304786,4737.4999999374995,0.0,0.0,1.0,0.0,0.0,-2190.5165378531365,0.0,2190.5165378531365,0.0,0.0,0.0,0.0,0.0,0.0,0.0,0.0,21.946306900330526,20.899039569064705,28.15121208381789,27.850907459508164,98.84746601272128,1405.5854396574525,1365.8963224942456,658.3875778966765,627.0084516770063,747.197861760776,738.8878708172393,2771.481762151698,0.0776256474556091,0.07365116800026993,0.06437994717225057,0.0634548072286804,0.0,39.75451331893103,0.055214601831848655,326.961985382027,228.76000000000002,308.91816403491094,0.0,308.91816403491094,1.0,658.3523028768881,0.0,54.9999999975,59.374999999375,60.0,62.5,54.9999999975,59.374999999375,60.0,62.5,236.87499999687503,0.0,0.0,0.0,0.0,0.0,236.87499999687503,0.0,185.9149758993518,0.0,11,60.70213786304932,104.55510911359113,43.85297125054181,2160.0,4737.4999999374995,4737.4999999374995,6000.0,185.9149758993518,113.87181186131559,0.0,0.0,0.0,475.32323110496674,491.7561828921312,1.0,0.0,469.4547469725711,432.25000000000006,402.9705698005698,397.69803378268193,0.0,0.0,2190.5165378531365,1.0,397.69803378268193,1.0,1611.9881177662503,875.3753862007521,1.2505344218006136,183.53821437045383,9.005229537899215,184.78874879225444
0.2053727485027938,0.004847645246755183,1.3109244128569926,67.57318376068378,0.0,1.0,0.0,0.14285714285714285,0.14285714285714285,121.11992877492884,0.0,0.0,387.56454877852804,0.0,434.8262837557097,0.0,457.0399604570203,447.12101303447236,518.5190761298898,511.4702859365542,304.13823455189146,283.93629666247006,1.0,0.0,0.0,0.0,0.014371648934055589,0.0,0.01624817025613577,0.0,0.0,0.0,0.0,0.0,0.0,0.012962785833488236,0.0,0.015794095785577247,0.0,0.0,0.0,1.0,0.0,0.0,0.0,1.0,1.0,0.0,0.0,1.0,0.0,1.0,0.0,0.0,4.0,1.0,444.0,1.0,0.0,0.0,180.0,1.0,0.0,1.0,0.0,36.0,308.0,100.0,444.0,0.0,1.0,72.81991990000824,0.0,18.0,1.0,1.0,138.4959775157594,0.0,1.0,0.7317012826459036,1.0,1.0,36.0,404.2168460936185,687.8277740917297,283.61092799811115,36.0,0.0,568.316082448549,0.0,2.0,2.0,2.0,1.9856283510659445,2.0,1.9837518297438643,2.0,2.0,2.0,2.0,2.0,2.0,1.9870372141665118,2.0,1.9842059042144227,2.0,2.0,2.0,8101.514312188277,0.0,0.9988984485650043,3702.22823115606,4737.4999999374995,0.0,0.0,1.0,0.0,0.0,-895.4197246907479,0.0,895.4197246907479,0.0,0.0,0.0,0.0,0.0,0.0,0.0,0.0,43.8902536743869,41.798735511473666,46.52911429047186,46.0092539009915,178.22735737732393,1404.6751942097424,1365.244356105444,658.3369268560908,626.9570959271546,746.3382673536513,738.2872601782893,2769.919550315186,0.05161236381720127,0.04841991129939452,0.0583144276300594,0.05744114072206948,0.0,0.0,0.0,387.56454877852804,228.76000000000002,287.4619675925926,0.0,287.4619675925926,1.0,613.0870686830864,0.0,54.9999999975,59.374999999375,60.0,62.5,54.9999999975,59.374999999375,60.0,62.5,236.87499999687503,0.0,0.0,0.0,0.0,0.0,236.87499999687503,0.0,236.50194349506933,0.0,12,64.3133297107716,111.92015341646983,47.60682370569823,2340.0,4737.4999999374995,4737.4999999374995,6000.0,236.50194349506933,185.9149758993518,0.0,0.0,0.0,492.3478194230317,493.29234223261676,1.0,0.0,483.64001467632244,432.25000000000006,362.8237250712251,406.7870402104311,0.0,0.0,895.4197246907479,1.0,406.7870402104311,1.0,1570.1529812292445,992.3244922297791,1.9444444444444442,182.2634253615957,9.11835446306905,184.20786980604015
0.16870773842954706,0.005286762889669283,1.3058727020476244,62.228205128205246,0.0,1.0,0.0,0.2857142857142857,0.2857142857142857,114.113704138739,0.0,0.0,436.61106050869284,0.0,435.58033974376536,0.0,472.8413486518021,462.43488927178413,522.5266258020974,521.9978507388872,304.13440309494536,283.93376292996476,1.0,0.0,0.0,0.0,0.009650849607990194,0.0,0.013097172601299438,0.0,0.0,0.0,0.0,0.0,0.0,0.008561532213019795,0.0,0.012764025623119402,0.0,0.0,0.0,1.0,0.0,0.0,0.0,1.0,1.0,0.0,0.0,1.0,0.0,1.0,0.0,0.0,4.0,1.0,432.0,1.0,0.0,0.0,180.0,1.0,0.0,1.0,0.0,35.0,291.0,106.0,432.0,0.0,1.0,64.25727130001178,0.0,18.0,1.0,1.0,138.58378430358155,0.0,1.0,0.6573932340050233,1.0,1.0,36.0,472.1845331813044,806.6519539183287,334.46742073702427,36.0,0.0,546.6145622667042,0.0,2.0,2.0,2.0,1.9903491503920097,2.0,1.9869028273987004,2.0,2.0,2.0,2.0,2.0,2.0,1.99143846778698,2.0,1.9872359743768806,2.0,2.0,2.0,8193.983043339082,0.0,0.9983214641419969,3705.1828900254945,4737.4999999374995,0.0,0.0,1.0,0.0,0.0,-2225.108221963328,0.0,2225.108221963328,0.0,0.0,0.0,0.0,0.0,0.0,0.0,0.0,25.548084869964075,24.37086667277329,28.869051977577318,28.570334110199514,107.3583376305142,1405.504124636757,1366.1715614348734,658.4793043558266,627.0896730227483,747.0248202809304,739.0818884121251,2771.6756860716305,0.04777926575905811,0.044787424957250216,0.05624659225394165,0.0554819632147682,0.0,31.242219143158344,0.04339197103216437,436.61106050869284,228.76000000000002,308.4801282051282,0.0,308.4801282051282,1.0,657.8699733648706,0.0,54.9999999975,59.374999999375,60.0,62.5,54.9999999975,59.374999999375,60.0,62.5,236.87499999687503,0.0,0.0,0.0,0.0,0.0,236.87499999687503,0.0,308.10707170332245,0.0,13,67.96768708768589,118.82417982659902,50.85649273891314,2520.0,4737.4999999374995,4737.4999999374995,6000.0,308.10707170332245,236.50194349506933,0.0,0.0,0.0,473.36924999063046,485.51629147828044,1.0,0.0,465.9075972639737,432.25000000000006,392.1094297643951,402.1665289925244,0.0,0.0,2225.108221963328,1.0,402.1665289925244,1.0,1603.2117474822096,1016.6323619114056,1.2455277635533952,178.1838480099109,8.74973313154275,179.42937577346427
0.2315060937656488,0.005734131814669807,1.5274353660946212,93.92542735042768,0.0,1.0,0.0,0.0,0.0,162.68571624700135,0.0,0.0,492.98974707608477,0.0,428.6350779979888,0.0,483.35804527119217,474.7041116744772,525.0712012109234,529.286905232093,304.1321907188304,283.93170615308014,1.0,0.0,0.0,0.0,0.009898982670518574,0.0,0.013664586746094966,0.0,0.0,0.0,0.0,0.0,0.0,0.008731179536546266,0.0,0.013126612703700339,0.0,0.0,0.0,1.0,0.0,0.0,0.0,1.0,1.0,0.0,0.0,1.0,0.0,1.0,0.0,0.0,4.0,1.0,461.0,1.0,0.0,0.0,180.0,1.0,0.0,1.0,0.0,36.0,318.0,107.0,461.0,0.0,1.0,59.01232420001179,0.0,18.0,1.0,1.0,138.27407730514315,0.0,1.0,0.6534037807392093,1.0,1.0,36.0,543.6339726354491,932.3826986025842,388.7487259671351,36.0,0.0,553.2039264428228,0.0,2.0,2.0,2.0,1.9901010173294813,2.0,1.9863354132539053,2.0,2.0,2.0,2.0,2.0,2.0,1.9912688204634539,2.0,1.9868733872962996,2.0,2.0,2.0,8254.203731203352,0.0,0.9984247071078249,3700.393263891893,4684.3749999343745,0.0,0.0,1.0,0.0,0.0,-1158.0188076503964,0.0,1158.0188076503964,0.0,0.0,0.0,0.0,0.0,0.0,0.0,0.0,40.28930358269379,38.351282149168355,45.80546095884529,45.079891860377465,169.5259385510849,1404.6991428607798,1360.7824032420829,658.2753502657945,627.3684473390928,746.4237925949853,733.4139559029902,2765.481546102863,0.043893533347637397,0.040977988306853834,0.052225289268839785,0.051100991229632894,0.0,0.0,0.0,492.98974707608477,228.76000000000002,289.2377564102564,0.0,289.2377564102564,1.0,611.1048668253426,0.0,54.9999999975,56.718749999218744,60.0,62.5,54.9999999975,56.718749999218744,60.0,62.5,234.21874999671877,0.0,0.0,0.0,0.0,0.0,234.21874999671877,0.0,363.12607811685956,0.0,14,71.44943945414472,125.73074468425557,54.281305230110846,2700.0,4684.3749999343745,4684.3749999343745,6000.0,363.12607811685956,308.10707170332245,0.0,0.0,0.0,480.3572406842539,480.5230934913625,1.0,0.0,473.6200027311642,432.25000000000006,355.77356481481485,389.8747717776281,0.0,0.0,1158.0188076503964,1.0,389.8747717776281,1.0,1532.5663015328962,1129.2954660542505,1.4777777777777765,177.5714375131248,8.896773065057372,179.0492152909026
0.16743249061627924,0.007113977830899176,1.502038820321694,90.3717948717955,0.0,1.0,0.0,0.14285714285714285,0.14285714285714285,172.41384807979014,0.0,0.0,524.8039579846131,0.0,424.9744518818758,0.0,490.3414874587891,484.45251660008216,526.5892694505794,530.8941718939194,304.1327268768461,283.92892555695664,1.0,0.0,0.0,0.0,0.009647792957557022,0.0,0.013089324210697787,0.0,0.0,0.0,0.0,0.0,0.0,0.008551370631924139,0.0,0.012476125430425668,0.0,0.0,0.0,1.0,0.0,0.0,0.0,1.0,1.0,0.0,0.0,1.0,0.0,1.0,0.0,0.0,4.0,1.0,460.0,1.0,0.0,0.0,180.0,1.0,0.0,1.0,0.0,36.0,317.0,107.0,460.0,0.0,1.0,59.743931899996824,0.0,18.0,1.0,1.0,138.27208940112052,0.0,1.0,0.6550248479525085,1.0,1.0,36.0,618.4962763611238,1065.2089924044749,446.71271604335095,36.0,0.0,529.6061773677147,0.0,2.0,2.0,2.0,1.990352207042443,2.0,1.9869106757893025,2.0,2.0,2.0,2.0,2.0,2.0,1.991448629368076,2.0,1.9875238745695742,2.0,2.0,2.0,8294.103146101806,0.0,0.9989545788995403,3700.127193150043,4721.093749933593,0.0,0.0,1.0,0.0,0.0,-2331.828037289746,0.0,2331.828037289746,0.0,0.0,0.0,0.0,0.0,0.0,0.0,0.0,25.545912045046183,24.36050024561702,28.860580174788453,28.317316735051627,107.08430920050328,1405.308596728195,1360.1331912942153,658.4250060177142,626.8318239975047,746.8835907104808,733.3013672967106,2765.4417880224105,0.04777103467822831,0.04476126778891703,0.05622889373922096,0.05482064837115618,0.0,31.188874323022127,0.0433178810041974,524.8039579846131,228.76000000000002,307.8407051282051,0.0,307.8407051282051,1.0,646.1975792322021,0.0,54.9999999975,58.554687499179686,60.0,62.5,54.9999999975,58.554687499179686,60.0,62.5,236.05468749667972,0.0,0.0,0.0,0.0,0.0,236.05468749667972,0.0,434.91209574838433,0.0,15,74.86230372567469,132.82629380189053,57.96399007621583,2880.0,4721.093749933593,4721.093749933593,6000.0,434.91209574838433,363.12607811685956,0.0,0.0,0.0,473.1044441326629,479.64795728942016,1.0,0.0,467.3568121802752,432.25000000000006,376.01449637233975,389.9825227359198,0.0,0.0,2331.828037289746,1.0,389.9825227359198,1.0,1549.7607173561219,1164.5746182446783,1.293987753253274,174.09869840704786,8.588158062202533,175.39268616030114
0.16333583148943448,0.008307755698790054,1.4940272946567688,121.15096153846241,0.0,1.0,0.0,0.0,0.0,247.51594911824478,0.0,0.0,567.8278072009266,0.0,419.8012828970267,0.0,495.06385749514175,492.9356296686752,527.6006850177625,529.1845248486937,304.13212002013717,283.9300834933757,1.0,0.0,0.0,0.0,0.009898761075728612,0.0,0.013663938309085275,0.0,0.0,0.0,0.0,0.0,0.0,0.008717866792037688,0.0,0.013155707287689259,0.0,0.0,0.0,1.0,0.0,0.0,0.0,1.0,1.0,0.0,0.0,1.0,0.0,1.0,0.0,0.0,4.0,1.0,457.0,1.0,0.0,0.0,180.0,1.0,0.0,1.0,0.0,35.0,316.0,106.0,457.0,0.0,1.0,64.71326699999918,0.0,18.0,1.0,1.0,138.36428743802446,0.0,1.0,0.6535150006884989,1.0,1.0,36.0,696.6389343593977,1205.1980968233897,508.5591624639921,36.0,0.0,526.6841362590845,0.0,2.0,2.0,2.0,1.9901012389242712,2.0,1.9863360616909145,2.0,2.0,2.0,2.0,2.0,2.0,1.9912821332079622,2.0,1.9868442927123107,2.0,2.0,2.0,8323.854869021376,0.0,0.9991076390237646,3700.080268815252,4701.367187416992,0.0,0.0,1.0,0.0,0.0,-1455.2759695528293,0.0,1455.2759695528293,0.0,0.0,0.0,0.0,0.0,0.0,0.0,0.0,40.28897983589703,38.32720169066579,45.80470394933697,45.115351821639194,169.53623729753897,1404.695573048347,1362.5901757121417,658.2728284220502,626.9138733261015,746.4227446262969,735.6763023860401,2767.285748760489,0.04389302911459657,0.040941666284710035,0.052224104353729046,0.05117992522484705,0.0,0.0,0.0,567.8278072009266,228.76000000000002,289.2377564102564,0.0,289.2377564102564,1.0,599.447934736726,0.0,54.9999999975,58.554687499179686,60.0,61.513671874169916,54.9999999975,58.554687499179686,60.0,61.513671874169916,235.0683593708496,0.0,0.0,0.0,0.0,0.0,235.0683593708496,0.0,489.08149278779075,0.0,16,78.14265799827385,139.98910441891502,61.84644642064116,3060.0,4701.367187416992,4701.367187416992,6000.0,489.08149278779075,434.91209574838433,0.0,0.0,0.0,475.13451545264314,478.2357470613907,1.0,0.0,470.7380599157676,432.25000000000006,329.2434758846225,358.35593506252644,0.0,0.0,1455.2759695528293,1.0,358.35593506252644,1.0,1467.4733423068637,1286.081816234939,0.0,169.79102209983947,8.571609143076914,169.79102209983947
0.11183047239102673,0.010428846114381662,1.4233062280472653,117.86272788751477,0.0,1.0,0.0,0.0,0.0,277.83005183594076,0.0,0.0,591.6870846460599,0.0,409.86939906879047,0.0,498.2725402335885,499.0967172921361,528.2995335232185,527.078379321969,304.13274631581476,283.9308717782419,1.0,0.0,0.0,0.0,0.009647625922482299,0.0,0.011157937258045925,0.0,0.0,0.0,0.0,0.0,0.0,0.008559735207525633,0.0,0.01083788697848731,0.0,0.0,0.0,1.0,0.0,0.0,0.0,1.0,1.0,0.0,0.0,1.0,0.0,1.0,0.0,0.0,4.0,1.0,457.0,1.0,0.0,0.0,180.0,1.0,0.0,1.0,0.0,35.0,316.0,106.0,457.0,0.0,1.0,70.20859310000378,0.0,18.0,1.0,1.0,138.43249511715698,0.0,1.0,0.6058651085481186,1.0,1.0,36.0,777.8739617473389,1352.8286177639748,574.9546560166358,36.0,0.0,509.53178927974903,0.0,2.0,2.0,2.0,1.990352374077518,2.0,1.988842062741954,2.0,2.0,2.0,2.0,2.0,2.0,1.9914402647924743,2.0,1.9891621130215127,2.0,2.0,2.0,8344.98020876332,0.0,0.9992833927679475,3700.5778600199087,4701.367187416992,0.0,0.0,1.0,0.0,0.0,-2255.00746178428,0.0,2255.00746178428,0.0,0.0,0.0,0.0,0.0,0.0,0.0,0.0,25.54639427680029,24.37042441126055,29.047919575782803,28.631153733601195,107.59589199744484,1405.3736102959633,1363.2762920471764,658.4302472104225,627.0714725310238,746.9433630855407,736.2048195161526,2768.6499023431397,0.04777046132507529,0.04478212820642666,0.04932829105539197,0.04855051586718188,0.0,30.850891202676465,0.042848460003717316,591.6870846460599,228.76000000000002,314.9414802388296,17.086619147717933,297.8548610911117,1.0,622.2821623689631,0.0,54.9999999975,58.554687499179686,60.0,61.513671874169916,54.9999999975,58.554687499179686,60.0,61.513671874169916,235.0683593708496,0.0,0.0,0.0,0.0,0.0,235.0683593708496,0.0,551.8679945080524,0.0,17,81.23502738794114,147.6305209405848,66.39549355264367,3240.0,4701.367187416992,4701.367187416992,6000.0,551.8679945080524,489.08149278779075,0.0,0.0,0.0,482.3076639394079,487.17053048739206,1.0,0.0,477.4463115904861,432.25000000000006,355.76696178618437,365.35896064517146,0.0,0.0,2255.00746178428,1.0,365.35896064517146,1.0,1475.2153203244131,1346.963448072487,0.0,167.79858314391012,8.14066040568866,167.79858314391012
0.12487885846339758,0.013407508616406993,1.4494102302093286,155.9263568411394,0.0,1.0,0.0,0.0,0.0,359.8421683308891,0.0,0.0,640.7865918385869,0.0,401.78916516745574,0.0,500.45730735859604,502.5038443778934,528.8675523244478,525.0140351852623,304.13079322234904,283.92958117473046,1.0,0.0,0.0,0.0,0.006863201341782397,0.0,0.010501044704013782,0.0,0.0,0.0,0.0,0.0,0.0,0.006016093939294611,0.0,0.010194312488051483,0.0,0.0,0.0,1.0,0.0,0.0,0.0,1.0,1.0,0.0,0.0,1.0,0.0,1.0,0.0,0.0,4.0,1.0,457.0,1.0,0.0,0.0,180.0,1.0,0.0,1.0,0.0,36.0,316.0,105.0,457.0,0.0,1.0,56.03887400000531,0.0,18.0,1.0,1.0,138.3792694913314,0.0,1.0,0.5050192155353074,1.0,1.0,36.0,861.2432097656254,1508.3877277265046,647.1445179608792,26.0,0.0,519.4560019096605,0.0,2.0,2.0,2.0,1.9931367986582176,2.0,1.989498955295986,2.0,2.0,2.0,2.0,2.0,2.0,1.9939839060607052,2.0,1.9898056875119485,2.0,2.0,2.0,8357.688827651662,0.0,0.9994034768459377,3699.398917378966,4701.367187416992,0.0,0.0,1.0,0.0,0.0,-834.768211093784,0.0,834.768211093784,0.0,0.0,0.0,0.0,0.0,0.0,0.0,0.0,40.29078849625567,38.33171486836491,45.62636544315491,44.96924959683343,169.21811840460893,1404.835588007486,1362.7498018191422,658.2988679435643,626.9601114446231,746.5367200639216,735.7896903745192,2767.585389826628,0.03367156759758301,0.03125093220325772,0.04096128899117974,0.04023730182506635,0.0,0.0,0.0,640.7865918385869,228.76000000000002,296.24368812589915,27.004973740934645,269.2387143849645,1.0,561.1944124643496,0.0,54.9999999975,58.554687499179686,60.0,61.513671874169916,54.9999999975,58.554687499179686,60.0,61.513671874169916,235.0683593708496,0.0,0.0,0.0,0.0,0.0,235.0683593708496,0.0,586.038349522167,0.0,18,83.36924801828656,155.55910996252993,72.18986194424338,3420.0,4701.367187416992,4701.367187416992,6000.0,586.038349522167,551.8679945080524,0.0,0.0,0.0,508.69259834677916,504.4391711748357,1.0,0.0,505.53492675520425,432.25000000000006,323.85316871980245,349.15781945850586,0.0,0.0,834.768211093784,1.0,349.15781945850586,1.0,1399.1604985906624,1506.1636869246804,0.0,160.87540641190765,8.095155707372081,160.87540641190765
0.09462179194925818,0.01619774697945714,1.401412394530858,147.0440067818903,0.0,1.0,0.0,0.0,0.0,390.62230124558414,0.0,0.0,686.4957573868111,0.0,405.3283352222879,0.0,501.97991181745255,503.76541622478175,529.1645238251551,523.3687923267722,304.13212306227723,283.9312227019261,1.0,0.0,0.0,0.0,0.012202465589045426,0.0,0.011153704521572038,0.0,0.0,0.0,0.0,0.0,0.0,0.010845813700745653,0.0,0.010939101854673283,0.0,0.0,0.0,1.0,0.0,0.0,0.0,1.0,1.0,0.0,0.0,1.0,0.0,1.0,0.0,0.0,4.0,1.0,456.0,1.0,0.0,0.0,180.0,1.0,0.0,1.0,0.0,35.0,316.0,105.0,456.0,0.0,1.0,49.977720700000646,0.0,18.0,1.0,1.0,138.6566376471776,0.0,1.0,0.6562878899894691,1.0,1.0,36.0,946.7823957949895,1671.9854428366498,725.2030470416603,33.0,0.0,505.60958451685235,0.0,2.0,2.0,2.0,1.9877975344109546,2.0,1.988846295478428,2.0,2.0,2.0,2.0,2.0,2.0,1.9891541862992546,2.0,1.9890608981453266,2.0,2.0,2.0,8364.416597591946,0.0,0.9990667448320674,3704.4184160134714,4755.615234287646,0.0,0.0,1.0,0.0,0.0,-1806.3931501279112,0.0,1806.3931501279112,0.0,0.0,0.0,0.0,0.0,0.0,0.0,0.0,23.715268841778954,22.608612627170995,29.04304261640559,28.772793346192138,104.13971743154767,1405.2034625780661,1367.9292903654857,658.3679648849288,626.5702335022293,746.8354976931374,741.3590568632565,2773.132752943552,0.05629419162838478,0.05282476201887249,0.04931757725202252,0.04879835945272585,0.0,34.507726209836875,0.04792739751366233,686.4957573868111,228.76000000000002,331.82727114301457,56.803990891925295,275.02328025108926,1.0,595.9292420232479,0.0,54.9999999975,61.267089842712394,60.0,61.513671874169916,54.9999999975,61.267089842712394,60.0,61.513671874169916,237.7807617143823,0.0,0.0,0.0,0.0,0.0,237.7807617143823,0.0,623.2808680588738,0.0,19,85.5391860293641,163.5977151101452,78.05852908078108,3600.0,4755.615234287646,4755.615234287646,6000.0,623.2808680588738,586.038349522167,0.0,0.0,0.0,518.684616509453,524.3566074164795,1.0,0.0,513.8437302504599,432.25000000000006,353.4893831229217,357.5853500244632,0.0,0.0,1806.3931501279112,1.0,357.5853500244632,1.0,1435.2766819987573,1590.961788882855,0.0,168.00796302952546,8.049570250277853,168.00796302952546
0.08100173055017162,0.01674584337556706,1.3137447346764075,149.60024636315916,0.0,1.0,0.0,0.0,0.0,461.3082384415192,0.0,0.0,745.1645319525832,0.0,400.366127318376,0.0,503.08398696179665,503.4008687997046,529.3204122682562,524.9944001330501,304.1378489831766,283.93934748235364,1.0,0.0,0.0,0.0,0.02837284486447907,0.0,0.01049724235739465,0.0,0.0,0.0,0.0,0.0,0.0,0.025244700319289284,0.0,0.01047673392460059,0.0,0.0,0.0,1.0,0.0,0.0,0.0,1.0,1.0,0.0,0.0,1.0,0.0,1.0,0.0,0.0,4.0,1.0,458.0,1.0,0.0,0.0,180.0,1.0,0.0,1.0,0.0,35.0,316.0,107.0,458.0,0.0,1.0,52.46745359999477,0.0,18.0,1.0,1.0,138.84781399894862,0.0,1.0,0.8497857789121783,1.0,1.0,36.0,1033.8480827911606,1843.6220669239574,809.7739841327968,36.0,0.0,526.4813074940536,0.0,2.0,2.0,2.0,1.971627155135521,2.0,1.9895027576426054,2.0,2.0,2.0,2.0,2.0,2.0,1.9747552996807107,2.0,1.9895232660753994,2.0,2.0,2.0,8366.885819292325,0.0,0.9989375063385693,3706.2267247881846,4714.245605376159,0.0,0.0,1.0,0.0,0.0,-512.6594703346636,0.0,512.6594703346636,0.0,0.0,0.0,0.0,0.0,0.0,0.0,0.0,37.76741612515396,35.98295788212756,45.60310952856946,45.56376115413787,164.91724468998885,1404.2077874963063,1372.7484924826654,658.0861456215487,626.7403368321188,746.1216418747578,746.0081556505468,2776.956279978972,0.09027897509274685,0.08436741869250756,0.04095216384358919,0.0409063220200735,0.0,8.410738777301496,0.011681581635140968,745.1645319525832,228.76000000000002,303.81605954135836,46.63637710855284,257.1796824328055,1.0,552.1142810107867,0.0,54.9999999975,61.267089842712394,60.0,59.44519042859557,54.9999999975,61.267089842712394,60.0,59.44519042859557,235.71228026880797,0.0,0.0,0.0,0.0,0.0,235.71228026880797,0.0,644.7482702228717,0.0,20,87.06568699617098,171.6366240873075,84.57093709113651,3780.0,4714.245605376159,4714.245605376159,6000.0,644.7482702228717,623.2808680588738,0.0,0.0,0.0,555.9900530489537,542.6724007817357,1.0,0.0,552.8704534275639,432.25000000000006,328.372239707271,361.35650164083916,0.0,0.0,512.6594703346636,1.0,361.35650164083916,1.0,1397.4193054309776,1759.3432238216665,0.7636840555420368,174.64237040787876,8.540994957905253,175.4060544634208
0.06877762655204336,0.018172568715765725,1.2582695287487682,138.81317525370235,0.0,1.0,0.0,0.14285714285714285,0.14285714285714285,508.00134868808686,0.0,0.0,789.7669635893733,0.0,398.3282975263112,0.0,503.86782368153627,501.7813864366571,529.0788743473115,525.1702817534047,304.1516573311733,283.9489467209469,1.0,0.0,0.0,0.0,0.04903417423232887,0.0,0.01592620907669208,0.0,0.0,0.0,0.0,0.0,0.0,0.04396572537678621,0.0,0.015925454813335196,0.0,0.0,0.0,1.0,0.0,0.0,0.0,1.0,1.0,0.0,0.0,1.0,0.0,1.0,0.0,0.0,4.0,1.0,458.0,1.0,0.0,0.0,180.0,1.0,0.0,1.0,0.0,36.0,316.0,106.0,458.0,0.0,1.0,55.19913290000113,0.0,18.0,1.0,1.0,138.9313819285362,0.0,1.0,1.2496519871014353,1.0,1.0,36.0,1122.6242357687395,2023.59870780135,900.9744720326106,36.0,0.0,484.64426179485946,0.0,2.0,2.0,2.0,1.9509658257676712,2.0,1.9840737909233082,2.0,2.0,2.0,2.0,2.0,2.0,1.9560342746232138,2.0,1.9840745451866648,2.0,2.0,2.0,8365.131219218105,0.0,0.9991112893260207,3706.360597750701,4714.245605376159,0.0,0.0,1.0,0.0,0.0,-1827.736420070958,0.0,1827.736420070958,0.0,0.0,0.0,0.0,0.0,0.0,0.0,0.0,21.94181585106647,20.897845112946772,28.12123319075524,28.126477886658712,99.08737204142719,1404.9094048512682,1373.7182337194545,658.1789521402287,626.8938747632393,746.7304527110394,746.8243589562152,2778.6276385707224,0.13836985789038256,0.13027725023706688,0.06433999024058551,0.06433686382959461,0.0,48.285307957978155,0.0670629277194141,789.7669635893733,228.76000000000002,317.9185906941391,52.857426779852084,265.061163914287,1.0,576.0310827984074,0.0,54.9999999975,61.267089842712394,60.0,59.44519042859557,54.9999999975,61.267089842712394,60.0,59.44519042859557,235.71228026880797,0.0,0.0,0.0,0.0,0.0,235.71228026880797,0.0,674.0971538683514,0.0,21,88.77615297757896,179.9766408773927,91.20048789981374,3960.0,4714.245605376159,4714.245605376159,6000.0,674.0971538683514,644.7482702228717,0.0,0.0,0.0,562.4690292508167,570.8761521371833,1.0,0.0,558.2828221450391,432.25000000000006,344.27686488301293,346.56434432027675,0.0,0.0,1827.736420070958,1.0,346.56434432027675,1.0,1409.7391378499929,1856.0511344224992,0.0,180.63635357791853,8.764269866367506,180.63635357791853
0.06812505963498122,0.01945815029381126,1.2600633825389265,167.70014106566808,0.0,1.0,0.0,0.14285714285714285,0.14285714285714285,587.9363041716388,0.0,0.0,837.6833093583232,0.0,411.38723874168465,0.0,504.4048830023718,501.16037928694584,529.3362777937334,524.0231330527663,304.1545238113232,283.9510506289537,1.0,0.0,0.0,0.0,0.03153935820696441,0.0,0.021473598182229776,0.0,0.0,0.0,0.0,0.0,0.0,0.027969070467750087,0.0,0.021497956514710276,0.0,0.0,0.0,1.0,0.0,0.0,0.0,1.0,1.0,0.0,0.0,1.0,0.0,1.0,0.0,0.0,4.0,1.0,449.0,1.0,0.0,0.0,180.0,1.0,0.0,1.0,0.0,35.0,308.0,106.0,449.0,0.0,1.0,56.79070040000079,0.0,18.0,1.0,1.0,138.8536516978873,0.0,1.0,1.080627146074304,1.0,1.0,36.0,1212.4885613939177,2211.460007244616,998.9714458506982,36.0,0.0,531.0003736615263,0.0,2.0,2.0,2.0,1.9684606417930357,2.0,1.9785264018177702,2.0,2.0,2.0,2.0,2.0,2.0,1.9720309295322498,2.0,1.9785020434852898,2.0,2.0,2.0,8364.588884654899,0.0,0.9985525299811128,3706.4171979034872,4742.807006720199,0.0,0.0,1.0,0.0,0.0,-573.7702839770482,0.0,573.7702839770482,0.0,0.0,0.0,0.0,0.0,0.0,0.0,0.0,43.88825405872286,41.7992035071971,46.480682462647295,46.517189116510735,178.685329145078,1403.8433200763207,1373.229713881426,658.42225585746,627.0442671864872,745.4210642188607,746.185446694939,2777.073033957747,0.09767365705858871,0.09100906585001685,0.06930043576956378,0.06935328334220912,0.0,8.410492964183447,0.011681240228032566,837.6833093583232,228.76000000000002,304.4343578393069,46.466527258353274,257.96783058095366,1.0,559.6888878603787,0.0,54.9999999975,61.267089842712394,61.428070067201986,59.44519042859557,54.9999999975,61.267089842712394,61.428070067201986,59.44519042859557,237.14035033600993,0.0,0.0,0.0,0.0,0.0,237.14035033600993,0.0,694.9246341132956,0.0,22,89.86432562517822,187.8612994432658,97.99697381808758,4140.0,4742.807006720199,4742.807006720199,6000.0,694.9246341132956,674.0971538683514,0.0,0.0,0.0,605.695565626232,594.4532468507687,1.0,0.0,600.7717807149817,432.25000000000006,318.3951258175748,361.6949189140701,0.0,0.0,573.7702839770482,1.0,361.6949189140701,1.0,1414.1009775793852,2026.3913942449437,0.755553000438423,178.18277512906363,8.806257614142542,178.93832812950205
0.0655477340857733,0.0217983064502989,1.2649631510858625,172.8200128605398,0.0,1.0,0.0,0.0,0.0,650.8445870080485,0.0,0.0,889.5192306664898,0.0,401.87168082993185,0.0,504.29485875879436,501.19230587203106,533.5251234841999,523.3019818487544,304.15369633560454,283.9499359381557,1.0,0.0,0.0,0.0,0.04903248696142153,0.0,0.022567716158768687,0.0,0.0,0.0,0.0,0.0,0.0,0.043964596686979544,0.0,0.022595759012394103,0.0,0.0,0.0,1.0,0.0,0.0,0.0,1.0,1.0,0.0,0.0,1.0,0.0,1.0,0.0,0.0,4.0,1.0,451.0,1.0,0.0,0.0,180.0,1.0,0.0,1.0,0.0,36.0,309.0,106.0,451.0,0.0,1.0,55.7939056000032,0.0,18.0,1.0,1.0,138.92881086808177,0.0,1.0,1.323232457361225,1.0,1.0,36.0,1303.6136532045439,2407.168830616156,1103.5551774116118,40.0,0.0,470.24325097143435,0.0,2.0,2.0,2.0,1.9509675130385784,2.0,1.9774322838412313,2.0,2.0,2.0,2.0,2.0,2.0,1.9560354033130203,2.0,1.9774042409876058,2.0,2.0,2.0,8364.924232234818,0.0,0.9978749159249287,3709.0125199224226,4742.807006720199,0.0,0.0,1.0,0.0,0.0,-1879.9178684251365,0.0,1879.9178684251365,0.0,0.0,0.0,0.0,0.0,0.0,0.0,0.0,21.944176645235586,20.90014391318326,29.018896642292535,29.038316607132707,100.90153380784409,1404.7041700383988,1373.8720473232356,658.2012802106243,626.9252247460698,746.5028898277747,746.9468225771658,2778.5762173616345,0.13836691412217206,0.13027514219351166,0.07760428533370123,0.07765474982145872,0.0,46.4753148482293,0.06454904840031848,889.5192306664898,228.76000000000002,319.75838764523496,66.81589841136055,252.9424892338744,1.0,564.2391443926912,0.0,54.9999999975,61.267089842712394,61.428070067201986,59.44519042859557,54.9999999975,61.267089842712394,61.428070067201986,59.44519042859557,237.14035033600993,0.0,0.0,0.0,0.0,0.0,237.14035033600993,0.0,710.7267730111603,0.0,23,91.12509181062626,195.7088233715399,104.58373156091365,4320.0,4742.807006720199,4742.807006720199,6000.0,710.7267730111603,694.9246341132956,0.0,0.0,0.0,597.6243381268794,610.2384469421097,1.0,0.0,593.1249403144467,432.25000000000006,328.9069266381766,331.45936335757676,0.0,0.0,1879.9178684251365,1.0,331.45936335757676,1.0,1367.089198919118,2133.488757988985,1.3611111111111112,175.72469531747254,8.74048958352577,177.08580642858365
0.07133098022115963,0.024838994472922815,1.2923069875507542,204.1203333733602,0.0,1.0,0.0,0.14285714285714285,0.14285714285714285,734.9108777700479,0.0,0.0,942.0756538756772,0.0,395.48045298550045,0.0,503.32708530929847,500.8854388716098,538.3725558715087,522.4721561970462,304.15561703030187,283.9529117058265,1.0,0.0,0.0,0.0,0.038599638964263536,0.0,0.0509307901123921,0.0,0.0,0.0,0.0,0.0,0.0,0.034287649308251233,0.0,0.05199200148901996,0.0,0.0,0.0,1.0,0.0,0.0,0.0,1.0,1.0,0.0,0.0,1.0,0.0,1.0,0.0,0.0,4.0,1.0,439.0,1.0,0.0,0.0,180.0,1.0,0.0,1.0,0.0,35.0,309.0,95.0,439.0,0.0,1.0,54.14574619999621,0.0,18.0,1.0,1.0,138.27777080763462,0.0,1.0,1.5758551237943033,1.0,1.0,36.0,1395.5730878422382,2611.164273852937,1215.591186010699,46.0,0.0,521.9336510877462,0.0,2.0,2.0,2.0,1.9614003610357367,2.0,1.949069209887608,2.0,2.0,2.0,2.0,2.0,2.0,1.9657123506917489,2.0,1.94800799851098,2.0,2.0,2.0,8361.8802779015,0.0,0.9982684630962544,3698.207456674202,4642.807006720199,0.0,0.0,1.0,0.0,0.0,-200.1172894135325,0.0,200.1172894135325,0.0,0.0,0.0,0.0,0.0,0.0,0.0,0.0,42.45843399196606,40.62497649094651,45.1061495464992,45.56038182033399,173.74994184974577,1393.9557564661256,1371.599659686566,659.2056982087933,626.9496626964251,734.7500582573325,744.6499969901408,2765.5554161526916,0.11387833995944126,0.10556643666839945,0.1331825036734124,0.13478285791031677,0.0,11.04855073717399,0.015345209357186097,942.0756538756772,228.76000000000002,308.75279695941157,67.45038451802202,241.30241244138955,1.0,531.9395155584228,0.0,49.9999999975,61.267089842712394,61.428070067201986,59.44519042859557,49.9999999975,61.267089842712394,61.428070067201986,59.44519042859557,232.14035033600996,0.0,0.0,0.0,0.0,0.0,232.14035033600996,0.0,719.8888351165399,0.0,24,91.95943463769424,203.99544323678137,112.03600859908713,4500.0,4642.807006720199,4642.807006720199,6000.0,719.8888351165399,710.7267730111603,0.0,0.0,0.0,654.690321701478,631.7421914391119,1.0,0.0,654.4793027661185,432.25000000000006,312.6141631054131,362.701278867253,0.0,0.0,200.1172894135325,1.0,362.701278867253,1.0,1375.9886054703263,2331.465834411844,0.0,180.5669957543486,8.744879585679215,180.5669957543486
0.0719489088116668,0.02442623121515891,1.3036226216902158,208.77129491182166,0.0,1.0,0.0,0.0,0.0,808.015785501405,0.0,0.0,1003.1805670000149,0.0,401.4186159494292,0.0,503.4779238046936,500.3082865015456,536.2058966358135,521.8044454470245,304.1573748306127,283.95826073835,1.0,0.0,0.0,0.0,0.06061781878056162,0.0,0.03185956410904023,0.0,0.0,0.0,0.0,0.0,0.0,0.05305265793572584,0.0,0.03302570391926628,0.0,0.0,0.0,1.0,0.0,0.0,0.0,1.0,1.0,0.0,0.0,1.0,0.0,1.0,0.0,0.0,4.0,1.0,443.0,1.0,0.0,0.0,180.0,1.0,0.0,1.0,0.0,35.0,301.0,107.0,443.0,0.0,1.0,52.461001500007114,0.0,18.0,1.0,1.0,138.61466989686434,0.0,1.0,1.547655700415615,1.0,1.0,36.0,1487.6735599894687,2823.4983124804553,1335.8247524909866,36.0,0.0,465.26187041868167,0.0,2.0,2.0,2.0,1.9393821812194385,2.0,1.9681404358909598,2.0,2.0,2.0,2.0,2.0,2.0,1.9469473420642744,2.0,1.966974296080734,2.0,2.0,2.0,8359.424335293812,0.0,0.9990896889252381,3701.8442806824532,4742.807006720199,0.0,0.0,1.0,0.0,0.0,-1519.8256801833777,0.0,1519.8256801833777,0.0,0.0,0.0,0.0,0.0,0.0,0.0,0.0,25.198754962941933,23.79745359748931,28.35639984857717,28.76416974103029,106.1167781500387,1397.3342021063515,1374.959195830935,657.6221688094504,627.018844081436,739.7120332969012,747.940351749499,2772.2933979372865,0.155372097618156,0.14420930141708055,0.09711959494728967,0.09900176086174522,0.0,43.49241622766592,0.060406133649536,1003.1805670000149,228.76000000000002,319.84600421677004,82.59448899729999,237.25151521947006,1.0,541.2531544278505,0.0,54.9999999975,61.267089842712394,61.428070067201986,59.44519042859557,54.9999999975,61.267089842712394,61.428070067201986,59.44519042859557,237.14035033600993,0.0,0.0,0.0,0.0,0.0,237.14035033600993,0.0,720.0,0.0,25,92.10047214723036,212.33403862751794,120.23356648028756,4680.0,4742.807006720199,4742.807006720199,6000.0,720.0,719.8888351165399,0.0,0.0,0.0,653.4681012487525,659.9648284231812,1.0,0.0,648.7261288915663,432.25000000000006,320.3691702279202,328.01650320740737,0.0,0.0,1519.8256801833777,1.0,328.01650320740737,1.0,1331.025124119572,2459.9224813929864,0.0,172.55628966346873,8.717130481689013,172.55628966346873
0.07451761390580813,0.02448565236305461,1.3110007513097999,237.65826072378735,0.0,1.0,0.0,0.14285714285714285,0.14285714285714285,904.270627628414,0.0,0.0,1055.8167898664667,0.0,391.97148597689835,0.0,506.5751029020202,499.4108109773871,532.2048990421638,522.1405180232881,304.16286809018095,283.95780061833784,1.0,0.0,0.0,0.0,0.04941229230975878,0.0,0.052854851065498476,0.0,0.0,0.0,0.0,0.0,0.0,0.04431462345878975,0.0,0.05314708709774533,0.0,0.0,0.0,1.0,0.0,0.0,0.0,1.0,1.0,0.0,0.0,1.0,0.0,1.0,0.0,0.0,4.0,1.0,451.0,1.0,0.0,0.0,180.0,1.0,0.0,1.0,0.0,36.0,309.0,106.0,451.0,0.0,1.0,53.177633100000094,0.0,18.0,1.0,1.0,138.69953936749636,0.0,1.0,1.6336561354299726,1.0,1.0,36.0,1579.9286799770189,3044.2415545316526,1464.312874554634,36.0,0.0,518.1972838142724,0.0,2.0,2.0,2.0,1.9505877076902414,2.0,1.9471451489345017,2.0,2.0,2.0,2.0,2.0,2.0,1.9556853765412103,2.0,1.9468529129022545,2.0,2.0,2.0,8363.12276637016,0.0,0.9980813076532574,3704.5246976773883,4742.807006720199,0.0,0.0,1.0,0.0,0.0,-118.86268756726531,0.0,118.86268756726531,0.0,0.0,0.0,0.0,0.0,0.0,0.0,0.0,46.38428824677191,44.13101999942805,45.7852958107664,45.901521884314775,182.20212594128114,1401.8835853574035,1372.1072019925234,658.03526098485,626.8241688036733,743.8483243725536,745.2830331888503,2773.990787349927,0.1235825551446225,0.11561677435298551,0.1359263908824062,0.13633750601759947,0.0,0.0,0.0,1055.8167898664667,228.76000000000002,307.8610930539801,70.83190760143029,237.02918545254983,1.0,524.1404181926357,0.0,54.9999999975,61.267089842712394,61.428070067201986,59.44519042859557,54.9999999975,61.267089842712394,61.428070067201986,59.44519042859557,237.14035033600993,0.0,0.0,0.0,0.0,0.0,237.14035033600993,0.0,719.8888351165399,0.0,26,92.25511998755022,220.74324205119763,128.4881220636474,4860.0,4742.807006720199,4742.807006720199,6000.0,719.8888351165399,720.0,0.0,0.0,0.0,717.5579251417832,687.1642661592676,1.0,0.0,714.0465184099413,432.25000000000006,303.9404451566952,356.4542357751275,0.0,0.0,118.86268756726531,1.0,356.4542357751275,1.0,1363.3916385250209,2674.133935904822,1.9795451617692446,174.77792893853345,8.55816266084532,176.7574741003027
0.07808736488797444,0.02463377905175501,1.363906614196724,262.60605266447345,0.14285714285714285,1.0,0.0,0.0,0.0,976.1202549594153,0.0,0.0,1117.4092500356505,0.0,405.2377172323384,0.0,508.78005708751516,498.4806374451847,535.524087401083,523.4782236425419,304.1536858825387,283.9502994721782,1.0,0.0,0.0,0.0,0.027444888080214464,0.0,0.03301241698888489,0.0,0.0,0.0,0.0,0.0,0.0,0.024599732253619135,0.0,0.03295298890197835,0.0,0.0,0.0,1.0,0.0,0.0,0.0,1.0,1.0,0.0,0.0,1.0,0.0,1.0,0.0,0.0,4.0,1.0,443.0,1.0,0.0,0.0,180.0,1.0,0.0,1.0,0.0,36.0,300.0,107.0,443.0,0.0,1.0,55.5549491999991,0.0,18.0,1.0,1.0,139.0372886233329,0.0,1.0,1.180712807595547,1.0,1.0,36.0,1671.8730326886653,3273.099809017507,1601.2267763288419,50.0,0.0,464.0869167270955,0.0,2.0,2.0,2.0,1.9725551119197857,2.0,1.966987583011115,2.0,2.0,2.0,2.0,2.0,2.0,1.9754002677463811,2.0,1.9670470110980216,2.0,2.0,2.0,8367.341494797014,0.0,0.9963168355931009,3712.9065710563755,4792.3789976853595,0.0,0.0,1.0,0.0,0.0,-1701.2412526179487,0.0,1701.2412526179487,0.0,0.0,0.0,0.0,0.0,0.0,0.0,0.0,23.642532778789487,22.553255583616874,28.753273006786465,28.73748268890384,103.68654405809666,1406.42800383651,1374.3177686301474,658.7557583617928,627.3247546956002,747.6722454747173,746.9930139345473,2780.745772466658,0.093070890357914,0.0875397065703314,0.09895170986681288,0.09885894642206623,0.0,35.332560266014355,0.04907300036946438,1117.4092500356505,228.76000000000002,324.6527742658653,84.92265949813714,239.73011476772817,1.0,549.148979357993,0.0,54.9999999975,61.267089842712394,61.428070067201986,61.9237899768536,54.9999999975,61.267089842712394,61.428070067201986,61.9237899768536,239.61894988426798,0.0,0.0,0.0,0.0,0.0,239.61894988426798,0.0,720.0,0.0,27,91.9443527116464,228.8582544858544,136.91390177420797,5040.0,4792.3789976853595,4792.3789976853595,6000.0,720.0,719.8888351165399,0.0,0.0,0.0,705.8101532223508,712.1389220353104,1.0,0.0,700.3331429677892,432.25000000000006,318.03594373219374,330.4489033192675,0.0,0.0,1701.2412526179487,1.0,330.4489033192675,1.0,1325.9328970632575,2793.862647962855,1.9444444444444442,167.3721097814789,8.532407430239697,169.31655422592337
0.08310944836702158,0.029162861587533895,1.3909274441215629,271.8938508790975,0.14285714285714285,1.0,0.0,0.0,0.0,999.6455633246549,0.0,0.0,1050.7390786710575,0.0,359.28560070468075,0.0,507.46333545558036,497.3458852838845,539.9817158021563,531.875287279329,278.25429476466536,258.1778165397967,1.0,0.0,0.0,0.0,0.04561700405166083,0.0,0.05526649089458921,0.0,0.0,0.0,0.0,0.0,0.0,0.040987206496942846,0.0,0.05377547458820729,0.0,0.0,0.0,1.0,0.0,0.0,0.0,1.0,1.0,0.0,0.0,1.0,0.0,1.0,0.0,0.0,4.0,1.0,443.0,1.0,0.0,0.0,180.0,1.0,0.0,1.0,0.0,36.0,300.0,107.0,443.0,0.0,1.0,54.45883760000288,0.0,18.0,1.0,1.0,139.25760692255918,0.0,1.0,1.6474515774221155,1.0,1.0,36.0,1761.931282679059,3501.602708988433,1739.671426309374,72.0,0.0,424.0329264426529,0.0,2.0,2.0,2.0,1.9543829959483392,2.0,1.9447335091054105,2.0,2.0,2.0,2.0,2.0,2.0,1.959012793503057,2.0,1.9462245254117927,2.0,2.0,2.0,8362.434726787802,0.0,0.9894691638412555,3713.4878147901563,5300.0,0.0,0.0,1.0,0.0,0.0,-2266.982450246971,0.0,2266.982450246971,0.0,0.0,0.0,0.0,0.0,0.0,0.0,0.0,41.9193340268988,39.89709504801237,46.576200362240456,46.16560537074,174.55823480789164,1414.676649300369,1370.4754891508132,649.9709485087825,618.8625991582484,764.7057007915865,751.6128899925649,2785.152138451182,0.12398612139613115,0.11663366288070955,0.1396359908229806,0.13727331286195776,0.0,0.19987025260162739,0.0002775975730578158,1050.7390786710575,144.48000000000002,284.77264093103264,23.15594839580395,261.6166925352287,1.0,537.3820489550016,0.0,67.5,67.5,62.5,67.5,67.5,67.5,62.5,67.5,265.0,0.0,0.0,0.0,0.0,0.0,265.0,0.0,716.6166925352292,0.0,28,90.05824999039366,228.50289997092597,138.4446499805323,5220.0,5300.0,5300.0,6000.0,716.6166925352292,720.0,0.0,0.0,0.0,713.9930106458446,707.022091708574,1.0,0.0,714.6139475351287,273.00000000000006,228.14612537505718,310.66169491692153,0.0,0.0,2266.982450246971,1.0,310.66169491692153,1.0,1269.2755093969724,2764.998589530841,0.14643356177659106,155.04420857138825,8.001800598593482,155.19064213316486
0.09764077939710841,0.03256524601581118,1.4827155883132075,283.6060526644745,0.14285714285714285,1.0,0.0,0.14285714285714285,0.14285714285714285,951.9802660093042,0.0,0.0,915.11301400405,0.0,297.95252874688634,0.0,505.3847461437854,494.51937711722377,550.494581505925,552.2443560287309,148.12165064675116,138.59385581648957,1.0,0.0,0.0,0.0,0.024808345611844876,0.0,0.02085090447993232,0.0,0.0,0.0,0.0,0.0,0.0,0.02139198952102607,0.0,0.019455557563476264,0.0,0.0,0.0,1.0,0.0,0.0,0.0,1.0,1.0,0.0,0.0,1.0,0.0,1.0,0.0,0.0,4.0,1.0,391.0,1.0,0.0,0.0,180.0,1.0,0.0,1.0,0.0,30.0,297.0,64.0,391.0,0.0,1.0,49.58040419999452,0.0,18.0,1.0,1.0,117.42758875906603,0.0,1.0,0.9756819452353586,1.0,1.0,36.0,1843.2988999611948,3714.1912532768456,1870.8923533156508,108.0,0.0,259.5039235551472,0.0,2.0,2.0,2.0,1.9751916543881554,2.0,1.9791490955200675,2.0,2.0,2.0,2.0,2.0,2.0,1.9786080104789738,2.0,1.9805444424365237,2.0,2.0,2.0,8351.05921514974,0.0,0.9719619368227631,3265.596832659236,6000.0,0.0,0.0,1.0,0.0,0.0,-4213.562960589573,0.0,4213.562960589573,0.0,0.0,0.0,0.0,0.0,0.0,0.0,0.0,19.004577976738275,17.7183409173418,31.295168019615353,30.070539326100405,98.08862623979583,1202.5454001005974,1146.0063750807237,473.3240881159157,441.6767593651491,729.2213119846815,704.3296157155746,2348.551775181321,0.08935202318540236,0.08268225531390713,0.07014735414777944,0.06749821563470149,0.0,21.778548453866513,0.03024798396370349,915.11301400405,60.2,233.310129493784,0.0,233.310129493784,1.0,470.1820715846259,0.0,75.0,75.0,75.0,75.0,75.0,75.0,75.0,75.0,300.0,0.0,0.0,0.0,0.0,0.0,300.0,0.0,649.9268220290122,0.0,29,81.36761728213592,212.58854428841278,131.22092700627684,5400.0,6000.0,6000.0,6000.0,649.9268220290122,716.6166925352292,0.0,0.0,0.0,644.3012598656758,677.6902882067928,1.0,0.0,638.6812775166143,113.75000000000001,149.01333150338553,218.76419736385282,0.0,0.0,4213.562960589573,1.0,218.76419736385282,1.0,992.8940886116773,2505.774557529968,0.0,125.31698076156886,6.947573932793258,125.31698076156886
0.11289167181062065,0.03955957033471608,1.5629815662259494,288.8701730348453,0.21428571428571427,1.0,0.0,0.0,0.0,935.9410553550264,0.0,0.0,779.1756955513714,0.0,219.18662912213202,0.0,498.57262574237706,488.35153525862495,574.6741444795366,570.9048537190909,69.84667856871509,66.35909498479768,1.0,0.0,0.0,0.0,0.009731802637661232,0.0,0.004337257847028147,0.0,0.0,0.0,0.0,0.0,0.0,0.00852666620392358,0.0,0.0040465279139866184,0.0,0.0,0.0,1.0,0.0,0.0,0.0,1.0,1.0,0.0,0.0,1.0,0.0,1.0,0.0,0.0,4.0,1.0,335.0,1.0,0.0,0.0,180.0,1.0,0.0,1.0,0.0,30.0,241.0,64.0,335.0,0.0,1.0,43.25539669999853,0.0,18.0,1.0,1.0,71.50681834401051,0.0,1.0,0.5205112615287436,1.0,1.0,36.0,1914.3211760339047,3906.2448784807184,1991.9237024468139,71.0,0.0,224.94076990666068,0.0,2.0,2.0,2.0,1.9902681973623386,2.0,1.995662742152972,2.0,2.0,2.0,2.0,2.0,2.0,1.9914733337960766,2.0,1.9959534720860133,2.0,2.0,2.0,8322.969405934371,0.0,0.9910635781148921,2493.7545017790108,6000.0,0.0,0.0,1.0,0.0,0.0,-3553.653784848333,0.0,3553.653784848333,0.0,0.0,0.0,0.0,0.0,0.0,0.0,0.0,16.068694456483207,15.121475213593513,32.5406580630481,31.42073151925768,95.1515592523825,729.4905783734215,700.645788506789,203.57150389553044,192.16744531668076,525.9190744778911,508.4783431901083,1430.1363668802105,0.05344184162098017,0.049845562984345886,0.028280053032998267,0.027325793977008864,0.0,0.0,0.0,779.1756955513714,60.2,225.52764162093777,0.0,225.52764162093777,1.0,402.62345914907735,0.0,75.0,75.0,75.0,75.0,75.0,75.0,75.0,75.0,300.0,0.0,0.0,0.0,0.0,0.0,300.0,0.0,575.45446364995,0.0,30,71.02227607270983,192.05362520387297,121.03134913116315,5580.0,6000.0,6000.0,6000.0,575.45446364995,649.9268220290122,0.0,0.0,0.0,618.1718698863968,632.9136312693028,1.0,0.0,615.0450951328846,113.75000000000001,120.71040011296765,172.9698972624559,0.0,0.0,3553.653784848333,1.0,172.9698972624559,1.0,823.9027310882758,2330.1618460392824,0.0,97.68241671686334,5.705339600187682,97.68241671686334
0.12773813278942353,0.05075931301872494,1.607231826467083,287.17266783668515,0.21428571428571427,1.0,0.0,0.14285714285714285,0.14285714285714285,896.217913872144,0.0,0.0,642.9594505385035,0.0,165.75032570825746,0.0,490.9544207797028,489.83249956052936,538.2090090298406,528.3240625726124,68.49469193564697,65.17346664724519,1.0,0.0,0.0,0.0,0.0011015511685113684,0.0,0.0013988593467687425,0.0,0.0,0.0,0.0,0.0,0.0,0.0009987932729624222,0.0,0.0013478246350582751,0.0,0.0,0.0,1.0,0.0,0.0,0.0,1.0,1.0,0.0,0.0,1.0,0.0,1.0,0.0,0.0,4.0,1.0,343.0,1.0,0.0,0.0,180.0,1.0,0.0,1.0,0.0,31.0,241.0,71.0,343.0,0.0,1.0,41.49219579999044,0.0,18.0,1.0,1.0,60.97389977383821,0.0,1.0,0.1701980047534738,1.0,1.0,36.0,1977.226732773684,4081.2173418084476,2103.9906090347636,0.0,0.0,211.71520317035288,0.0,2.0,2.0,2.0,1.9988984488314887,2.0,1.9986011406532311,2.0,2.0,2.0,2.0,2.0,2.0,1.9990012067270375,2.0,1.9986521753649416,2.0,2.0,2.0,8296.122130285534,0.0,1.0,2181.7652550344965,6000.0,0.0,0.0,1.0,0.0,0.0,-3365.1945872773267,0.0,3365.1945872773267,0.0,0.0,0.0,0.0,0.0,0.0,0.0,0.0,7.229197891776785,6.883069580632117,22.280279634443104,21.84951458061824,58.24206168747024,618.0833437739865,601.3946517027775,173.4245232647286,165.13249148087297,444.65882050925785,436.26216022190465,1219.4779954767641,0.015170117508136923,0.014443996048373767,0.011412054385729115,0.011200171852136257,0.0,2.8192407606913577,0.003915612167626886,642.9594505385035,60.2,246.17363608160179,0.0,246.17363608160179,1.0,379.97493253421925,0.0,75.0,75.0,75.0,75.0,75.0,75.0,75.0,75.0,300.0,0.0,0.0,0.0,0.0,0.0,300.0,0.0,521.6280997315516,0.0,31,62.905556739779335,174.97246332772923,112.06690658794989,5760.0,6000.0,6000.0,6000.0,521.6280997315516,575.45446364995,0.0,0.0,0.0,613.2832886216066,626.8625613705702,1.0,0.0,611.2525815262461,113.75000000000001,144.21434518658634,180.34674847509459,0.0,0.0,3365.1945872773267,1.0,180.34674847509459,1.0,791.4310248468898,2150.4299459368935,0.0,83.24551153375205,4.319163346819447,83.24551153375205
0.13697212160195626,0.0577125090615116,1.6765955399638777,259.68170677774026,0.21428571428571427,1.0,0.0,0.14285714285714285,0.14285714285714285,852.9035442140239,0.0,0.0,523.9043847019468,0.0,172.65079937602886,0.0,505.82894666200775,497.08767457104756,510.7578194876061,498.5751436189815,68.49367689066229,65.1726739855945,1.0,0.0,0.0,0.0,7.147337027588494e-05,0.0,0.0027420896781916357,0.0,0.0,0.0,0.0,0.0,0.0,6.482728524845636e-05,0.0,0.002658227594547492,0.0,0.0,0.0,1.0,0.0,0.0,0.0,1.0,1.0,0.0,0.0,1.0,0.0,1.0,0.0,0.0,4.0,1.0,342.0,1.0,0.0,0.0,180.0,1.0,0.0,1.0,0.0,30.0,241.0,71.0,342.0,0.0,1.0,41.66347899999528,0.0,18.0,1.0,1.0,60.48006359761349,0.0,1.0,0.160988153228104,1.0,1.0,36.0,2032.6076123279418,4239.724386105008,2207.1167737770666,0.0,0.0,210.69318384514034,0.0,2.0,2.0,2.0,1.999928526629724,2.0,1.9972579103218082,2.0,2.0,2.0,2.0,2.0,2.0,1.9999351727147514,2.0,1.9973417724054525,2.0,2.0,2.0,8415.32523277258,0.0,1.0,2086.7187380800447,6000.0,0.0,0.0,1.0,0.0,0.0,-3530.5650737191036,0.0,3530.5650737191036,0.0,0.0,0.0,0.0,0.0,0.0,0.0,0.0,10.107041011103142,9.625506410231004,17.081175549070885,16.81509121661562,53.62881418702065,612.3149390403236,597.2863329119458,173.25797276161697,165.00484271164524,439.0569662787065,432.2814902003005,1209.6012719522691,0.002673737773773747,0.0025463684112969967,0.02258986699149445,0.022239866224187096,0.0,9.676317457904652,0.013439329802645351,523.9043847019468,60.2,244.3099089241819,0.0,244.3099089241819,1.0,387.2214375310955,0.0,75.0,75.0,75.0,75.0,75.0,75.0,75.0,75.0,300.0,0.0,0.0,0.0,0.0,0.0,300.0,0.0,465.93800865573326,0.0,32,55.38087955425781,158.50704429656096,103.12616474230315,5940.0,6000.0,6000.0,6000.0,465.93800865573326,521.6280997315516,0.0,0.0,0.0,585.1943591499343,606.4135514932739,1.0,0.0,584.2401229077323,113.75000000000001,146.5337072649573,176.24684105003055,0.0,0.0,3530.5650737191036,1.0,176.24684105003055,1.0,771.9555419387277,1961.0480518237027,0.0,70.14648133120355,3.8949995193910354,70.14648133120355
0.1464711258308411,0.08129659850901044,1.6733770900872313,267.53028185721143,0.14285714285714285,1.0,0.0,0.0,0.0,823.7044636916004,0.0,0.0,391.2328829929497,0.0,151.6357840844841,0.0,392.69000256149695,357.6838842284895,392.69000256149695,357.6838842284895,68.4936719715351,65.17267105510912,1.0,0.0,0.0,0.0,3.573400414918431e-05,0.0,0.0013680036259584583,0.0,0.0,0.0,0.0,0.0,0.0,3.241234886423398e-05,0.0,0.00132726736669031,0.0,0.0,0.0,1.0,0.0,0.0,0.0,1.0,1.0,0.0,0.0,1.0,0.0,1.0,0.0,0.0,4.0,1.0,349.0,1.0,0.0,0.0,180.0,1.0,0.0,1.0,0.0,30.0,249.0,70.0,349.0,0.0,1.0,45.61508419999154,0.0,18.0,1.0,1.0,60.444113914543436,0.0,1.0,0.08492161174058047,1.0,1.0,36.0,2081.768164077322,4382.632377661768,2300.8642135844466,0.0,0.0,213.06997791130618,0.0,2.0,2.0,2.0,1.9999642659958508,2.0,1.9986319963740415,2.0,2.0,2.0,2.0,2.0,2.0,1.9999675876511358,2.0,1.9986727326333096,2.0,2.0,2.0,7488.809758006385,0.0,1.0,2077.336268966924,6000.0,0.0,0.0,1.0,0.0,0.0,-3420.330036145341,0.0,3420.330036145341,0.0,0.0,0.0,0.0,0.0,0.0,0.0,0.0,8.662501652953893,8.249990590203161,26.80657281942587,26.401832326300575,70.12089738888349,611.8727137105141,597.0095645803545,173.25041122279748,165.0001683869307,438.6223024877166,432.00939619342387,1208.8822782908687,0.001336821480359235,0.0012731612228570489,0.01128203129523928,0.011111969785823647,0.0,0.0,0.0,391.2328829929497,60.2,264.64918477438005,0.0,264.64918477438005,1.0,384.08647971857323,0.0,75.0,75.0,75.0,75.0,75.0,75.0,75.0,75.0,300.0,0.0,0.0,0.0,0.0,0.0,300.0,0.0,430.5871934301134,0.0,33,49.16055174938019,142.90799155676018,93.74743980737998,6120.0,6000.0,6000.0,6000.0,430.5871934301134,465.93800865573326,0.0,0.0,0.0,575.9031739845761,583.262432306525,1.0,0.0,573.8966336691728,113.75000000000001,136.42173009507223,172.0473125800818,0.0,0.0,3420.330036145341,1.0,172.0473125800818,1.0,776.2007762646768,1788.833980353723,0.0,79.88083852462833,3.89441887497008,79.88083852462833
0.18844393523122904,0.12425608513686587,1.8675278288918742,271.9668054738313,0.07142857142857142,1.0,0.0,0.2857142857142857,0.2857142857142857,710.6799008367544,0.0,0.0,292.8144050173577,0.0,184.77643534521582,0.0,307.4796321651224,300.38589524287136,311.20459009890686,305.95044488262266,68.49367161040655,65.17267084796318,1.0,0.0,0.0,0.0,7.14673348182451e-05,0.0,0.001286610942917167,0.0,0.0,0.0,0.0,0.0,0.0,6.482423990927799e-05,0.0,0.0012474303418463784,0.0,0.0,0.0,1.0,0.0,0.0,0.0,1.0,1.0,0.0,0.0,1.0,0.0,1.0,0.0,0.0,4.0,1.0,347.0,1.0,0.0,0.0,180.0,1.0,0.0,1.0,0.0,29.0,249.0,69.0,347.0,0.0,1.0,43.5733198000089,0.0,18.0,1.0,1.0,60.443436103453884,0.0,1.0,0.11885514838248497,1.0,1.0,36.0,2127.8317804075377,4513.262510758777,2385.4307303512396,0.0,0.0,279.96271407340447,0.0,2.0,2.0,2.0,1.9999285326651817,2.0,1.9987133890570827,2.0,2.0,2.0,2.0,2.0,2.0,1.9999351757600907,2.0,1.9987525696581538,2.0,2.0,2.0,6577.729438390553,0.0,1.0,2076.734769740731,6000.0,0.0,0.0,1.0,0.0,0.0,-2557.386266552354,0.0,2557.386266552354,0.0,0.0,0.0,0.0,0.0,0.0,0.0,0.0,8.662534243473623,8.250029898296113,18.27532705182172,18.00026002496793,53.18815121855938,611.8600363666084,597.0086857024692,173.25025296506993,165.0002256024964,438.6097834015384,432.00846009997275,1208.8687220690776,0.002673630174795611,0.002546313307445895,0.013993231639771583,0.013755519776111459,0.0,7.255153634344552,0.010076602269922989,292.8144050173577,60.2,250.04730654948685,0.0,250.04730654948685,1.0,407.8320274010222,0.0,75.0,75.0,75.0,75.0,75.0,75.0,75.0,75.0,300.0,0.0,0.0,0.0,0.0,0.0,300.0,0.0,380.6344999796002,0.0,34,46.06361633021581,130.6301330970088,84.56651676679301,6300.0,6000.0,6000.0,6000.0,380.6344999796002,430.5871934301134,0.0,0.0,0.0,581.9864568170797,591.373677796003,1.0,0.0,577.6540838234675,113.75000000000001,213.71986200014422,262.90840694789347,0.0,0.0,2557.386266552354,1.0,262.90840694789347,1.0,937.8911497273488,1581.1483896775799,0.0,83.07936739822796,3.914737095489913,83.07936739822796
0.19413945776855002,0.1615919387783586,1.852516406317,272.17513880716365,0.07142857142857142,1.0,0.0,0.14285714285714285,0.14285714285714285,636.058295693358,0.0,0.0,225.55317476088752,0.0,225.61385398606842,0.0,300.3851514815133,296.7000021182023,309.383280542084,305.8481146407052,68.49367176433883,65.17267096876076,1.0,0.0,0.0,0.0,0.00010003047440954038,0.0,0.0006545132388850153,0.0,0.0,0.0,0.0,0.0,0.0,9.073433717057513e-05,0.0,0.0006333172134616408,0.0,0.0,0.0,1.0,0.0,0.0,0.0,1.0,1.0,0.0,0.0,1.0,0.0,1.0,0.0,0.0,4.0,1.0,349.0,1.0,0.0,0.0,180.0,1.0,0.0,1.0,0.0,30.0,249.0,70.0,349.0,0.0,1.0,42.334112900003674,0.0,18.0,1.0,1.0,60.29192842743393,0.0,1.0,0.08547037656483038,1.0,1.0,36.0,2171.1859983937607,4630.008220753824,2458.8222223600637,0.0,0.0,255.96161060134668,0.0,2.0,2.0,2.0,1.9998999695255906,2.0,1.999345486761115,2.0,2.0,2.0,2.0,2.0,2.0,1.9999092656628292,2.0,1.9993666827865384,2.0,2.0,2.0,6487.711779529218,0.0,1.0,2073.7518788793573,5957.333241654969,0.0,0.0,1.0,0.0,0.0,-3646.00080362718,0.0,3646.00080362718,0.0,0.0,0.0,0.0,0.0,0.0,0.0,0.0,8.662479100147308,8.258188510068983,25.584937159109398,25.084400688625774,67.59000545795146,611.845130903087,593.9934376455917,173.24993310465968,165.16446344661966,438.5951977984273,428.82897419897205,1205.8385685486787,0.002673621267494792,0.002546305321698977,0.007680296358801714,0.007510530776401647,0.0,0.0,0.0,225.55317476088752,60.2,244.74696800766895,0.0,244.74696800766895,1.0,438.2616507827057,0.0,75.0,72.86666208274848,75.0,75.0,75.0,72.86666208274848,75.0,75.0,297.86666208274846,0.0,0.0,0.0,0.0,0.0,297.86666208274846,0.0,327.5148059045211,0.0,35,43.35421798622303,116.74570999504718,73.39149200882416,6480.0,5957.333241654969,5957.333241654969,5957.333241654969,327.5148059045211,380.6344999796002,0.0,0.0,0.0,495.3115533718927,537.6692134972336,1.0,0.0,490.71610268754847,113.75000000000001,181.2357433200334,282.8402704482532,0.0,0.0,3646.00080362718,1.0,282.8402704482532,1.0,1026.591435527298,1352.3275731417941,0.0,103.06893748950236,4.851239734236439,103.06893748950236
0.22462397805272527,0.19605220711610716,1.974215983257845,260.7862499182738,0.07142857142857142,1.0,0.0,0.42857142857142855,0.42857142857142855,536.0646525309636,0.0,0.0,176.9402585032927,0.0,233.0282087837946,0.0,299.9939053002747,296.16593808051385,309.3770465798219,299.63402281769504,68.4936716077479,65.17258859617647,1.0,0.0,0.0,0.0,7.146655923306877e-05,0.0,0.0012865856754721789,0.0,0.0,0.0,0.0,0.0,0.0,6.463716375610446e-05,0.0,0.001107775460743575,0.0,0.0,0.0,1.0,0.0,0.0,0.0,1.0,1.0,0.0,0.0,1.0,0.0,1.0,0.0,0.0,4.0,1.0,346.0,1.0,0.0,0.0,180.0,1.0,0.0,1.0,0.0,29.0,249.0,68.0,346.0,0.0,1.0,43.78790460000164,0.0,18.0,1.0,1.0,58.76787453299534,0.0,1.0,0.11217929738434293,1.0,1.0,36.0,2211.4500911355335,4731.8572656390215,2520.407174503488,0.0,0.0,263.6533828544683,0.0,2.0,2.0,2.0,1.999928533440767,2.0,1.998713414324528,2.0,2.0,2.0,2.0,2.0,2.0,1.999935362836244,2.0,1.9988922245392564,2.0,2.0,2.0,6480.733912693833,0.0,1.0,2036.4020140195,5829.21525113445,0.0,0.0,1.0,0.0,0.0,-3441.233170901659,0.0,3441.233170901659,0.0,0.0,0.0,0.0,0.0,0.0,0.0,0.0,7.700009451347405,7.34006983208733,18.27507875497942,16.59458165366094,49.90973969207509,611.8551005090122,563.5023901508947,173.25022393274128,165.0664595236541,438.60487657627095,398.4359306272406,1175.357490659907,0.002673615476830916,0.0025425037883854596,0.013993064670360168,0.012888217454402912,0.0,8.885699924459004,0.012341249895081952,176.9402585032927,60.2,232.25653589346467,0.0,232.25653589346467,1.0,435.7150413995513,0.0,75.0,66.46076255672251,75.0,75.0,75.0,66.46076255672251,75.0,75.0,291.46076255672256,0.0,0.0,0.0,0.0,0.0,291.46076255672256,0.0,268.3105792412634,0.0,36,40.264092741772714,101.84904488519717,61.58495214342445,6660.0,5829.21525113445,5829.21525113445,5829.21525113445,268.3105792412634,327.5148059045211,0.0,0.0,0.0,401.6491096497608,445.0891141838367,1.0,0.0,397.897657122353,113.75000000000001,200.79264601139604,247.5715884537613,0.0,0.0,3441.233170901659,1.0,247.5715884537613,1.0,990.5585557461241,1110.9025681566093,0.0,93.26822836132436,4.874351744304511,93.26822836132436
0.27234889806931456,0.26892360530743487,2.0904198162998275,261.34180547382834,0.07142857142857142,1.0,0.0,0.14285714285714285,0.14285714285714285,457.5753897104498,0.0,0.0,126.09863941395922,0.0,204.70547746661998,0.0,299.9708877321953,287.59803810746496,309.3770461857644,287.6544183060825,68.49367158142869,65.17247698305229,1.0,0.0,0.0,0.0,3.573327729795079e-05,0.0,0.0006545126810747112,0.0,0.0,0.0,0.0,0.0,0.0,3.4734604177108804e-05,0.0,0.00043074580276741207,0.0,0.0,0.0,1.0,0.0,0.0,0.0,1.0,1.0,0.0,0.0,1.0,0.0,1.0,0.0,0.0,4.0,1.0,346.0,1.0,0.0,0.0,180.0,1.0,0.0,1.0,0.0,30.0,248.0,68.0,346.0,0.0,1.0,44.021002900000894,0.0,18.0,1.0,1.0,56.53521909088343,0.0,1.0,0.0797118254470413,1.0,1.0,36.0,2248.2082926303715,4819.724320948206,2571.5160283178348,0.0,0.0,257.78743546328076,0.0,2.0,2.0,2.0,1.999964266722702,2.0,1.9993454873189254,2.0,2.0,2.0,2.0,2.0,2.0,1.999965265395823,2.0,1.9995692541972323,2.0,2.0,2.0,6417.680222313325,0.0,1.0,1980.46350692652,5468.408205298602,0.0,0.0,1.0,0.0,0.0,-2803.8990700415507,0.0,2803.8990700415507,0.0,0.0,0.0,0.0,0.0,0.0,0.0,0.0,9.624991068761503,9.19257638681686,25.58492242484084,21.1456827623487,65.5481726427679,611.8448526014852,518.8595292161831,173.24979126055007,165.35130835253148,438.5950613409351,353.50822086365156,1130.7043818176683,0.0013368076969114888,0.00132075057679582,0.0076802879484058045,0.005895152394441802,0.0,0.0,0.0,126.09863941395922,60.2,223.43590366664827,0.0,223.43590366664827,1.0,397.98238896535827,0.0,75.0,53.522408461230725,75.0,69.89800180369943,75.0,53.522408461230725,75.0,69.89800180369943,273.4204102649302,0.0,0.0,0.0,0.0,0.0,273.4204102649302,0.0,218.32607264298173,0.0,37,36.75820149483795,87.86705530918489,51.10885381434694,6840.0,5468.408205298602,5468.408205298602,5468.408205298602,218.32607264298173,268.3105792412634,0.0,0.0,0.0,345.05501681120955,374.3866009534149,1.0,0.0,338.58533054170033,113.75000000000001,185.43993945868948,259.23921841817776,0.0,0.0,2803.8990700415507,1.0,259.23921841817776,1.0,943.5407314686189,922.2593596661094,0.0,103.17607042858205,4.928116645031255,103.17607042858205
0.3683575878326087,0.2388292156142432,2.3624660783248843,234.2654165849392,0.0,1.0,0.0,0.42857142857142855,0.42857142857142855,345.4438548101647,0.0,0.0,106.96003033039503,0.0,206.20519872516763,0.0,299.9694063541252,264.89348877966574,309.37671153815785,264.89348877966574,68.49367154104874,65.17233408251883,1.0,0.0,0.0,0.0,7.146655459960232e-05,0.0,0.0012865858830561042,0.0,0.0,0.0,0.0,0.0,0.0,6.896396845538592e-05,0.0,0.0007443611683277056,0.0,0.0,0.0,1.0,0.0,0.0,0.0,1.0,1.0,0.0,0.0,1.0,0.0,1.0,0.0,0.0,4.0,1.0,351.0,1.0,0.0,0.0,180.0,1.0,0.0,1.0,0.0,31.0,249.0,71.0,351.0,0.0,1.0,46.28612449999491,0.0,18.0,1.0,1.0,55.609710124132114,0.0,1.0,0.1044274514758977,1.0,1.0,36.0,2281.0295948385055,4894.268650992782,2613.239056154276,0.0,0.0,273.5501943637781,0.0,2.0,2.0,2.0,1.9999285334454002,2.0,1.998713414116944,2.0,2.0,2.0,2.0,2.0,2.0,1.9999310360315445,2.0,1.9992556388316725,2.0,2.0,2.0,6242.351729659591,0.0,1.0,1820.516013468975,4674.841191442043,0.0,0.0,1.0,0.0,0.0,-1998.5517401276502,0.0,1998.5517401276502,0.0,0.0,0.0,0.0,0.0,0.0,0.0,0.0,7.700008930412558,7.328656060454321,18.27507752920029,14.364916943426003,47.66865946349317,611.8551470319428,500.33905545069933,173.25020872959715,165.78075937784934,438.60493830234566,334.55829607285,1112.1942024826421,0.002673615393893111,0.0026321076131381525,0.013993066279868275,0.010541459676462299,0.0,8.219091402349065,0.011415404725484813,106.96003033039503,60.2,195.67707343877643,0.0,195.67707343877643,1.0,373.4777813701606,0.0,75.0,45.994955735955564,75.0,37.74710383614659,75.0,45.994955735955564,75.0,37.74710383614659,233.74205957210216,0.0,0.0,0.0,0.0,0.0,233.74205957210216,0.0,180.26108650965628,0.0,38,32.82130220813406,74.54433004457528,41.72302783644121,7020.0,4674.841191442043,4674.841191442043,4674.841191442043,180.26108650965628,218.32607264298173,0.0,0.0,0.0,294.09795370776595,316.1591556874292,1.0,0.0,289.591861825099,113.75000000000001,213.098806980057,241.92112248844657,0.0,0.0,1998.5517401276502,1.0,241.92112248844657,1.0,899.0407113521152,741.9957469656587,0.0,89.26026947276802,4.780968485001989,89.26026947276802
0.48138044977566025,0.3026694423385432,2.6232561576157223,202.10569436271686,0.0,1.0,0.0,0.14285714285714285,0.14285714285714285,261.6442643543241,0.0,0.0,70.91682338650463,0.0,200.83140305870583,0.0,299.9696464134807,188.25619441967223,309.3771376169805,190.79311678798427,68.49367164545794,65.17230647491567,1.0,0.0,0.0,0.0,3.573360566037446e-05,0.0,0.0021709673572508884,0.0,0.0,0.0,0.0,0.0,0.0,3.4304124632394346e-05,0.0,0.0010580788031053162,0.0,0.0,0.0,1.0,0.0,0.0,0.0,1.0,1.0,0.0,0.0,1.0,0.0,1.0,0.0,0.0,4.0,1.0,352.0,1.0,0.0,0.0,180.0,1.0,0.0,1.0,0.0,31.0,250.0,71.0,352.0,0.0,1.0,43.16153929999564,0.0,18.0,1.0,1.0,54.65130848485944,0.0,1.0,0.1289381942496141,1.0,1.0,36.0,2310.5704899618772,4956.972205964303,2646.401716002425,0.0,0.0,260.16939569542825,0.0,2.0,2.0,2.0,1.9999642663943398,2.0,1.9978290326427492,2.0,2.0,2.0,2.0,2.0,2.0,1.9999656958753675,2.0,1.9989419211968946,2.0,2.0,2.0,5522.876727933434,0.0,1.0,1780.6345151109645,4661.186460549264,0.0,0.0,1.0,0.0,0.0,-2154.9132158176926,0.0,2154.9132158176926,0.0,0.0,0.0,0.0,0.0,0.0,0.0,0.0,9.624952310507304,9.174890576461195,25.58468986853593,18.23527248408337,62.6198052395878,611.8415695831308,481.1846001140578,173.24944929861527,164.27157969360815,438.59212028451554,316.91302042044964,1093.0261696971886,0.001336814149774115,0.0013104853104369332,0.017833742989330218,0.01156176268437918,0.0,0.0,0.0,70.91682338650463,60.2,198.13760204363538,0.0,198.13760204363538,1.0,367.9150564863129,0.0,75.0,46.52394719422073,75.0,36.53537583324246,75.0,46.52394719422073,75.0,36.53537583324246,233.0593230274632,0.0,0.0,0.0,0.0,0.0,233.0593230274632,0.0,145.3393655258287,0.0,39,29.540895123371797,62.70355497152071,33.16265984814891,7200.0,4661.186460549264,4661.186460549264,4661.186460549264,145.3393655258287,180.26108650965628,0.0,0.0,0.0,253.35318541639577,272.7407945587095,1.0,0.0,247.03545936207684,113.75000000000001,190.5428596866097,228.80879837373504,0.0,0.0,2154.9132158176926,1.0,228.80879837373504,1.0,859.5972660790962,579.5965471029056,0.0,97.03040554493256,4.69823511696097,97.03040554493256
0.6868903229974239,0.26374445559710025,3.0356577921871217,154.20986102938332,0.0,0.0,1.0,0.5714285714285714,0.5714285714285714,169.83021475125574,0.0,0.0,40.286116446537356,0.0,188.9688813882214,0.0,299.9685670427581,167.761031023238,309.37456025871325,169.53270957564487,68.49367165078007,65.17225184642622,1.0,0.0,0.0,0.0,7.146722082936503e-05,0.0,0.002044884428313138,0.0,0.0,0.0,0.0,0.0,0.0,6.605399274089368e-05,0.0,0.0007696265961507631,0.0,0.0,0.0,1.0,0.0,0.0,0.0,1.0,1.0,0.0,0.0,1.0,0.0,1.0,0.0,0.0,4.0,1.0,358.0,1.0,0.0,0.0,180.0,1.0,0.0,1.0,0.0,30.0,258.0,70.0,358.0,0.0,1.0,41.960906000007526,0.0,18.0,1.0,1.0,53.69762097160411,0.0,1.0,0.12244249981152866,1.0,1.0,36.0,2337.6379809149075,5009.455065981818,2671.8170850669103,0.0,0.0,251.8573295323931,0.0,2.0,2.0,2.0,1.9999285327791705,2.0,1.9979551155716868,2.0,2.0,2.0,2.0,2.0,2.0,1.999933946007259,2.0,1.9992303734038492,2.0,2.0,2.0,5286.19537224725,0.0,1.0,1743.5091872968615,4525.136538887394,0.0,0.0,1.0,0.0,0.0,-1903.2728544138326,0.0,1903.2728544138326,0.0,0.0,0.0,0.0,0.0,0.0,0.0,0.0,7.700040392978153,7.353750135788822,18.275169992570966,12.964319407986991,46.29327992932493,611.8576060254262,462.094813406656,173.2505014595049,165.8327172015645,438.6071045659213,296.26209620509155,1073.9524194320823,0.002673628480961975,0.0025704749756671834,0.01907018382155353,0.01119229603067367,0.0,7.705548398682019,0.010702150553725026,40.286116446537356,60.2,185.17815903745512,0.0,185.17815903745512,1.0,347.0209722530847,0.0,75.0,40.536981156953615,75.0,35.719845787416084,75.0,40.536981156953615,75.0,35.719845787416084,226.2568269443697,0.0,0.0,0.0,0.0,0.0,226.2568269443697,0.0,104.26069761891422,0.0,40,27.067490953030198,52.48286001751566,25.41536906448546,7380.0,4525.136538887394,4525.136538887394,4525.136538887394,104.26069761891422,145.3393655258287,0.0,0.0,0.0,218.94477075145724,241.14222957856833,1.0,0.0,215.5764554087596,113.75000000000001,192.98872909024766,197.1361590506454,0.0,0.0,1903.2728544138326,1.0,197.1361590506454,1.0,790.0948142496225,425.6927866065528,0.0,81.4551184408613,4.366227769065383,81.4551184408613
0.6663012313438916,0.000510158662514526,2.8339136133189387,110.98763880716106,0.0,1.0,0.0,0.2857142857142857,0.2857142857142857,125.59704051656276,0.0,0.0,11.373515169188215,0.0,170.52411070168344,0.0,299.9691731069456,156.15546437453506,309.3003777895023,159.81485860831708,68.49367168439264,65.17219053464851,1.0,0.0,0.0,0.0,3.5733610539557934e-05,0.0,0.0021710031846261645,0.0,0.0,0.0,0.0,0.0,0.0,3.269416032607935e-05,0.0,0.0006843473553389176,0.0,0.0,0.0,1.0,0.0,0.0,0.0,1.0,1.0,0.0,0.0,1.0,0.0,1.0,0.0,0.0,4.0,1.0,356.0,1.0,0.0,0.0,180.0,1.0,0.0,1.0,0.0,30.0,258.0,68.0,356.0,0.0,1.0,41.55013579998922,0.0,18.0,1.0,1.0,53.42286519687339,0.0,1.0,0.11966747238225546,1.0,1.0,36.0,2361.8585679729235,5052.878296909174,2691.019728936251,0.0,0.0,218.81820966700556,0.0,2.0,2.0,2.0,1.9999642663894603,2.0,1.9978289968153737,2.0,2.0,2.0,2.0,2.0,2.0,1.999967305839674,2.0,1.9993156526446612,2.0,2.0,2.0,5159.636177228949,0.0,1.0,1688.690942561862,3885.5652564994784,0.0,0.0,1.0,0.0,0.0,-1513.1178569272452,0.0,1513.1178569272452,0.0,0.0,0.0,0.0,0.0,0.0,0.0,0.0,9.624959585227792,9.147292960818689,25.717553998412246,16.34522888785387,60.835035432312594,614.4296767807413,454.02762715672606,173.24987579439158,164.4419744099927,441.1798009863496,289.58565274673333,1068.4573039374673,0.001336814242850641,0.001278743236694011,0.017833898171926755,0.009021715101915387,0.0,0.0,0.0,11.373515169188215,60.2,153.4826740255596,0.0,153.4826740255596,1.0,294.4741025133678,0.0,75.0,36.430166341526494,57.36132082092637,25.486775662521076,75.0,36.430166341526494,57.36132082092637,25.486775662521076,194.27826282497395,0.0,0.0,0.0,0.0,0.0,194.27826282497395,0.0,63.465108819499925,0.0,41,24.220587058015923,43.42323092735635,19.202643869340427,7560.0,3885.5652564994784,3885.5652564994784,3885.5652564994784,63.465108819499925,104.26069761891421,0.0,0.0,0.0,208.55175020714697,213.19346295845506,1.0,0.0,199.5004816258699,113.75000000000001,150.97644346546218,180.86342801838654,0.0,0.0,1513.1178569272452,1.0,180.86342801838654,1.0,688.9886715892566,336.4710373116209,0.0,75.35827673405973,3.976187593498979,75.35827673405973
0.603015273607993,0.021613569865015114,2.6489187967939647,57.43208325160566,0.0,0.0,1.0,0.5714285714285714,0.5714285714285714,66.98478980431221,0.0,0.0,10.706597222222225,0.0,160.82452282288983,0.0,287.4791835217506,137.37649736596484,288.1095314965381,141.00589123150482,68.4936660949393,65.1721927171884,1.0,0.0,0.0,0.0,7.148041594357619e-05,0.0,0.00208832700882834,0.0,0.0,0.0,0.0,0.0,0.0,6.546596948037781e-05,0.0,0.000649487229147779,0.0,0.0,0.0,1.0,0.0,0.0,0.0,0.0,1.0,0.0,0.0,1.0,0.0,1.0,0.0,0.0,4.0,1.0,348.0,1.0,0.0,0.0,180.0,1.0,0.0,1.0,0.0,29.0,250.0,69.0,348.0,0.0,1.0,41.843822199996794,0.0,18.0,1.0,1.0,52.66850893777491,0.0,1.0,0.11998895018118724,1.0,1.0,36.0,2381.7868421531066,5088.135999559989,2706.3491574068817,0.0,0.0,217.7291910272833,0.0,2.0,2.0,2.0,1.9999285195840564,2.0,1.9979116729911715,2.0,2.0,2.0,2.0,2.0,2.0,1.99993453403052,2.0,1.9993505127708522,2.0,2.0,2.0,4874.2964667391625,0.0,1.0,1495.570598829775,3252.935965443683,0.0,0.0,1.0,0.0,0.0,-840.488187571008,0.0,840.488187571008,0.0,0.0,0.0,0.0,0.0,0.0,0.0,0.0,7.701717066055608,7.3574562550641645,18.383825806713027,11.923941187199759,45.36694031503256,614.3736621208805,438.9965166346176,173.28352845085016,165.58864240435614,441.09013367003024,273.4078742302615,1053.370178755498,0.0026738615946465647,0.002559102446725894,0.019275568180140756,0.010303559917436143,0.0,7.63992691968825,0.010611009610678125,10.706597222222225,60.2,126.14620553501128,0.0,126.14620553501128,1.0,259.7536004058337,0.0,75.0,37.51508801729812,25.785299571887467,24.346410682998577,75.0,37.51508801729812,25.785299571887467,24.346410682998577,162.64679827218416,0.0,0.0,0.0,0.0,0.0,162.64679827218416,0.0,26.964516082327023,0.0,42,19.928274180183035,35.257702650813975,15.329428470630939,7740.0,3252.935965443683,3252.935965443683,3252.935965443683,26.964516082327023,63.465108819499925,0.0,0.0,0.0,191.6549271031509,198.31557516175906,1.0,0.0,191.12586224221613,113.75000000000001,159.7869301994302,176.54204427893586,0.0,0.0,840.488187571008,1.0,176.54204427893586,1.0,626.8744355808054,268.8172492687506,0.0,69.30335538616185,3.596693427686938,69.30335538616185
0.20998270594047225,0.00033411246282732954,1.2368780325402833,14.209861029383532,0.0,1.0,0.0,0.2857142857142857,0.2857142857142857,28.819262738785245,0.0,0.0,11.144307332720587,0.0,156.89248391127757,0.0,206.01142144510362,129.7865978003892,208.00859086455824,136.23209143337115,68.49365406498461,65.1721544941368,1.0,0.0,0.0,0.0,3.572604125866451e-05,0.0,0.0021779933963362247,0.0,0.0,0.0,0.0,0.0,0.0,3.2652479969320756e-05,0.0,0.0006488357500967027,0.0,0.0,0.0,1.0,0.0,0.0,0.0,0.0,1.0,0.0,0.0,1.0,0.0,1.0,0.0,0.0,4.0,1.0,348.0,1.0,0.0,0.0,180.0,1.0,0.0,1.0,0.0,29.0,250.0,69.0,348.0,0.0,1.0,40.60471719999623,0.0,18.0,1.0,1.0,51.76582275953808,0.0,1.0,0.11852614993380553,1.0,1.0,36.0,2398.3960066140985,5117.484243368886,2719.0882367547883,0.0,0.0,211.21780462143334,0.0,2.0,2.0,2.0,1.9999642739587413,2.0,1.9978220066036638,2.0,2.0,2.0,2.0,2.0,2.0,1.9999673475200308,2.0,1.9993511642499031,2.0,2.0,2.0,4046.287741525996,0.0,1.0,1466.2766442389106,2815.2610271680223,0.0,0.0,1.0,0.0,0.0,-652.9283685603268,0.0,652.9283685603268,0.0,0.0,0.0,0.0,0.0,0.0,0.0,0.0,9.661049002904903,9.143941882779124,24.634249152911455,15.863037517310765,59.302277555906244,589.2306602566699,446.0857949340915,174.17158008615274,164.60389565503948,415.0590801705171,281.4818992790521,1035.3164551907614,0.001336662072196404,0.0012779962015297807,0.017806069250521334,0.008797239154767798,0.0,0.0,0.0,11.144307332720587,60.2,117.6408963871852,0.0,117.6408963871852,1.0,243.8642230494497,0.0,58.984794885648995,34.0469591599621,24.546204211950567,23.185093100839453,58.984794885648995,34.0469591599621,24.546204211950567,23.185093100839453,140.7630513584011,0.0,0.0,0.0,0.0,0.0,140.7630513584011,0.0,3.8423611111111113,0.0,43,16.60916446099186,29.348243808898722,12.739079347906861,7920.0,2815.2610271680223,2815.2610271680223,2815.2610271680223,3.8423611111111113,26.964516082327027,0.0,0.0,0.0,195.81318085798569,196.62193937167302,1.0,0.0,187.57257645468673,113.75000000000001,144.90879629629632,170.45191880931787,0.0,0.0,652.9283685603268,1.0,170.45191880931787,1.0,611.4116062300102,227.5361465261925,0.0,70.73138435863225,3.5737924587277634,70.73138435863225
0.3768795577649097,0.011282665612280918,1.3149916604401308,5.429487179487181,0.0,0.0,1.0,0.7142857142857143,0.7142857142857143,9.059116809116812,0.0,0.0,6.260069444444445,0.0,146.99574243799512,0.0,180.44003282237716,126.75294000787272,180.80705565187836,135.9942642040675,68.49322940367429,65.17216926926851,1.0,0.0,0.0,0.0,7.255361102170226e-05,0.0,0.0006887312753172855,0.0,0.0,0.0,0.0,0.0,0.0,6.570295919278774e-05,0.0,0.0006165025439347246,0.0,0.0,0.0,1.0,0.0,0.0,0.0,0.0,1.0,0.0,0.0,1.0,0.0,1.0,0.0,0.0,4.0,1.0,349.0,1.0,0.0,0.0,180.0,1.0,0.0,1.0,0.0,30.0,250.0,69.0,349.0,0.0,1.0,41.348119899994344,0.0,18.0,1.0,1.0,43.79903228917813,0.0,1.0,0.09111894507277869,1.0,1.0,36.0,2413.0337725318786,5142.311613233956,2729.2778407020783,0.0,0.0,172.18832777977784,0.0,2.0,2.0,2.0,1.9999274463889785,2.0,1.999311268724683,2.0,2.0,2.0,2.0,2.0,2.0,1.999934297040807,2.0,1.9993834974560651,2.0,2.0,2.0,3753.0054662149623,0.0,1.0,1256.6401895284341,2389.564929777895,0.0,0.0,1.0,0.0,0.0,-1393.8984242266079,0.0,1393.8984242266079,0.0,0.0,0.0,0.0,0.0,0.0,0.0,0.0,7.735295839690252,7.358141285153096,12.137838643085416,11.446906082180618,38.67818185010938,449.5695896692973,426.41105611426497,174.0857745053315,165.64016483529437,275.4838151639658,260.77089127897057,875.9806457835623,0.0026931922220433053,0.0025628336558801215,0.010606718472863976,0.010039896676770611,0.0,5.978114851581353,0.00830293729386299,6.260069444444445,60.2,118.96279761588217,0.0,118.96279761588217,1.0,241.88324899110825,0.0,35.640590604217614,34.12392393755095,25.576310418007544,24.137421529118654,35.640590604217614,34.12392393755095,25.576310418007544,24.137421529118654,119.47824648889475,0.0,0.0,0.0,0.0,0.0,119.47824648889475,0.0,3.3269122380985143,0.0,44,14.637765917780047,24.827369865070068,10.189603947290022,8100.0,2389.564929777895,2389.564929777895,2389.564929777895,3.3269122380985143,3.8423611111111113,0.0,0.0,0.0,161.40294831825395,176.79571933175578,1.0,0.0,158.88660206886198,113.75000000000001,120.93482541684793,148.5502139423939,0.0,0.0,1393.8984242266079,1.0,148.5502139423939,1.0,553.2124799863456,174.20578832242325,0.0,63.81605117739815,3.4262706777284473,63.81605117739815
0.13390905165307754,0.0780162149034645,0.9924773664373305,3.7333333333333343,0.0,1.0,0.0,0.42857142857142855,0.42857142857142855,8.594444444444445,0.0,0.0,6.710308915738272,0.0,137.70367896117963,0.0,136.8248754119163,125.074836507613,138.94797738026017,129.48757282395147,68.4930221683156,65.1720960456924,1.0,0.0,0.0,0.0,0.001016409992743698,0.0,0.0006519230794924421,0.0,0.0,0.0,0.0,0.0,0.0,0.0009212895906442414,0.0,0.0005880635723420039,0.0,0.0,0.0,1.0,0.0,0.0,0.0,0.0,1.0,0.0,0.0,1.0,0.0,1.0,0.0,0.0,4.0,1.0,350.0,1.0,0.0,0.0,180.0,1.0,0.0,1.0,0.0,30.0,250.0,70.0,350.0,0.0,1.0,40.89169889999903,0.0,18.0,1.0,1.0,41.083826302731254,0.0,1.0,0.15995285468351572,1.0,1.0,36.0,2426.4096544979557,5164.449862509371,2738.0402080114154,0.0,0.0,159.7940113908304,0.0,2.0,2.0,2.0,1.9989835900072563,2.0,1.9993480769205076,2.0,2.0,2.0,2.0,2.0,2.0,1.999078710409356,2.0,1.9994119364276581,2.0,2.0,2.0,3242.0335735728713,0.0,1.0,1171.0204684330615,1907.5676397551813,0.0,0.0,1.0,0.0,0.0,-943.5306954269122,0.0,943.5306954269122,0.0,0.0,0.0,0.0,0.0,0.0,0.0,0.0,9.151089144398298,8.714613706626643,14.201267308315025,13.51236886681805,45.57933902615802,421.1498672156125,400.52665883901244,172.78187620306525,164.59321259873195,248.36799101254732,235.93344624028046,821.6765260546249,0.01298014504974941,0.012357319193470948,0.008920952602709394,0.008474017721450582,0.0,0.9056390575111664,0.0012578320243210644,6.710308915738272,60.2,96.72145656578894,0.0,96.72145656578894,1.0,206.97054616217602,0.0,24.59137478378123,23.32748589489234,24.41031621009831,23.049205098987194,24.59137478378123,23.32748589489234,24.41031621009831,23.049205098987194,95.37838198775907,0.0,0.0,0.0,0.0,0.0,95.37838198775907,0.0,4.669986816128377,0.0,45,13.375881966077156,22.138249275414495,8.762367309337337,8280.0,1907.5676397551813,1907.5676397551813,1907.5676397551813,4.669986816128377,3.326912238098514,0.0,0.0,0.0,150.56818717906236,155.78219979262894,1.0,0.0,144.00523846142815,113.75000000000001,105.35698005698008,132.5222079887728,0.0,0.0,943.5306954269122,1.0,132.5222079887728,1.0,496.3216508199566,159.30999182161082,0.0,57.58223093937278,3.0396234030803715,57.58223093937278
0.3768795577649097,0.026803617073924868,1.2600058123176112,5.429487179487181,0.0,0.0,1.0,0.7142857142857143,0.7142857142857143,9.059116809116812,0.0,0.0,11.211458333333335,0.0,116.25771306474131,0.0,119.57883424112906,112.79976456322923,123.7775303707944,116.77436234782967,68.49294200032364,65.17202964444617,1.0,0.0,0.0,0.0,0.001983923645228616,0.0,0.0006826577178895565,0.0,0.0,0.0,0.0,0.0,0.0,0.0018018793854971528,0.0,0.0006115496112757906,0.0,0.0,0.0,1.0,0.0,0.0,0.0,0.0,1.0,0.0,0.0,1.0,0.0,1.0,0.0,0.0,4.0,1.0,349.0,1.0,0.0,0.0,180.0,1.0,0.0,1.0,0.0,30.0,250.0,69.0,349.0,0.0,1.0,45.871386099999654,0.0,18.0,1.0,1.0,40.09816589789515,0.0,1.0,0.22488409763740813,1.0,1.0,36.0,2439.0962563866824,5185.305095402764,2746.208839016081,0.0,0.0,144.14064276484575,0.0,2.0,2.0,2.0,1.9980160763547714,2.0,1.9993173422821104,2.0,2.0,2.0,2.0,2.0,2.0,1.9981981206145027,2.0,1.9993884503887243,2.0,2.0,2.0,2901.20539716299,0.0,1.0,1128.4834308275217,1783.2909149936306,0.0,0.0,1.0,0.0,0.0,-795.4781054073142,0.0,795.4781054073142,0.0,0.0,0.0,0.0,0.0,0.0,0.0,0.0,5.774975703438706,5.499990617237479,10.056202788599286,9.524146020242632,30.855315129518104,411.3681698467901,390.59514811111285,173.67334903411796,165.36856774621987,237.69482081267213,225.22658036489298,801.9633179579029,0.024434714785613085,0.02328873192857821,0.010696783480844217,0.01013355867221152,0.0,10.722482980438912,0.014892337472831823,11.211458333333335,60.2,88.26114479418976,0.0,88.26114479418976,1.0,183.91454803521145,0.0,21.567633246151303,20.225966579484634,24.40491740646725,22.96602851757836,21.567633246151303,20.225966579484634,24.40491740646725,22.96602851757836,89.16454574968154,0.0,0.0,0.0,0.0,0.0,89.16454574968154,0.0,3.766585860636602,0.0,46,12.686601888726544,20.855232893392092,8.168631004665546,8460.0,1783.2909149936306,1783.2909149936306,1783.2909149936308,3.766585860636602,4.669986816128377,0.0,0.0,0.0,141.84655147210336,145.05334082712758,1.0,0.0,139.32587394974584,113.75000000000001,102.56096866096868,127.66685467623819,0.0,0.0,795.4781054073142,1.0,127.66685467623819,1.0,432.591518206187,159.596449092196,0.0,51.88653393200397,2.7951830452657416,51.88653393200397
0.1119664396763197,0.027276534228076132,0.8800950534164562,2.48888888888889,0.0,1.0,0.0,0.42857142857142855,0.42857142857142855,7.3500000000000005,0.0,0.0,4.418669871794872,0.0,130.32056368105657,0.0,114.59872669554828,108.12012898772164,125.43003814217037,118.4225488936806,68.49296126278101,65.17204465807565,1.0,0.0,0.0,0.0,0.0010019753491902082,0.0,0.0016515717527939195,0.0,0.0,0.0,0.0,0.0,0.0,0.000910096823582291,0.0,0.0014742431389352323,0.0,0.0,0.0,1.0,0.0,0.0,0.0,0.0,1.0,0.0,0.0,1.0,0.0,1.0,0.0,0.0,4.0,1.0,350.0,1.0,0.0,0.0,180.0,1.0,0.0,1.0,0.0,30.0,250.0,70.0,350.0,0.0,1.0,43.90264989998832,0.0,18.0,1.0,1.0,39.74980706773974,0.0,1.0,0.20091452979995195,1.0,1.0,36.0,2451.709528531099,5206.068980665161,2754.3594521340615,0.0,0.0,164.42026265781462,0.0,2.0,2.0,2.0,1.9989980246508097,2.0,1.998348428247206,2.0,2.0,2.0,2.0,2.0,2.0,1.9990899031764178,2.0,1.9985257568610646,2.0,2.0,2.0,2773.916844119017,0.0,1.0,1119.1842870723144,2024.8538195221927,0.0,0.0,1.0,0.0,0.0,-760.2078203208157,0.0,760.2078203208157,0.0,0.0,0.0,0.0,0.0,0.0,0.0,0.0,11.55020268813518,11.000194431491273,13.549390072794862,12.861358656276488,48.961145848697804,407.60044961860336,387.39569173619134,172.84277033771124,164.64699817712142,234.75767928089215,222.74869355906992,794.9961413547948,0.01286102240925733,0.012260162861872157,0.017862211371111828,0.016857993246728792,0.0,0.9055687804519863,0.0012577344172944255,4.418669871794872,60.2,102.12780517279725,0.0,102.12780517279725,1.0,202.4306536738554,0.0,26.96618626189943,25.5078529285661,25.094048115044277,23.67460367059983,26.96618626189943,25.5078529285661,25.094048115044277,23.67460367059983,101.24269097610964,0.0,0.0,0.0,0.0,0.0,101.24269097610964,0.0,4.651700057324211,0.0,47,12.613272144416555,20.763885262396933,8.150613117980377,8640.0,2024.8538195221927,2024.8538195221927,2024.8538195221927,4.651700057324211,3.766585860636602,0.0,0.0,0.0,142.94357181018458,143.57887467491696,1.0,0.0,138.29055621524353,113.75000000000001,106.29031339031341,132.79268516817552,0.0,0.0,760.2078203208157,1.0,132.79268516817552,1.0,487.18070362008024,150.05922608703835,0.0,59.16035521604326,2.759052508186521,59.16035521604326
0.3768795577649097,0.10343148330827917,1.2368167439325237,5.429487179487181,0.0,0.0,1.0,0.7142857142857143,0.7142857142857143,9.059116809116812,0.0,0.0,9.048958333333333,0.0,109.88164281017033,0.0,114.80259229049379,108.32138809289586,125.45759895961638,118.49269532967297,68.49294055992365,65.17202829710567,1.0,0.0,0.0,0.0,0.0019843657437966667,0.0,0.000556850177275186,0.0,0.0,0.0,0.0,0.0,0.0,0.0018022664844423348,0.0,0.0004983158401326756,0.0,0.0,0.0,1.0,0.0,0.0,0.0,0.0,1.0,0.0,0.0,1.0,0.0,1.0,0.0,0.0,4.0,1.0,357.0,1.0,0.0,0.0,180.0,1.0,0.0,1.0,0.0,30.0,258.0,69.0,357.0,0.0,1.0,45.097988699999405,0.0,18.0,1.0,1.0,39.94982663308165,0.0,1.0,0.20325804382675694,1.0,1.0,36.0,2464.2374310380665,5226.704556267841,2762.467125229775,0.0,0.0,145.70796378326864,0.0,2.0,2.0,2.0,1.9980156342562034,2.0,1.9994431498227248,2.0,2.0,2.0,2.0,2.0,2.0,1.9981977335155579,2.0,1.9995016841598674,2.0,2.0,2.0,2779.8186732041813,0.0,1.0,1128.4992440069109,1689.7168752445182,0.0,0.0,1.0,0.0,0.0,-623.866338952646,0.0,623.866338952646,0.0,0.0,0.0,0.0,0.0,0.0,0.0,0.0,5.774663315253527,5.499673699093385,11.50194262577915,10.890800952259369,33.66708059238543,409.84491819671973,389.1516144649131,173.68251667484026,165.37726438323983,236.16240152187947,223.77435008167325,798.9965326616328,0.02443863662395504,0.023292381809864583,0.00849956944537033,0.00803461238163436,0.0,7.77375365252697,0.010796880072954125,9.048958333333333,60.2,87.66593387447185,0.0,87.66593387447185,1.0,176.90128073090094,0.0,21.462991609400937,20.12132494273427,22.043819160600908,20.85770804948979,21.462991609400937,20.12132494273427,22.043819160600908,20.85770804948979,84.48584376222591,0.0,0.0,0.0,0.0,0.0,84.48584376222591,0.0,7.831790169570156,0.0,48,12.527902506967477,20.63557560268071,8.107673095713233,8820.0,1689.7168752445182,1689.7168752445182,1689.7168752445182,7.831790169570156,4.651700057324211,0.0,0.0,0.0,144.17351074392226,143.3002737778449,1.0,0.0,142.02065485232953,113.75000000000001,101.62763532763535,129.96986085673845,0.0,0.0,623.866338952646,1.0,129.96986085673845,1.0,421.09865646711285,160.12872999477972,0.0,52.02583482368087,2.7970597083465383,52.02583482368087
0.11068427707740935,0.004830236268552224,0.8472244800791651,1.8055555555555556,0.0,1.0,0.0,0.42857142857142855,0.42857142857142855,6.520370370370371,0.0,0.0,3.4268963675213677,0.0,131.1110967623387,0.0,114.24376972685248,107.74688194869725,123.42070794948596,116.54346598068749,68.49295951730915,65.17204318479698,1.0,0.0,0.0,0.0,0.001002191824420789,0.0,0.0010915905824061298,0.0,0.0,0.0,0.0,0.0,0.0,0.0009102932587889474,0.0,0.0009761397332629867,0.0,0.0,0.0,1.0,0.0,0.0,0.0,0.0,1.0,0.0,0.0,1.0,0.0,1.0,0.0,0.0,4.0,1.0,357.0,1.0,0.0,0.0,180.0,1.0,0.0,1.0,0.0,30.0,258.0,69.0,357.0,0.0,1.0,45.20630540000275,0.0,18.0,1.0,1.0,39.707671678952536,0.0,1.0,0.18626863965112056,1.0,1.0,36.0,2476.831239085362,5247.441458394071,2770.610219308708,0.0,0.0,162.2720398665114,0.0,2.0,2.0,2.0,1.9989978081755793,2.0,1.998908409417594,2.0,2.0,2.0,2.0,2.0,2.0,1.9990897067412112,2.0,1.999023860266737,2.0,2.0,2.0,2762.3825161617647,0.0,1.0,1116.4938559831128,2048.5420049239788,0.0,0.0,1.0,0.0,0.0,-822.4341219419371,0.0,822.4341219419371,0.0,0.0,0.0,0.0,0.0,0.0,0.0,0.0,11.549452184282707,10.999477611550617,12.021216344745099,11.413147287186504,45.98329342776493,407.1750369941459,386.9783965849048,172.81076074977813,164.61618787051736,234.36427624436777,222.3622087143874,794.1534335790507,0.012863400007440354,0.012262428524523018,0.015416215440522216,0.014572086676484705,0.0,0.9066587120186824,0.001259248211137059,3.4268963675213677,60.2,100.81355130465413,0.0,100.81355130465413,1.0,203.39374596360824,0.0,26.906396328481026,25.448062995147694,25.736320461285114,24.336320461285112,26.906396328481026,25.448062995147694,25.736320461285114,24.336320461285112,102.42710024619895,0.0,0.0,0.0,0.0,0.0,102.42710024619895,0.0,6.218241228025338,0.0,49,12.593808047295598,20.736902126228998,8.1430940789334,9000.0,2048.5420049239788,2048.5420049239788,2048.5420049239788,6.218241228025338,7.831790169570156,0.0,0.0,0.0,142.74128676342994,143.59089757574526,1.0,0.0,138.19010861765855,113.75000000000001,106.91253561253563,133.39123880781608,0.0,0.0,822.4341219419371,1.0,133.39123880781608,1.0,488.13863979685465,148.1373753555503,0.0,59.82083440809194,2.7579420534641166,59.82083440809194
0.3768795577649097,0.10343148330827917,1.2538196636687196,5.429487179487181,0.0,0.0,1.0,0.7142857142857143,0.7142857142857143,9.059116809116812,0.0,0.0,9.048958333333333,0.0,109.68811839432796,0.0,114.74971694887618,108.27537179914604,123.86081920781085,117.03627758746447,68.4929403950403,65.17202817365553,1.0,0.0,0.0,0.0,0.001985456719819941,0.0,0.000562261022155878,0.0,0.0,0.0,0.0,0.0,0.0,0.001803259390480748,0.0,0.0005026176119429854,0.0,0.0,0.0,1.0,0.0,0.0,0.0,0.0,1.0,0.0,0.0,1.0,0.0,1.0,0.0,0.0,4.0,1.0,357.0,1.0,0.0,0.0,180.0,1.0,0.0,1.0,0.0,30.0,258.0,69.0,357.0,0.0,1.0,45.72385829999985,0.0,18.0,1.0,1.0,39.94775738678422,0.0,1.0,0.2036360342916254,1.0,1.0,36.0,2489.3690073021417,5268.055127997383,2778.6861206952417,0.0,0.0,144.86922385442432,0.0,2.0,2.0,2.0,1.9980145432801801,2.0,1.999437738977844,2.0,2.0,2.0,2.0,2.0,2.0,1.9981967406095191,2.0,1.999497382388057,2.0,2.0,2.0,2776.283435576293,0.0,1.0,1128.5878597031488,1690.7416900308563,0.0,0.0,1.0,0.0,0.0,-602.392769045859,0.0,602.392769045859,0.0,0.0,0.0,0.0,0.0,0.0,0.0,0.0,5.775039251826037,5.500036818913145,11.497505036527706,10.88538918590384,33.65797029317073,409.8301243808684,389.12502335481565,173.6876487806944,165.38223465797958,236.14247560017404,223.74278869683607,798.955147735684,0.0244463492477036,0.023299755001518523,0.008558068254250267,0.008086270207319375,0.0,7.784371767233587,0.010811627454491093,9.048958333333333,60.2,86.50417293485548,0.0,86.50417293485548,1.0,174.98886230671727,0.0,21.239507862777735,19.89784119611107,22.39986772132701,20.999867721327007,21.239507862777735,19.89784119611107,22.39986772132701,20.999867721327007,84.53708450154282,0.0,0.0,0.0,0.0,0.0,84.53708450154282,0.0,8.185329661338008,0.0,50,12.537768216779597,20.613669603313177,8.07590138653358,9180.0,1690.7416900308563,1690.7416900308563,1690.7416900308565,8.185329661338008,6.218241228025338,0.0,0.0,0.0,144.987764103367,143.1730820954102,1.0,0.0,141.44497917708588,113.75000000000001,101.00541310541311,129.8999288266379,0.0,0.0,602.392769045859,1.0,129.8999288266379,1.0,418.16318085592286,159.55305431953605,0.0,51.81114098093403,2.8007762772849025,51.81114098093403
0.11068427707740935,0.004830236268552224,0.8472731361424021,1.8055555555555556,0.0,1.0,0.0,0.42857142857142855,0.42857142857142855,6.520370370370371,0.0,0.0,3.4268963675213677,0.0,130.587265130053,0.0,114.05090711171641,107.56542865827294,123.29917502735196,116.44300705958989,68.49295966339024,65.17204331684296,1.0,0.0,0.0,0.0,0.0010026208918452308,0.0,0.001089837497926966,0.0,0.0,0.0,0.0,0.0,0.0,0.0009106858968874013,0.0,0.0009744915657293864,0.0,0.0,0.0,1.0,0.0,0.0,0.0,0.0,1.0,0.0,0.0,1.0,0.0,1.0,0.0,0.0,4.0,1.0,357.0,1.0,0.0,0.0,180.0,1.0,0.0,1.0,0.0,30.0,258.0,69.0,357.0,0.0,1.0,45.01969290000852,0.0,18.0,1.0,1.0,39.702323188494326,0.0,1.0,0.18624902770952512,1.0,1.0,36.0,2501.955369740536,5288.764897683133,2786.809527942597,0.0,0.0,162.28153499557033,0.0,2.0,2.0,2.0,1.9989973791081548,2.0,1.9989101625020729,2.0,2.0,2.0,2.0,2.0,2.0,1.9990893141031125,2.0,1.9990255084342705,2.0,2.0,2.0,2759.9794325364123,0.0,1.0,1116.68003168168,2056.4527439605686,0.0,0.0,1.0,0.0,0.0,-813.555649188535,0.0,813.555649188535,0.0,0.0,0.0,0.0,0.0,0.0,0.0,0.0,11.550047674802741,11.000046078042487,12.025302136391524,11.417392667587123,45.992788556823875,407.121102731265,386.9253610386212,172.81420877610663,164.61953750454003,234.30689395515844,222.30582353408118,794.0464637698863,0.012866405754959528,0.012265312791009826,0.015409493288136492,0.01456544999774363,0.0,0.9065517381435555,0.0012590996363104937,3.4268963675213677,60.2,100.87067482121047,0.0,100.87067482121047,1.0,202.95931745499706,0.0,27.062012689627032,25.6036793562937,25.778472576053854,24.378472576053852,27.062012689627032,25.6036793562937,25.778472576053854,24.378472576053852,102.82263719802843,0.0,0.0,0.0,0.0,0.0,102.82263719802843,0.0,6.233367284520044,0.0,51,12.58636243839428,20.709769685749706,8.123407247355424,9360.0,2056.4527439605686,2056.4527439605686,2056.4527439605686,6.233367284520044,8.185329661338008,0.0,0.0,0.0,142.4926491246508,143.18030252601488,1.0,0.0,138.0906361872035,113.75000000000001,106.91253561253563,133.29243945318623,0.0,0.0,813.555649188535,1.0,133.29243945318623,1.0,487.56787259769715,148.03790292509515,0.0,59.76706105703903,2.748681262025886,59.76706105703903
0.3768795577649097,0.10343148330827917,1.2491665013484385,5.429487179487181,0.0,0.0,1.0,0.7142857142857143,0.7142857142857143,9.059116809116812,0.0,0.0,9.048958333333333,0.0,109.73830210433321,0.0,114.78551645711524,108.31464970268523,123.84122735284488,117.0148507786684,68.49294018134886,65.17202798896429,1.0,0.0,0.0,0.0,0.001985346751820457,0.0,0.0005625324104584742,0.0,0.0,0.0,0.0,0.0,0.0,0.0018031587841432649,0.0,0.0005028694922444658,0.0,0.0,0.0,1.0,0.0,0.0,0.0,0.0,1.0,0.0,0.0,1.0,0.0,1.0,0.0,0.0,4.0,1.0,357.0,1.0,0.0,0.0,180.0,1.0,0.0,1.0,0.0,30.0,258.0,69.0,357.0,0.0,1.0,46.574259999993956,0.0,18.0,1.0,1.0,39.94367193270229,0.0,1.0,0.20364532877332064,1.0,1.0,36.0,2514.493557208435,5309.370380270302,2794.8768230618675,0.0,0.0,144.8643463429842,0.0,2.0,2.0,2.0,1.9980146532481795,2.0,1.9994374675895417,2.0,2.0,2.0,2.0,2.0,2.0,1.9981968412158568,2.0,1.9994971305077556,2.0,2.0,2.0,2777.110744540688,0.0,1.0,1128.5280805138937,1691.198116483528,0.0,0.0,1.0,0.0,0.0,-601.4267107719011,0.0,601.4267107719011,0.0,0.0,0.0,0.0,0.0,0.0,0.0,0.0,5.775002574840968,5.500002468565256,11.49508566218465,10.883002076139732,33.65309278173061,409.7888009344022,389.0846377196437,173.68569327150234,165.38036994585758,236.10310766289987,223.7042677737861,798.8734386540459,0.02444578014440566,0.023299207080392372,0.008560242556364252,0.008088403561273003,0.0,7.784438402768764,0.010811720003845506,9.048958333333333,60.2,86.46451128091843,0.0,86.46451128091843,1.0,174.93568188157926,0.0,21.241066071961487,19.899399405294822,22.40972017346005,21.00972017346005,21.241066071961487,19.899399405294822,22.40972017346005,21.00972017346005,84.55990582417641,0.0,0.0,0.0,0.0,0.0,84.55990582417641,0.0,8.137972741262066,0.0,52,12.538187467899379,20.605482587169874,8.067295119270495,9540.0,1691.198116483528,1691.198116483528,1691.198116483528,8.137972741262066,6.233367284520044,0.0,0.0,0.0,144.87079021822157,143.01566744964958,1.0,0.0,141.33010717912174,113.75000000000001,101.00541310541311,129.68421878064743,0.0,0.0,601.4267107719011,1.0,129.68421878064743,1.0,417.7725560415498,159.43818232157193,0.0,51.793226181002694,2.7963204226655125,51.793226181002694
0.11068427707740935,0.004830236268552224,0.8472774055623208,1.8055555555555556,0.0,1.0,0.0,0.42857142857142855,0.42857142857142855,6.520370370370371,0.0,0.0,3.4268963675213677,0.0,130.48689422461274,0.0,114.03553009676327,107.54975478036387,123.2627282005175,116.41002276598493,68.49295957593715,65.1720432417815,1.0,0.0,0.0,0.0,0.0010026063502713474,0.0,0.0010899909322704435,0.0,0.0,0.0,0.0,0.0,0.0,0.0009106725418651775,0.0,0.0009746320643874028,0.0,0.0,0.0,1.0,0.0,0.0,0.0,0.0,1.0,0.0,0.0,1.0,0.0,1.0,0.0,0.0,4.0,1.0,357.0,1.0,0.0,0.0,180.0,1.0,0.0,1.0,0.0,30.0,258.0,69.0,357.0,0.0,1.0,46.199007100003655,0.0,18.0,1.0,1.0,39.70154824745233,0.0,1.0,0.18625467976174026,1.0,1.0,36.0,2527.077691970219,5330.077645525318,2802.999953555099,0.0,0.0,162.280888850963,0.0,2.0,2.0,2.0,1.9989973936497287,2.0,1.9989100090677294,2.0,2.0,2.0,2.0,2.0,2.0,1.9990893274581347,2.0,1.9990253679356127,2.0,2.0,2.0,2759.6609624168477,0.0,1.0,1116.4872111536301,2055.420800861554,0.0,0.0,1.0,0.0,0.0,-812.6308328383698,0.0,812.6308328383698,0.0,0.0,0.0,0.0,0.0,0.0,0.0,0.0,11.550000417879744,11.000000405986974,12.025029412688681,11.417112175661146,45.992142412216545,407.1134112913676,386.9175536576788,172.81432035914196,164.61964299449662,234.29909093222562,222.2979106631822,794.0309649490464,0.012866316976142374,0.012265227066527584,0.015410572686758633,0.014566496656955015,0.0,0.9065485542430167,0.0012590952142264122,3.4268963675213677,60.2,100.86547241407183,0.0,100.86547241407183,1.0,202.9124304928815,0.0,27.059388055493677,25.601054722160345,25.75529863271184,24.355298632711836,27.059388055493677,25.601054722160345,25.75529863271184,24.355298632711836,102.77104004307769,0.0,0.0,0.0,0.0,0.0,102.77104004307769,0.0,6.232405112256194,0.0,53,12.584134761783702,20.707265255015216,8.123130493231516,9720.0,2055.420800861554,2055.420800861554,2055.420800861554,6.232405112256194,8.137972741262066,0.0,0.0,0.0,142.4835022771458,143.17420191537732,1.0,0.0,138.08069135721118,113.75000000000001,106.91253561253563,133.28249097691824,0.0,0.0,812.6308328383698,1.0,133.28249097691824,1.0,487.4880873447796,148.02795809510286,0.0,59.766459318743614,2.749878032217025,59.766459318743614
0.3768795577649097,0.10343148330827917,1.2491771821765416,5.429487179487181,0.0,0.0,1.0,0.7142857142857143,0.7142857142857143,9.059116809116812,0.0,0.0,9.048958333333333,0.0,109.72688607356069,0.0,114.76519131704467,108.2951556688871,123.8370393088561,117.01086942218333,68.49294017781217,65.17202798592534,1.0,0.0,0.0,0.0,0.001985346150734794,0.0,0.000562523779509679,0.0,0.0,0.0,0.0,0.0,0.0,0.0018031582111463188,0.0,0.0005028617485876512,0.0,0.0,0.0,1.0,0.0,0.0,0.0,0.0,1.0,0.0,0.0,1.0,0.0,1.0,0.0,0.0,4.0,1.0,357.0,1.0,0.0,0.0,180.0,1.0,0.0,1.0,0.0,30.0,258.0,69.0,357.0,0.0,1.0,47.1617372000037,0.0,18.0,1.0,1.0,39.94348966120803,0.0,1.0,0.20364487426042907,1.0,1.0,36.0,2539.615474654416,5350.682719443172,2811.067244788756,0.0,0.0,144.86416277326444,0.0,2.0,2.0,2.0,1.9980146538492651,2.0,1.9994374762204903,2.0,2.0,2.0,2.0,2.0,2.0,1.9981968417888538,2.0,1.9994971382514122,2.0,2.0,2.0,2776.564227651068,0.0,1.0,1128.5180672583008,1691.167820900725,0.0,0.0,1.0,0.0,0.0,-601.2717732125416,0.0,601.2717732125416,0.0,0.0,0.0,0.0,0.0,0.0,0.0,0.0,5.774999092557913,5.499999122862064,11.494997133887217,10.882913862703674,33.65290921201087,409.78697052121043,389.0828227029499,173.6856853710816,165.3803623291837,236.10128515012886,223.7024603737662,798.8697932241604,0.024445776311040657,0.023299203258588877,0.008560170043130665,0.008088334587368285,0.0,7.784429372337179,0.010811707461579416,9.048958333333333,60.2,86.46482362762113,0.0,86.46482362762113,1.0,174.92775143389153,0.0,21.240678227344155,19.89901156067749,22.409350628507305,21.0093506285073,21.240678227344155,19.89901156067749,22.409350628507305,21.0093506285073,84.55839104503625,0.0,0.0,0.0,0.0,0.0,84.55839104503625,0.0,8.138837694841078,0.0,54,12.537782684197357,20.605073917854227,8.067291233656869,9900.0,1691.167820900725,1691.167820900725,1691.167820900725,8.138837694841078,6.232405112256194,0.0,0.0,0.0,144.87316158092398,143.01562137074384,1.0,0.0,141.33108246347956,113.75000000000001,101.00541310541311,129.68551854878672,0.0,0.0,601.2717732125416,1.0,129.68551854878672,1.0,417.7580441071808,159.43915760592972,0.0,51.78988392895877,2.7962177024469574,51.78988392895877
0.11068427707740935,0.004830236268552224,0.8472810475172334,1.8055555555555556,0.0,1.0,0.0,0.42857142857142855,0.42857142857142855,6.520370370370371,0.0,0.0,3.4268963675213677,0.0,130.48871963995975,0.0,114.03419422567721,107.5484866954448,123.26182947682317,116.40914147795456,68.49295956827613,65.17204323527392,1.0,0.0,0.0,0.0,0.0010026091999343098,0.0,0.0010899697584444918,0.0,0.0,0.0,0.0,0.0,0.0,0.0009106751260297511,0.0,0.0009746128664746125,0.0,0.0,0.0,1.0,0.0,0.0,0.0,0.0,1.0,0.0,0.0,1.0,0.0,1.0,0.0,0.0,4.0,1.0,357.0,1.0,0.0,0.0,180.0,1.0,0.0,1.0,0.0,30.0,258.0,69.0,357.0,0.0,1.0,46.707302800001344,0.0,18.0,1.0,1.0,39.70136645636489,0.0,1.0,0.18625383714512175,1.0,1.0,36.0,2552.1995377720377,5371.389997259549,2819.1904594875114,0.0,0.0,162.2806724966257,0.0,2.0,2.0,2.0,1.9989973908000656,2.0,1.9989100302415557,2.0,2.0,2.0,2.0,2.0,2.0,1.99908932487397,2.0,1.9990253871335253,2.0,2.0,2.0,2759.627147848359,0.0,1.0,1116.4814314936775,2055.416453881743,0.0,0.0,1.0,0.0,0.0,-812.6462152306226,0.0,812.6462152306226,0.0,0.0,0.0,0.0,0.0,0.0,0.0,0.0,11.549999949904844,10.999999954240579,12.024921367383868,11.417004786349956,45.99192605787925,407.1115848741076,386.91574425318987,172.81426277404674,164.61958781621328,234.29732210006088,222.29615643697664,794.0273291272975,0.012866338037897438,0.012265247155430615,0.015410407184754045,0.014566337552239045,0.0,0.9065496551857066,0.0012590967433134814,3.4268963675213677,60.2,100.86444024629779,0.0,100.86444024629779,1.0,202.91298325815683,0.0,27.05928029850643,25.600946965173097,25.755297715203813,24.35529771520381,27.05928029850643,25.600946965173097,25.755297715203813,24.35529771520381,102.77082269408714,0.0,0.0,0.0,0.0,0.0,102.77082269408714,0.0,6.232455247051716,0.0,55,12.584063117621547,20.707277816377147,8.1232146987556,10080.0,2055.416453881743,2055.416453881743,2055.416453881743,6.232455247051716,8.138837694841078,0.0,0.0,0.0,142.48315198171153,143.17605405922694,1.0,0.0,138.0806570396577,113.75000000000001,106.91253561253563,133.28251084759424,0.0,0.0,812.6462152306226,1.0,133.28251084759424,1.0,487.4907790477786,148.0279237775494,0.0,59.76626212490689,2.749923834238873,59.76626212490689
0.3768795577649097,0.10343148330827917,1.2491804108456916,5.429487179487181,0.0,0.0,1.0,0.7142857142857143,0.7142857142857143,9.059116809116812,0.0,0.0,9.048958333333333,0.0,109.7271289731447,0.0,114.76465181607183,108.29463324910448,123.83750193157816,117.01134679447117,68.49294018110882,65.17202798877688,1.0,0.0,0.0,0.0,0.001985346224570275,0.0,0.0005625273380025867,0.0,0.0,0.0,0.0,0.0,0.0,0.0018031582898446875,0.0,0.0005028649584540733,0.0,0.0,0.0,1.0,0.0,0.0,0.0,0.0,1.0,0.0,0.0,1.0,0.0,1.0,0.0,0.0,4.0,1.0,357.0,1.0,0.0,0.0,180.0,1.0,0.0,1.0,0.0,30.0,258.0,69.0,357.0,0.0,1.0,45.79248029999144,0.0,18.0,1.0,1.0,39.94360841975304,0.0,1.0,0.20364503270226136,1.0,1.0,36.0,2564.7373346950094,5391.995084254562,2827.2577495595533,0.0,0.0,144.86430302315247,0.0,2.0,2.0,2.0,1.9980146537754295,2.0,1.9994374726619977,2.0,2.0,2.0,2.0,2.0,2.0,1.9981968417101552,2.0,1.999497135041546,2.0,2.0,2.0,2776.549616777322,0.0,1.0,1128.521402653168,1691.1661929195652,0.0,0.0,1.0,0.0,0.0,-601.2706528525823,0.0,601.2706528525823,0.0,0.0,0.0,0.0,0.0,0.0,0.0,0.0,5.775000035575125,5.50000003402117,11.49506641841311,10.882982973889483,33.65304946189889,409.7881639857567,389.0840044093042,173.6857373555134,165.38041230606075,236.10242663024326,223.70359210324352,798.872168395061,0.024445775060496715,0.023299202136082945,0.008560197922752654,0.008088361183169046,0.0,7.784428913235395,0.010811706823938049,9.048958333333333,60.2,86.46473016406692,0.0,86.46473016406692,1.0,174.92783566578157,0.0,21.24065589616406,19.898989229497396,22.409332260158404,21.009332260158406,21.24065589616406,19.898989229497396,22.409332260158404,21.009332260158406,84.55830964597827,0.0,0.0,0.0,0.0,0.0,84.55830964597827,0.0,8.13887576514037,0.0,56,12.537796922971546,20.605086995013707,8.06729007204216,10260.0,1691.1661929195652,1691.1661929195652,1691.1661929195654,8.13887576514037,6.232455247051716,0.0,0.0,0.0,144.8732064903926,143.01560915009588,1.0,0.0,141.33103895978405,113.75000000000001,101.00541310541311,129.68555451406283,0.0,0.0,601.2706528525823,1.0,129.68555451406283,1.0,417.7585725908316,159.43911410223424,0.0,51.78989103933509,2.796227504566033,51.78989103933509
0.11068427707740935,0.004830236268552224,0.8472810694962158,1.8055555555555556,0.0,1.0,0.0,0.42857142857142855,0.42857142857142855,6.520370370370371,0.0,0.0,3.4268963675213677,0.0,130.48870291350906,0.0,114.03444796636079,107.54873156514809,123.26184149075785,116.40915072604726,68.49295956825462,65.17204323525262,1.0,0.0,0.0,0.0,0.0010026091941410674,0.0,0.001089969598790091,0.0,0.0,0.0,0.0,0.0,0.0,0.0009106751208725308,0.0,0.0009746127204752764,0.0,0.0,0.0,1.0,0.0,0.0,0.0,0.0,1.0,0.0,0.0,1.0,0.0,1.0,0.0,0.0,4.0,1.0,357.0,1.0,0.0,0.0,180.0,1.0,0.0,1.0,0.0,30.0,258.0,69.0,357.0,0.0,1.0,45.3607262000005,0.0,18.0,1.0,1.0,39.70136437718867,0.0,1.0,0.18625383107623836,1.0,1.0,36.0,2577.3214013097227,5412.702365570368,2835.380964260645,0.0,0.0,162.28067019953244,0.0,2.0,2.0,2.0,1.998997390805859,2.0,1.99891003040121,2.0,2.0,2.0,2.0,2.0,2.0,1.9990893248791275,2.0,1.9990253872795247,2.0,2.0,2.0,2759.634035178863,0.0,1.0,1116.481457993884,2055.4167095854414,0.0,0.0,1.0,0.0,0.0,-812.6457086001624,0.0,812.6457086001624,0.0,0.0,0.0,0.0,0.0,0.0,0.0,0.0,11.550000000611497,11.000000000579597,12.024920161536429,11.417003598058464,45.99192376078599,407.111564139893,386.91572340388024,172.81426361706576,164.6195886254506,234.29730052282724,222.2961347784296,794.0272875437732,0.012866338013847772,0.012265247133073625,0.01541040617035724,0.014566336576888828,0.0,0.906549617167336,0.0012590966905101889,3.4268963675213677,60.2,100.8644187952815,0.0,100.8644187952815,1.0,202.91295562954056,0.0,27.05927028685729,25.60093695352396,25.755314119445412,24.355314119445413,27.05927028685729,25.60093695352396,25.755314119445412,24.355314119445413,102.77083547927208,0.0,0.0,0.0,0.0,0.0,102.77083547927208,0.0,6.232459081149795,0.0,57,12.584066614713363,20.707281315805453,8.123214701092092,10440.0,2055.4167095854414,2055.4167095854414,2055.4167095854414,6.232459081149795,8.13887576514037,0.0,0.0,0.0,142.48319234251417,143.17605200100036,1.0,0.0,138.0806494163365,113.75000000000001,106.91253561253563,133.28250356070242,0.0,0.0,812.6457086001624,1.0,133.28250356070242,1.0,487.4906759274654,148.02791615422825,0.0,59.76624984292934,2.7499220230166928,59.76624984292934
0.3768795577649097,0.10343148330827917,1.2491804201411738,5.429487179487181,0.0,0.0,1.0,0.7142857142857143,0.7142857142857143,9.059116809116812,0.0,0.0,9.048958333333333,0.0,109.72711547348355,0.0,114.76465101083346,108.2946318047246,123.83748759010155,117.01133223325972,68.49294018102935,65.17202798870906,1.0,0.0,0.0,0.0,0.0019853461967686125,0.0,0.0005625273589756866,0.0,0.0,0.0,0.0,0.0,0.0,0.0018031582644139929,0.0,0.0005028649788970786,0.0,0.0,0.0,1.0,0.0,0.0,0.0,0.0,1.0,0.0,0.0,1.0,0.0,1.0,0.0,0.0,4.0,1.0,357.0,1.0,0.0,0.0,180.0,1.0,0.0,1.0,0.0,30.0,258.0,69.0,357.0,0.0,1.0,43.20302210000227,0.0,18.0,1.0,1.0,39.94360817667578,0.0,1.0,0.20364503268760928,1.0,1.0,36.0,2589.8591977401597,5433.307451938856,2843.4482541986954,0.0,0.0,144.86430229497384,0.0,2.0,2.0,2.0,1.9980146538032315,2.0,1.9994374726410244,2.0,2.0,2.0,2.0,2.0,2.0,1.998196841735586,2.0,1.9994971350211028,2.0,2.0,2.0,2776.5496445894805,0.0,1.0,1128.5213735609477,1691.1663636139574,0.0,0.0,1.0,0.0,0.0,-601.2704283144485,0.0,601.2704283144485,0.0,0.0,0.0,0.0,0.0,0.0,0.0,0.0,5.774999999668374,5.499999999688455,11.49506608424393,10.882982650119494,33.653048733720254,409.78816138801795,389.08400214549755,173.68573636175748,165.38041135515311,236.10242502626048,223.70359079034446,798.8721635335155,0.024445774895846248,0.02329920197783499,0.008560198096413917,0.008088361361438114,0.0,7.784428951460548,0.010811706877028539,9.048958333333333,60.2,86.46473415435558,0.0,86.46473415435558,1.0,174.92782371069626,0.0,21.24066118944473,19.898994522778064,22.40933123423754,21.00933123423754,21.24066118944473,19.898994522778064,22.40933123423754,21.00933123423754,84.55831818069787,0.0,0.0,0.0,0.0,0.0,84.55831818069787,0.0,8.138875054807512,0.0,58,12.537796430436984,20.605086368487243,8.06728993805026,10620.0,1691.1663636139574,1691.1663636139574,1691.1663636139574,8.138875054807512,6.232459081149795,0.0,0.0,0.0,144.8732060070419,143.01560666556122,1.0,0.0,141.3310401176574,113.75000000000001,101.00541310541311,129.68555463270334,0.0,0.0,601.2704283144485,1.0,129.68555463270334,1.0,417.7585513834433,159.43911526010757,0.0,51.78989568856443,2.7962273090648293,51.78989568856443
0.11068427707740935,0.004830236268552224,0.8472810676963303,1.8055555555555556,0.0,1.0,0.0,0.42857142857142855,0.42857142857142855,6.520370370370371,0.0,0.0,3.4268963675213677,0.0,130.48870270103154,0.0,114.03444551568398,107.5487293838154,123.26184375977451,116.40915303968308,68.4929595682813,65.17204323527524,1.0,0.0,0.0,0.0,0.0010026091932774002,0.0,0.00108996962432939,0.0,0.0,0.0,0.0,0.0,0.0,0.0009106751200836803,0.0,0.0009746127436498374,0.0,0.0,0.0,1.0,0.0,0.0,0.0,0.0,1.0,0.0,0.0,1.0,0.0,1.0,0.0,0.0,4.0,1.0,357.0,1.0,0.0,0.0,180.0,1.0,0.0,1.0,0.0,30.0,258.0,69.0,357.0,0.0,1.0,41.99621430000116,0.0,18.0,1.0,1.0,39.701364530002934,0.0,1.0,0.18625383213831181,1.0,1.0,36.0,2602.4432644283875,5454.01473337207,2851.5714689436822,0.0,0.0,162.28067041466963,0.0,2.0,2.0,2.0,1.9989973908067225,2.0,1.9989100303756706,2.0,2.0,2.0,2.0,2.0,2.0,1.9990893248799162,2.0,1.9990253872563502,2.0,2.0,2.0,2759.6339570189875,0.0,1.0,1116.4814637937118,2055.4167087294204,0.0,0.0,1.0,0.0,0.0,-812.6457084076987,0.0,812.6457084076987,0.0,0.0,0.0,0.0,0.0,0.0,0.0,0.0,11.54999999997397,10.999999999973497,12.02492027084189,11.417003705133816,45.99192397592317,407.1115656782684,386.91572492179034,172.81426364917996,164.61958865545012,234.29730202908846,222.29613626634023,794.0272906000588,0.012866338007594133,0.012265247127067546,0.015410406358096006,0.01456633675707601,0.0,0.9065496175107626,0.0012590966909871704,3.4268963675213677,60.2,100.86441914831258,0.0,100.86441914831258,1.0,202.91295583505456,0.0,27.059270508339967,25.600937175006635,25.7553138765622,24.355313876562203,27.059270508339967,25.600937175006635,25.7553138765622,24.355313876562203,102.770835436471,0.0,0.0,0.0,0.0,0.0,102.770835436471,0.0,6.232458766649081,0.0,59,12.584066688227619,20.707281433214526,8.123214744986907,10800.0,2055.4167087294204,2055.4167087294204,2055.4167087294204,6.232458766649081,8.138875054807512,0.0,0.0,0.0,142.4831929688775,143.17605288538144,1.0,0.0,138.0806506487933,113.75000000000001,106.91253561253563,133.2825047622244,0.0,0.0,812.6457084076987,1.0,133.2825047622244,1.0,487.49067799079205,148.02791738668498,0.0,59.76625001273695,2.7499221003573786,59.76625001273695
0.3768795577649097,0.10343148330827917,1.2491804225766185,5.429487179487181,0.0,0.0,1.0,0.7142857142857143,0.7142857142857143,9.059116809116812,0.0,0.0,9.048958333333333,0.0,109.72711648504126,0.0,114.76465156760433,108.29463233115032,123.83748756690201,117.01133220542594,68.49294018102906,65.17202798870879,1.0,0.0,0.0,0.0,0.0019853461975287948,0.0,0.0005625273556639036,0.0,0.0,0.0,0.0,0.0,0.0,0.001803158265102726,0.0,0.0005028649758791717,0.0,0.0,0.0,1.0,0.0,0.0,0.0,0.0,1.0,0.0,0.0,1.0,0.0,1.0,0.0,0.0,4.0,1.0,357.0,1.0,0.0,0.0,180.0,1.0,0.0,1.0,0.0,30.0,258.0,69.0,357.0,0.0,1.0,43.829103800002486,0.0,18.0,1.0,1.0,39.94360811065638,0.0,1.0,0.2036450325670728,1.0,1.0,36.0,2614.9810608618686,5474.619819764064,2859.6387589021956,0.0,0.0,144.8643022266722,0.0,2.0,2.0,2.0,1.9980146538024712,2.0,1.9994374726443362,2.0,2.0,2.0,2.0,2.0,2.0,1.9981968417348972,2.0,1.9994971350241206,2.0,2.0,2.0,2776.5496600329184,0.0,1.0,1128.5213720914037,1691.1663593840276,0.0,0.0,1.0,0.0,0.0,-601.2704523463044,0.0,601.2704523463044,0.0,0.0,0.0,0.0,0.0,0.0,0.0,0.0,5.774999999967868,5.499999999969361,11.495066049895861,10.882982615585526,33.653048665418616,409.7881607284843,389.08400148464324,173.68573635137452,165.38041134506113,236.1024243771098,223.70359013958208,798.8721622131275,0.02444577490146858,0.023299201983191093,0.008560198070132375,0.008088361336101154,0.0,7.784428951110932,0.010811706876542962,9.048958333333333,60.2,86.46473423231052,0.0,86.46473423231052,1.0,174.92782484398742,0.0,21.240661091425327,19.898994424758662,22.409331226508698,21.009331226508696,21.240661091425327,19.898994424758662,22.409331226508698,21.009331226508696,84.55831796920138,0.0,0.0,0.0,0.0,0.0,84.55831796920138,0.0,8.138875029758221,0.0,60,12.537796433480988,20.60508639199442,8.067289958513433,10980.0,1691.1663593840276,1691.1663593840276,1691.1663593840276,8.138875029758221,6.2324587666490805,0.0,0.0,0.0,144.87320601477535,143.0156070621509,1.0,0.0,141.3310401922997,113.75000000000001,101.00541310541311,129.6855547936506,0.0,0.0,601.2704523463044,1.0,129.6855547936506,1.0,417.75855270989064,159.43911533474989,0.0,51.78989570475727,2.796227304472299,51.78989570475727
0.11068427707740935,0.004830236268552224,0.8472810674996354,1.8055555555555556,0.0,1.0,0.0,0.42857142857142855,0.42857142857142855,6.520370370370371,0.0,0.0,3.4268963675213677,0.0,130.488702699293,0.0,114.03444544608514,107.54872931456639,123.26184378730791,116.40915306850115,68.49295956828102,65.17204323527501,1.0,0.0,0.0,0.0,0.0010026091932012144,0.0,0.0010899696242049463,0.0,0.0,0.0,0.0,0.0,0.0,0.0009106751200147355,0.0,0.0009746127435298346,0.0,0.0,0.0,1.0,0.0,0.0,0.0,0.0,1.0,0.0,0.0,1.0,0.0,1.0,0.0,0.0,4.0,1.0,357.0,1.0,0.0,0.0,180.0,1.0,0.0,1.0,0.0,30.0,258.0,69.0,357.0,0.0,1.0,43.882994400002644,0.0,18.0,1.0,1.0,39.701364538417046,0.0,1.0,0.18625383212990307,1.0,1.0,36.0,2627.5651275507353,5495.327101198605,2867.76197364787,0.0,0.0,162.2806704220644,0.0,2.0,2.0,2.0,1.9989973908067986,2.0,1.998910030375795,2.0,2.0,2.0,2.0,2.0,2.0,1.9990893248799853,2.0,1.99902538725647,2.0,2.0,2.0,2759.6339551013625,0.0,1.0,1116.4814639597028,2055.416709520707,0.0,0.0,1.0,0.0,0.0,-812.6457097470889,0.0,812.6457097470889,0.0,0.0,0.0,0.0,0.0,0.0,0.0,0.0,11.550000000004061,11.00000000000395,12.024920274495841,11.417003708814065,45.99192398331792,407.11156576210993,386.915725006231,172.81426364788945,164.6195886542357,234.2973021142205,222.2961363519953,794.0272907683409,0.012866338006930012,0.012265247126435223,0.015410406357337154,0.014566336756293985,0.0,0.9065496175394046,0.0012590966910269509,3.4268963675213677,60.2,100.86441921760617,0.0,100.86441921760617,1.0,202.91295590941883,0.0,27.05927053567764,25.60093720234431,25.75531386900671,24.355313869006707,27.05927053567764,25.60093720234431,25.75531386900671,24.355313869006707,102.77083547603537,0.0,0.0,0.0,0.0,0.0,102.77083547603537,0.0,6.2324587713290285,0.0,61,12.58406668886685,20.707281434541365,8.123214745674515,11160.0,2055.416709520707,2055.416709520707,2055.416709520707,6.2324587713290285,8.138875029758221,0.0,0.0,0.0,142.4831929541492,143.17605290009536,1.0,0.0,138.08065066327538,113.75000000000001,106.91253561253563,133.28250477415534,0.0,0.0,812.6457097470889,1.0,133.28250477415534,1.0,487.4906781812377,148.02791740116706,0.0,59.76625003492114,2.749922103100346,59.76625003492114
0.3768795577649097,0.10343148330827917,1.2491804223896992,5.429487179487181,0.0,0.0,1.0,0.7142857142857143,0.7142857142857143,9.059116809116812,0.0,0.0,9.048958333333333,0.0,109.72711650288328,0.0,114.76465159400472,108.29463235776943,123.83748758954822,117.01133222790628,68.49294018102918,65.17202798870889,1.0,0.0,0.0,0.0,0.00198534619753442,0.0,0.0005625273557728658,0.0,0.0,0.0,0.0,0.0,0.0,0.0018031582651078454,0.0,0.0005028649759775004,0.0,0.0,0.0,1.0,0.0,0.0,0.0,0.0,1.0,0.0,0.0,1.0,0.0,1.0,0.0,0.0,4.0,1.0,357.0,1.0,0.0,0.0,180.0,1.0,0.0,1.0,0.0,30.0,258.0,69.0,357.0,0.0,1.0,42.987441899997066,0.0,18.0,1.0,1.0,39.94360811214603,0.0,1.0,0.20364503257237862,1.0,1.0,36.0,2640.1029239855307,5515.932187592407,2875.8292636068763,0.0,0.0,144.86430222854284,0.0,2.0,2.0,2.0,1.9980146538024657,2.0,1.9994374726442272,2.0,2.0,2.0,2.0,2.0,2.0,1.998196841734892,2.0,1.9994971350240225,2.0,2.0,2.0,2776.5496606260112,0.0,1.0,1128.521372150808,1691.166359351896,0.0,0.0,1.0,0.0,0.0,-601.2704525448316,0.0,601.2704525448316,0.0,0.0,0.0,0.0,0.0,0.0,0.0,0.0,5.775000000001086,5.500000000001037,11.495066050803622,10.882982616483503,33.65304866728925,409.78816074352625,389.0840014993943,173.6857363521135,165.3804113457668,236.1024243914127,223.7035901536275,798.8721622429206,0.0244457749015006,0.023299201983221867,0.008560198070994125,0.008088361336925151,0.0,7.784428951077942,0.010811706876497141,9.048958333333333,60.2,86.46473422633603,0.0,86.46473422633603,1.0,174.92782485578442,0.0,21.240661090707125,19.89899442404046,22.409331226423614,21.009331226423612,21.240661090707125,19.89899442404046,22.409331226423614,21.009331226423612,84.5583179675948,0.0,0.0,0.0,0.0,0.0,84.5583179675948,0.0,8.138875030070263,0.0,62,12.537796434795432,20.605086393801933,8.067289959006501,11340.0,1691.166359351896,1691.166359351896,1691.166359351896,8.138875030070263,6.2324587713290285,0.0,0.0,0.0,144.87320602054882,143.01560707181034,1.0,0.0,141.3310401967851,113.75000000000001,101.00541310541311,129.6855547931713,0.0,0.0,601.2704525448316,1.0,129.6855547931713,1.0,417.75855273215404,159.4391153392353,0.0,51.78989570017012,2.796227304631249,51.78989570017012
0.11068427707740935,0.004830236268552224,0.8472810675020189,1.8055555555555556,0.0,1.0,0.0,0.42857142857142855,0.42857142857142855,6.520370370370371,0.0,0.0,3.4268963675213677,0.0,130.48870270333433,0.0,114.0344454513968,107.54872931946186,123.26184378461264,116.40915306570074,68.49295956828101,65.172043235275,1.0,0.0,0.0,0.0,0.0010026091932019915,0.0,0.0010899696241906491,0.0,0.0,0.0,0.0,0.0,0.0,0.0009106751200154509,0.0,0.0009746127435170918,0.0,0.0,0.0,1.0,0.0,0.0,0.0,0.0,1.0,0.0,0.0,1.0,0.0,1.0,0.0,0.0,4.0,1.0,357.0,1.0,0.0,0.0,180.0,1.0,0.0,1.0,0.0,30.0,258.0,69.0,357.0,0.0,1.0,43.01383540000825,0.0,18.0,1.0,1.0,39.70136453822707,0.0,1.0,0.18625383212930888,1.0,1.0,36.0,2652.686990674345,5536.639469027019,2883.9524783526736,0.0,0.0,162.28067042182067,0.0,2.0,2.0,2.0,1.998997390806798,2.0,1.9989100303758096,2.0,2.0,2.0,2.0,2.0,2.0,1.9990893248799846,2.0,1.9990253872564832,2.0,2.0,2.0,2759.6339552552217,0.0,1.0,1116.4814639537674,2055.416709526101,0.0,0.0,1.0,0.0,0.0,-812.6457098440178,0.0,812.6457098440178,0.0,0.0,0.0,0.0,0.0,0.0,0.0,0.0,11.549999999999649,10.999999999999673,12.024920274377507,11.417003708697372,45.9919239830742,407.11156576020466,386.91572500433654,172.81426364785554,164.6195886542033,234.29730211234912,222.2961363501332,794.0272907645411,0.01286633800693629,0.012265247126441182,0.015410406357231118,0.014566336756194072,0.0,0.9065496175386372,0.001259096691025885,3.4268963675213677,60.2,100.8644192177657,0.0,100.8644192177657,1.0,202.91295591402158,0.0,27.059270535417667,25.600937202084335,25.755313869401522,24.35531386940152,27.059270535417667,25.600937202084335,25.755313869401522,24.35531386940152,102.77083547630505,0.0,0.0,0.0,0.0,0.0,102.77083547630505,0.0,6.232458771530926,0.0,63,12.584066688814564,20.70728143461163,8.123214745797066,11520.0,2055.416709526101,2055.416709526101,2055.416709526101,6.232458771530926,8.138875030070263,0.0,0.0,0.0,142.4831929555607,143.17605290249554,1.0,0.0,138.08065066331625,113.75000000000001,106.91253561253563,133.28250477422614,0.0,0.0,812.6457098440178,1.0,133.28250477422614,1.0,487.49067818690025,148.0279174012079,0.0,59.76625003580702,2.7499221030313605,59.76625003580702
0.3768795577649097,0.10343148330827917,1.2491804223860128,5.429487179487181,0.0,0.0,1.0,0.7142857142857143,0.7142857142857143,9.059116809116812,0.0,0.0,9.048958333333333,0.0,109.72711650256689,0.0,114.76465159354912,108.29463235735454,123.83748758995068,117.01133222832044,68.49294018102918,65.17202798870889,1.0,0.0,0.0,0.0,0.001985346197533421,0.0,0.0005625273557764679,0.0,0.0,0.0,0.0,0.0,0.0,0.0018031582651069325,0.0,0.0005028649759808187,0.0,0.0,0.0,1.0,0.0,0.0,0.0,0.0,1.0,0.0,0.0,1.0,0.0,1.0,0.0,0.0,4.0,1.0,357.0,1.0,0.0,0.0,180.0,1.0,0.0,1.0,0.0,30.0,258.0,69.0,357.0,0.0,1.0,41.86253710000892,0.0,18.0,1.0,1.0,39.9436081122833,0.0,1.0,0.20364503257249583,1.0,1.0,36.0,2665.2247871091577,5557.244555420853,2892.0197683116953,0.0,0.0,144.86430222868646,0.0,2.0,2.0,2.0,1.9980146538024666,2.0,1.9994374726442234,2.0,2.0,2.0,2.0,2.0,2.0,1.9981968417348932,2.0,1.9994971350240194,2.0,2.0,2.0,2776.5496606120682,0.0,1.0,1128.5213721544546,1691.1663593616904,0.0,0.0,1.0,0.0,0.0,-601.2704525419781,0.0,601.2704525419781,0.0,0.0,0.0,0.0,0.0,0.0,0.0,0.0,5.775000000000006,5.500000000000007,11.495066050876318,10.882982616556554,33.653048667432884,409.7881607448983,389.0840015007676,173.6857363521435,165.3804113457958,236.10242439275478,223.70359015497175,798.8721622456659,0.024445774901492304,0.023299201983213943,0.008560198071022627,0.008088361336952767,0.0,7.784428951080322,0.010811706876500448,9.048958333333333,60.2,86.46473422668562,0.0,86.46473422668562,1.0,174.92782485578536,0.0,21.24066109086251,19.898994424195845,22.409331226513082,21.009331226513083,21.24066109086251,19.898994424195845,22.409331226513082,21.009331226513083,84.55831796808452,0.0,0.0,0.0,0.0,0.0,84.55831796808452,0.0,8.138875030132027,0.0,64,12.537796434812806,20.605086393834764,8.067289959021958,11700.0,1691.1663593616904,1691.1663593616904,1691.1663593616904,8.138875030132027,6.232458771530925,0.0,0.0,0.0,144.87320602081977,143.01560707211428,1.0,0.0,141.33104019693698,113.75000000000001,101.00541310541311,129.68555479322768,0.0,0.0,601.2704525419781,1.0,129.68555479322768,1.0,417.7585527326932,159.43911533938714,0.0,51.78989570025274,2.7962273046599897,51.78989570025274
0.11068427707740935,0.004830236268552224,0.8472810675021916,1.8055555555555556,0.0,1.0,0.0,0.42857142857142855,0.42857142857142855,6.520370370370371,0.0,0.0,3.4268963675213677,0.0,130.48870270350926,0.0,114.03444545179698,107.54872931985982,123.26184378480548,116.4091530658901,68.49295956828101,65.172043235275,1.0,0.0,0.0,0.0,0.0010026091932020902,0.0,0.0010899696241913398,0.0,0.0,0.0,0.0,0.0,0.0,0.0009106751200155126,0.0,0.0009746127435177085,0.0,0.0,0.0,1.0,0.0,0.0,0.0,0.0,1.0,0.0,0.0,1.0,0.0,1.0,0.0,0.0,4.0,1.0,357.0,1.0,0.0,0.0,180.0,1.0,0.0,1.0,0.0,30.0,258.0,69.0,357.0,0.0,1.0,42.40838249999797,0.0,18.0,1.0,1.0,39.701364538222904,0.0,1.0,0.1862538321293436,1.0,1.0,36.0,2677.8088537979843,5577.951836855484,2900.1429830574994,0.0,0.0,162.28067042181993,0.0,2.0,2.0,2.0,1.998997390806798,2.0,1.9989100303758087,2.0,2.0,2.0,2.0,2.0,2.0,1.9990893248799846,2.0,1.9990253872564823,2.0,2.0,2.0,2759.6339552649615,0.0,1.0,1116.481463953937,2055.4167095259704,0.0,0.0,1.0,0.0,0.0,-812.6457098456353,0.0,812.6457098456353,0.0,0.0,0.0,0.0,0.0,0.0,0.0,0.0,11.54999999999999,10.999999999999986,12.024920274376882,11.417003708696626,45.991923983073484,407.11156576016367,386.9157250042943,172.814263647857,164.61958865420468,234.29730211230668,222.29613635008963,794.027290764458,0.012866338006937093,0.012265247126441906,0.015410406357236124,0.014566336756198787,0.0,0.9065496175386301,0.001259096691025875,3.4268963675213677,60.2,100.86441921769813,0.0,100.86441921769813,1.0,202.9129559141017,0.0,27.059270535399865,25.600937202066532,25.755313869416064,24.355313869416065,27.059270535399865,25.600937202066532,25.755313869416064,24.355313869416065,102.77083547629852,0.0,0.0,0.0,0.0,0.0,102.77083547629852,0.0,6.232458771531627,0.0,65,12.584066688826802,20.707281434630946,8.123214745804145,11880.0,2055.4167095259704,2055.4167095259704,2055.4167095259704,6.232458771531627,8.138875030132027,0.0,0.0,0.0,142.48319295565975,143.17605290263802,1.0,0.0,138.08065066336036,113.75000000000001,106.91253561253563,133.28250477427247,0.0,0.0,812.6457098456353,1.0,133.28250477427247,1.0,487.49067818703884,148.02791740125207,0.0,59.766250035791245,2.7499221030316052,59.766250035791245
0.3768795577649097,0.10343148330827917,1.2491804223862875,5.429487179487181,0.0,0.0,1.0,0.7142857142857143,0.7142857142857143,9.059116809116812,0.0,0.0,9.048958333333333,0.0,109.72711650258877,0.0,114.76465159356876,108.29463235737062,123.8374875899443,117.01133222831393,68.49294018102918,65.17202798870889,1.0,0.0,0.0,0.0,0.001985346197533433,0.0,0.0005625273557763691,0.0,0.0,0.0,0.0,0.0,0.0,0.0018031582651069202,0.0,0.0005028649759807572,0.0,0.0,0.0,1.0,0.0,0.0,0.0,0.0,1.0,0.0,0.0,1.0,0.0,1.0,0.0,0.0,4.0,1.0,357.0,1.0,0.0,0.0,180.0,1.0,0.0,1.0,0.0,30.0,258.0,69.0,357.0,0.0,1.0,43.76085619999503,0.0,18.0,1.0,1.0,39.94360811228309,0.0,1.0,0.20364503257249195,1.0,1.0,36.0,2690.346650232797,5598.55692324932,2908.2102730165225,0.0,0.0,144.86430222868583,0.0,2.0,2.0,2.0,1.9980146538024666,2.0,1.9994374726442237,2.0,2.0,2.0,2.0,2.0,2.0,1.9981968417348932,2.0,1.9994971350240194,2.0,2.0,2.0,2776.549660612724,0.0,1.0,1128.5213721544656,1691.1663593619662,0.0,0.0,1.0,0.0,0.0,-601.2704525426507,0.0,601.2704525426507,0.0,0.0,0.0,0.0,0.0,0.0,0.0,0.0,5.7749999999999915,5.499999999999979,11.49506605087602,10.88298261655627,33.65304866743226,409.7881607448964,389.08400150076585,173.68573635214295,165.38041134579527,236.10242439275348,223.70359015497058,798.8721622456623,0.024445774901492287,0.023299201983213863,0.008560198071022021,0.008088361336952192,0.0,7.784428951080429,0.010811706876500595,9.048958333333333,60.2,86.4647342266985,0.0,86.4647342266985,1.0,174.92782485581836,0.0,21.240661090865462,19.898994424198793,22.409331226517033,21.00933122651703,21.240661090865462,19.898994424198793,22.409331226517033,21.00933122651703,84.55831796809831,0.0,0.0,0.0,0.0,0.0,84.55831796809831,0.0,8.138875030131803,0.0,66,12.537796434812746,20.60508639383595,8.067289959023205,12060.0,1691.1663593619662,1691.1663593619662,1691.1663593619662,8.138875030131803,6.232458771531627,0.0,0.0,0.0,144.87320602082787,143.01560707213875,1.0,0.0,141.33104019694505,113.75000000000001,101.00541310541311,129.68555479324255,0.0,0.0,601.2704525426507,1.0,129.68555479324255,1.0,417.75855273274243,159.43911533939516,0.0,51.789895700262264,2.796227304660206,51.789895700262264
0.11068427707740935,0.004830236268552224,0.8472810675021798,1.8055555555555556,0.0,1.0,0.0,0.42857142857142855,0.42857142857142855,6.520370370370371,0.0,0.0,3.4268963675213677,0.0,130.4887027035128,0.0,114.03444545180103,107.54872931986404,123.26184378481553,116.4091530659002,68.49295956828101,65.172043235275,1.0,0.0,0.0,0.0,0.0010026091932020902,0.0,0.0010899696241914263,0.0,0.0,0.0,0.0,0.0,0.0,0.0009106751200155126,0.0,0.0009746127435177825,0.0,0.0,0.0,1.0,0.0,0.0,0.0,0.0,1.0,0.0,0.0,1.0,0.0,1.0,0.0,0.0,4.0,1.0,357.0,1.0,0.0,0.0,180.0,1.0,0.0,1.0,0.0,30.0,258.0,69.0,357.0,0.0,1.0,43.136250600000494,0.0,18.0,1.0,1.0,39.70136453822368,0.0,1.0,0.18625383212934718,1.0,1.0,36.0,2702.9307169216245,5619.264204683952,2916.333487762327,0.0,0.0,162.28067042182087,0.0,2.0,2.0,2.0,1.998997390806798,2.0,1.9989100303758087,2.0,2.0,2.0,2.0,2.0,2.0,1.9990893248799846,2.0,1.9990253872564823,2.0,2.0,2.0,2759.6339552650397,0.0,1.0,1116.4814639539711,2055.4167095260473,0.0,0.0,1.0,0.0,0.0,-812.6457098457595,0.0,812.6457098457595,0.0,0.0,0.0,0.0,0.0,0.0,0.0,0.0,11.54999999999999,10.999999999999972,12.024920274377351,11.41700370869711,45.99192398307442,407.11156576017163,386.9157250043022,172.81426364785708,164.61958865420476,234.29730211231455,222.29613635009744,794.0272907644738,0.012866338006937079,0.01226524712644192,0.015410406357236704,0.014566336756199406,0.0,0.9065496175386372,0.001259096691025885,3.4268963675213677,60.2,100.86441921770212,0.0,100.86441921770212,1.0,202.91295591410884,0.0,27.05927053540138,25.60093720206805,25.75531386941647,24.355313869416467,27.05927053540138,25.60093720206805,25.75531386941647,24.355313869416467,102.77083547630237,0.0,0.0,0.0,0.0,0.0,102.77083547630237,0.0,6.232458771531565,0.0,67,12.584066688827313,20.7072814346316,8.123214745804287,12240.0,2055.4167095260473,2055.4167095260473,2055.4167095260473,6.232458771531565,8.138875030131803,0.0,0.0,0.0,142.4831929556603,143.17605290264066,1.0,0.0,138.08065066336138,113.75000000000001,106.91253561253563,133.28250477427332,0.0,0.0,812.6457098457595,1.0,133.28250477427332,1.0,487.4906781870536,148.0279174012531,0.0,59.76625003579085,2.7499221030317944,59.76625003579085
0.3768795577649097,0.10343148330827917,1.249180422386277,5.429487179487181,0.0,0.0,1.0,0.7142857142857143,0.7142857142857143,9.059116809116812,0.0,0.0,9.048958333333333,0.0,109.72711650259167,0.0,114.76465159357315,108.29463235737487,123.83748758994544,117.01133222831504,68.49294018102918,65.17202798870889,1.0,0.0,0.0,0.0,0.001985346197533433,0.0,0.0005625273557763691,0.0,0.0,0.0,0.0,0.0,0.0,0.0018031582651069202,0.0,0.0005028649759807572,0.0,0.0,0.0,1.0,0.0,0.0,0.0,0.0,1.0,0.0,0.0,1.0,0.0,1.0,0.0,0.0,4.0,1.0,357.0,1.0,0.0,0.0,180.0,1.0,0.0,1.0,0.0,30.0,258.0,69.0,357.0,0.0,1.0,42.20150930000818,0.0,18.0,1.0,1.0,39.943608112283016,0.0,1.0,0.20364503257249222,1.0,1.0,36.0,2715.468513356437,5639.869291077787,2924.40077772135,0.0,0.0,144.86430222868574,0.0,2.0,2.0,2.0,1.9980146538024666,2.0,1.9994374726442237,2.0,2.0,2.0,2.0,2.0,2.0,1.9981968417348932,2.0,1.9994971350240194,2.0,2.0,2.0,2776.5496606128354,0.0,1.0,1128.521372154465,1691.1663593619649,0.0,0.0,1.0,0.0,0.0,-601.2704525427148,0.0,601.2704525427148,0.0,0.0,0.0,0.0,0.0,0.0,0.0,0.0,5.7749999999999915,5.499999999999986,11.495066050875963,10.882982616556234,33.653048667432174,409.7881607448956,389.084001500765,173.68573635214292,165.38041134579524,236.1024243927527,223.70359015496982,798.8721622456607,0.024445774901492322,0.023299201983213905,0.008560198071022021,0.008088361336952192,0.0,7.784428951080429,0.010811706876500595,9.048958333333333,60.2,86.46473422669848,0.0,86.46473422669848,1.0,174.92782485582148,0.0,21.240661090865427,19.89899442419876,22.409331226517025,21.009331226517027,21.240661090865427,19.89899442419876,22.409331226517025,21.009331226517027,84.55831796809824,0.0,0.0,0.0,0.0,0.0,84.55831796809824,0.0,8.138875030131807,0.0,68,12.537796434812842,20.605086393835997,8.067289959023157,12420.0,1691.1663593619649,1691.1663593619649,1691.1663593619649,8.138875030131807,6.232458771531565,0.0,0.0,0.0,144.87320602082568,143.01560707213787,1.0,0.0,141.3310401969429,113.75000000000001,101.00541310541311,129.68555479324013,0.0,0.0,601.2704525427148,1.0,129.68555479324013,1.0,417.758552732747,159.439115339393,0.0,51.7898957002611,2.796227304660148,51.7898957002611
0.11068427707740935,0.004830236268552224,0.8472810675021794,1.8055555555555556,0.0,1.0,0.0,0.42857142857142855,0.42857142857142855,6.520370370370371,0.0,0.0,3.4268963675213677,0.0,130.48870270351318,0.0,114.03444545180113,107.54872931986411,123.26184378481564,116.40915306590031,68.49295956828101,65.172043235275,1.0,0.0,0.0,0.0,0.0010026091932020902,0.0,0.0010899696241914263,0.0,0.0,0.0,0.0,0.0,0.0,0.0009106751200155126,0.0,0.0009746127435177825,0.0,0.0,0.0,1.0,0.0,0.0,0.0,0.0,1.0,0.0,0.0,1.0,0.0,1.0,0.0,0.0,4.0,1.0,357.0,1.0,0.0,0.0,180.0,1.0,0.0,1.0,0.0,30.0,258.0,69.0,357.0,0.0,1.0,42.728088999996544,0.0,18.0,1.0,1.0,39.70136453822372,0.0,1.0,0.18625383212934704,1.0,1.0,36.0,2728.0525800452647,5660.576572512418,2932.523992467154,0.0,0.0,162.2806704218209,0.0,2.0,2.0,2.0,1.998997390806798,2.0,1.9989100303758087,2.0,2.0,2.0,2.0,2.0,2.0,1.9990893248799846,2.0,1.9990253872564823,2.0,2.0,2.0,2759.633955265042,0.0,1.0,1116.481463953972,2055.4167095260527,0.0,0.0,1.0,0.0,0.0,-812.6457098457745,0.0,812.6457098457745,0.0,0.0,0.0,0.0,0.0,0.0,0.0,0.0,11.549999999999997,10.999999999999964,12.024920274377358,11.41700370869713,45.99192398307445,407.11156576017197,386.9157250043025,172.81426364785708,164.61958865420476,234.29730211231487,222.29613635009775,794.0272907644744,0.012866338006937079,0.012265247126441873,0.015410406357236704,0.014566336756199406,0.0,0.9065496175386372,0.001259096691025885,3.4268963675213677,60.2,100.86441921770242,0.0,100.86441921770242,1.0,202.91295591410963,0.0,27.05927053540148,25.600937202068145,25.755313869416504,24.355313869416506,27.05927053540148,25.600937202068145,25.755313869416504,24.355313869416506,102.77083547630264,0.0,0.0,0.0,0.0,0.0,102.77083547630264,0.0,6.232458771531586,0.0,69,12.584066688827319,20.70728143463146,8.123214745804145,12600.0,2055.4167095260527,2055.4167095260527,2055.4167095260527,6.232458771531586,8.138875030131807,0.0,0.0,0.0,142.4831929556571,143.17605290263774,1.0,0.0,138.08065066335826,113.75000000000001,106.91253561253563,133.28250477427017,0.0,0.0,812.6457098457745,1.0,133.28250477427017,1.0,487.4906781870549,148.02791740124994,0.0,59.76625003578965,2.7499221030317385,59.76625003578965
0.3768795577649097,0.10343148330827917,1.249180422386276,5.429487179487181,0.0,0.0,1.0,0.7142857142857143,0.7142857142857143,9.059116809116812,0.0,0.0,9.048958333333333,0.0,109.72711650259178,0.0,114.7646515935733,108.29463235737504,123.83748758994557,117.01133222831514,68.49294018102918,65.17202798870889,1.0,0.0,0.0,0.0,0.001985346197533433,0.0,0.0005625273557763691,0.0,0.0,0.0,0.0,0.0,0.0,0.0018031582651069202,0.0,0.0005028649759807572,0.0,0.0,0.0,1.0,0.0,0.0,0.0,0.0,1.0,0.0,0.0,1.0,0.0,1.0,0.0,0.0,4.0,1.0,357.0,1.0,0.0,0.0,180.0,1.0,0.0,1.0,0.0,30.0,258.0,69.0,357.0,0.0,1.0,42.250547399991774,0.0,18.0,1.0,1.0,39.94360811228302,0.0,1.0,0.2036450325724921,1.0,1.0,36.0,2740.5903764800773,5681.181658906255,2940.5912824261773,0.0,0.0,144.86430222868577,0.0,2.0,2.0,2.0,1.9980146538024666,2.0,1.9994374726442237,2.0,2.0,2.0,2.0,2.0,2.0,1.9981968417348932,2.0,1.9994971350240194,2.0,2.0,2.0,2776.5496606128395,0.0,1.0,1128.5213721544653,1691.1663593619655,0.0,0.0,1.0,0.0,0.0,-601.2704525427171,0.0,601.2704525427171,0.0,0.0,0.0,0.0,0.0,0.0,0.0,0.0,5.774999999999999,5.499999999999986,11.495066050875977,10.882982616556234,33.653048667432195,409.7881607448957,389.0840015007651,173.68573635214292,165.38041134579524,236.10242439275282,223.7035901549699,798.8721622456609,0.024445774901492322,0.023299201983213856,0.00856019807102204,0.008088361336952192,0.0,7.784428951080422,0.010811706876500586,9.048958333333333,60.2,86.4647342266985,0.0,86.4647342266985,1.0,174.92782485582163,0.0,21.240661090865434,19.898994424198765,22.40933122651704,21.009331226517038,21.240661090865434,19.898994424198765,22.40933122651704,21.009331226517038,84.55831796809827,0.0,0.0,0.0,0.0,0.0,84.55831796809827,0.0,8.13887503013181,0.0,70,12.53779643481285,20.605086393835848,8.067289959022997,12780.0,1691.1663593619655,1691.1663593619655,1691.1663593619655,8.13887503013181,6.232458771531586,0.0,0.0,0.0,144.87320602082247,143.0156070721346,1.0,0.0,141.33104019693968,113.75000000000001,101.00541310541311,129.68555479323692,0.0,0.0,601.2704525427171,1.0,129.68555479323692,1.0,417.7585527327472,159.43911533938982,0.0,51.78989570025982,2.796227304660085,51.78989570025982
0.11068427707740935,0.004830236268552224,0.8472810675021794,1.8055555555555556,0.0,1.0,0.0,0.42857142857142855,0.42857142857142855,6.520370370370371,0.0,0.0,3.4268963675213677,0.0,130.48870270351327,0.0,114.03444545180118,107.54872931986415,123.26184378481564,116.40915306590033,68.49295956828101,65.172043235275,1.0,0.0,0.0,0.0,0.0010026091932020902,0.0,0.0010899696241914263,0.0,0.0,0.0,0.0,0.0,0.0,0.0009106751200155126,0.0,0.0009746127435177825,0.0,0.0,0.0,1.0,0.0,0.0,0.0,0.0,1.0,0.0,0.0,1.0,0.0,1.0,0.0,0.0,4.0,1.0,357.0,1.0,0.0,0.0,180.0,1.0,0.0,1.0,0.0,30.0,258.0,69.0,357.0,0.0,1.0,43.00643019999552,0.0,18.0,1.0,1.0,39.701364538223714,0.0,1.0,0.18625383212934707,1.0,1.0,36.0,2753.174443168905,5701.888940340887,2948.7144971719813,0.0,0.0,162.2806704218209,0.0,2.0,2.0,2.0,1.998997390806798,2.0,1.9989100303758087,2.0,2.0,2.0,2.0,2.0,2.0,1.9990893248799846,2.0,1.9990253872564823,2.0,2.0,2.0,2759.6339552650434,0.0,1.0,1116.481463953972,2055.4167095260527,0.0,0.0,1.0,0.0,0.0,-812.645709845775,0.0,812.645709845775,0.0,0.0,0.0,0.0,0.0,0.0,0.0,0.0,11.549999999999997,10.999999999999964,12.024920274377351,11.41700370869713,45.99192398307444,407.11156576017197,386.9157250043025,172.81426364785708,164.61958865420476,234.29730211231487,222.29613635009775,794.0272907644744,0.012866338006937079,0.012265247126441912,0.015410406357236684,0.014566336756199406,0.0,0.9065496175386301,0.001259096691025875,3.4268963675213677,60.2,100.86441921770242,0.0,100.86441921770242,1.0,202.91295591410966,0.0,27.05927053540148,25.60093720206815,25.755313869416508,24.35531386941651,27.05927053540148,25.60093720206815,25.755313869416508,24.35531386941651,102.77083547630265,0.0,0.0,0.0,0.0,0.0,102.77083547630265,0.0,6.2324587715315865,0.0,71,12.58406668882732,20.707281434631305,8.123214745803987,12960.0,2055.4167095260527,2055.4167095260527,2055.4167095260527,6.2324587715315865,8.13887503013181,0.0,0.0,0.0,142.483192955654,143.17605290263464,1.0,0.0,138.08065066335513,113.75000000000001,106.91253561253563,133.28250477426704,0.0,0.0,812.645709845775,1.0,133.28250477426704,1.0,487.490678187055,148.0279174012468,0.0,59.7662500357884,2.7499221030316736,59.7662500357884
0.3768795577649097,0.10343148330827917,1.249180422386276,5.429487179487181,0.0,0.0,1.0,0.7142857142857143,0.7142857142857143,9.059116809116812,0.0,0.0,9.048958333333333,0.0,109.72711650259178,0.0,114.76465159357332,108.29463235737504,123.83748758994557,117.01133222831515,68.49294018102918,65.17202798870889,1.0,0.0,0.0,0.0,0.001985346197533433,0.0,0.0005625273557763691,0.0,0.0,0.0,0.0,0.0,0.0,0.0018031582651069202,0.0,0.0005028649759807572,0.0,0.0,0.0,1.0,0.0,0.0,0.0,0.0,1.0,0.0,0.0,1.0,0.0,1.0,0.0,0.0,4.0,1.0,357.0,1.0,0.0,0.0,180.0,1.0,0.0,1.0,0.0,30.0,258.0,69.0,357.0,0.0,1.0,43.7592047000071,0.0,18.0,1.0,1.0,39.94360811228302,0.0,1.0,0.20364503257249209,1.0,1.0,36.0,2765.7122396037175,5722.494026734721,2956.781787131004,0.0,0.0,144.86430222868577,0.0,2.0,2.0,2.0,1.9980146538024666,2.0,1.9994374726442237,2.0,2.0,2.0,2.0,2.0,2.0,1.9981968417348932,2.0,1.9994971350240194,2.0,2.0,2.0,2776.5496606128395,0.0,1.0,1128.5213721544653,1691.1663593619655,0.0,0.0,1.0,0.0,0.0,-601.2704525427171,0.0,601.2704525427171,0.0,0.0,0.0,0.0,0.0,0.0,0.0,0.0,5.774999999999999,5.499999999999979,11.49506605087597,10.882982616556234,33.65304866743218,409.7881607448957,389.0840015007651,173.68573635214292,165.38041134579524,236.10242439275282,223.7035901549699,798.8721622456609,0.024445774901492322,0.023299201983213863,0.008560198071022021,0.008088361336952192,0.0,7.784428951080429,0.010811706876500595,9.048958333333333,60.2,86.4647342266985,0.0,86.4647342266985,1.0,174.92782485582163,0.0,21.240661090865434,19.89899442419877,22.40933122651704,21.009331226517038,21.240661090865434,19.89899442419877,22.40933122651704,21.009331226517038,84.55831796809828,0.0,0.0,0.0,0.0,0.0,84.55831796809828,0.0,8.13887503013181,0.0,72,12.537796434812853,20.60508639383569,8.067289959022839,13140.0,1691.1663593619655,1691.1663593619655,1691.1663593619655,8.13887503013181,6.232458771531587,0.0,0.0,0.0,144.87320602081928,143.0156070721315,1.0,0.0,141.3310401969365,113.75000000000001,101.00541310541311,129.68555479323373,0.0,0.0,601.2704525427171,1.0,129.68555479323373,1.0,417.7585527327472,159.43911533938663,0.0,51.78989570025851,2.796227304660021,51.78989570025851
0.11068427707740935,0.004830236268552224,0.8472810675021794,1.8055555555555556,0.0,1.0,0.0,0.42857142857142855,0.42857142857142855,6.520370370370371,0.0,0.0,3.4268963675213677,0.0,130.48870270351324,0.0,114.03444545180118,107.54872931986415,123.26184378481565,116.40915306590033,68.49295956828101,65.172043235275,1.0,0.0,0.0,0.0,0.0010026091932020902,0.0,0.0010899696241914263,0.0,0.0,0.0,0.0,0.0,0.0,0.0009106751200155126,0.0,0.0009746127435177825,0.0,0.0,0.0,1.0,0.0,0.0,0.0,0.0,1.0,0.0,0.0,1.0,0.0,1.0,0.0,0.0,4.0,1.0,357.0,1.0,0.0,0.0,180.0,1.0,0.0,1.0,0.0,30.0,258.0,69.0,357.0,0.0,1.0,43.21728230000008,0.0,18.0,1.0,1.0,39.70136453822372,0.0,1.0,0.18625383212934699,1.0,1.0,36.0,2778.296306292545,5743.201308169353,2964.905001876808,0.0,0.0,162.2806704218209,0.0,2.0,2.0,2.0,1.998997390806798,2.0,1.9989100303758087,2.0,2.0,2.0,2.0,2.0,2.0,1.9990893248799846,2.0,1.9990253872564823,2.0,2.0,2.0,2759.6339552650434,0.0,1.0,1116.481463953972,2055.4167095260527,0.0,0.0,1.0,0.0,0.0,-812.645709845775,0.0,812.645709845775,0.0,0.0,0.0,0.0,0.0,0.0,0.0,0.0,11.549999999999997,10.999999999999964,12.024920274377351,11.41700370869713,45.99192398307444,407.11156576017197,386.9157250043025,172.81426364785708,164.61958865420476,234.29730211231487,222.29613635009775,794.0272907644744,0.012866338006937079,0.012265247126441873,0.015410406357236684,0.014566336756199406,0.0,0.9065496175386372,0.001259096691025885,3.4268963675213677,60.2,100.86441921770242,0.0,100.86441921770242,1.0,202.91295591410966,0.0,27.05927053540148,25.60093720206815,25.755313869416508,24.35531386941651,27.05927053540148,25.60093720206815,25.755313869416508,24.35531386941651,102.77083547630265,0.0,0.0,0.0,0.0,0.0,102.77083547630265,0.0,6.2324587715315865,0.0,73,12.584066688827322,20.707281434631152,8.12321474580383,13320.0,2055.4167095260527,2055.4167095260527,2055.4167095260527,6.2324587715315865,8.13887503013181,0.0,0.0,0.0,142.48319295565082,143.17605290263145,1.0,0.0,138.08065066335195,113.75000000000001,106.91253561253563,133.28250477426386,0.0,0.0,812.645709845775,1.0,133.28250477426386,1.0,487.490678187055,148.02791740124363,0.0,59.766250035787095,2.74992210303161,59.766250035787095
0.3768795577649097,0.10343148330827917,1.249180422386276,5.429487179487181,0.0,0.0,1.0,0.7142857142857143,0.7142857142857143,9.059116809116812,0.0,0.0,9.048958333333333,0.0,109.72711650259181,0.0,114.76465159357332,108.29463235737505,123.83748758994557,117.01133222831515,68.49294018102918,65.17202798870889,1.0,0.0,0.0,0.0,0.001985346197533433,0.0,0.0005625273557763691,0.0,0.0,0.0,0.0,0.0,0.0,0.0018031582651069202,0.0,0.0005028649759807572,0.0,0.0,0.0,1.0,0.0,0.0,0.0,0.0,1.0,0.0,0.0,1.0,0.0,1.0,0.0,0.0,4.0,1.0,357.0,1.0,0.0,0.0,180.0,1.0,0.0,1.0,0.0,30.0,258.0,69.0,357.0,0.0,1.0,42.374764599997434,0.0,18.0,1.0,1.0,39.94360811228302,0.0,1.0,0.20364503257249206,1.0,1.0,36.0,2790.8341027273577,5763.806394563188,2972.9722918358307,0.0,0.0,144.86430222868577,0.0,2.0,2.0,2.0,1.9980146538024666,2.0,1.9994374726442237,2.0,2.0,2.0,2.0,2.0,2.0,1.9981968417348932,2.0,1.9994971350240194,2.0,2.0,2.0,2776.5496606128395,0.0,1.0,1128.5213721544653,1691.1663593619655,0.0,0.0,1.0,0.0,0.0,-601.2704525427171,0.0,601.2704525427171,0.0,0.0,0.0,0.0,0.0,0.0,0.0,0.0,5.774999999999999,5.499999999999986,11.49506605087597,10.882982616556234,33.65304866743219,409.7881607448957,389.0840015007651,173.68573635214292,165.38041134579524,236.10242439275282,223.7035901549699,798.8721622456609,0.024445774901492322,0.023299201983213856,0.008560198071022021,0.008088361336952192,0.0,7.784428951080422,0.010811706876500586,9.048958333333333,60.2,86.4647342266985,0.0,86.4647342266985,1.0,174.92782485582163,0.0,21.240661090865434,19.89899442419877,22.40933122651704,21.009331226517038,21.240661090865434,19.89899442419877,22.40933122651704,21.009331226517038,84.55831796809828,0.0,0.0,0.0,0.0,0.0,84.55831796809828,0.0,8.13887503013181,0.0,74,12.53779643481285,20.60508639383553,8.06728995902268,13500.0,1691.1663593619655,1691.1663593619655,1691.1663593619655,8.13887503013181,6.232458771531587,0.0,0.0,0.0,144.87320602081616,143.01560707212832,1.0,0.0,141.33104019693337,113.75000000000001,101.00541310541311,129.6855547932306,0.0,0.0,601.2704525427171,1.0,129.6855547932306,1.0,417.7585527327472,159.4391153393835,0.0,51.78989570025726,2.7962273046599573,51.78989570025726
0.11068427707740935,0.004830236268552224,0.8472810675021794,1.8055555555555556,0.0,1.0,0.0,0.42857142857142855,0.42857142857142855,6.520370370370371,0.0,0.0,3.4268963675213677,0.0,130.48870270351324,0.0,114.03444545180118,107.54872931986415,123.26184378481565,116.40915306590033,68.49295956828101,65.172043235275,1.0,0.0,0.0,0.0,0.0010026091932020902,0.0,0.0010899696241914263,0.0,0.0,0.0,0.0,0.0,0.0,0.0009106751200155126,0.0,0.0009746127435177825,0.0,0.0,0.0,1.0,0.0,0.0,0.0,0.0,1.0,0.0,0.0,1.0,0.0,1.0,0.0,0.0,4.0,1.0,357.0,1.0,0.0,0.0,180.0,1.0,0.0,1.0,0.0,30.0,258.0,69.0,357.0,0.0,1.0,42.631080200008,0.0,18.0,1.0,1.0,39.701364538223714,0.0,1.0,0.18625383212934707,1.0,1.0,36.0,2803.4181694161853,5784.5136759978195,2981.0955065816343,0.0,0.0,162.2806704218209,0.0,2.0,2.0,2.0,1.998997390806798,2.0,1.9989100303758087,2.0,2.0,2.0,2.0,2.0,2.0,1.9990893248799846,2.0,1.9990253872564823,2.0,2.0,2.0,2759.6339552650434,0.0,1.0,1116.481463953972,2055.4167095260527,0.0,0.0,1.0,0.0,0.0,-812.645709845775,0.0,812.645709845775,0.0,0.0,0.0,0.0,0.0,0.0,0.0,0.0,11.549999999999997,10.999999999999964,12.024920274377351,11.41700370869713,45.99192398307444,407.11156576017197,386.9157250043025,172.81426364785708,164.61958865420476,234.29730211231487,222.29613635009775,794.0272907644744,0.012866338006937079,0.012265247126441912,0.015410406357236684,0.014566336756199406,0.0,0.9065496175386301,0.001259096691025875,3.4268963675213677,60.2,100.86441921770242,0.0,100.86441921770242,1.0,202.91295591410966,0.0,27.05927053540148,25.60093720206815,25.755313869416508,24.35531386941651,27.05927053540148,25.60093720206815,25.755313869416508,24.35531386941651,102.77083547630265,0.0,0.0,0.0,0.0,0.0,102.77083547630265,0.0,6.2324587715315865,0.0,75,12.58406668882732,20.707281434630993,8.123214745803672,13680.0,2055.4167095260527,2055.4167095260527,2055.4167095260527,6.2324587715315865,8.13887503013181,0.0,0.0,0.0,142.4831929556477,143.17605290262833,1.0,0.0,138.08065066334882,113.75000000000001,106.91253561253563,133.28250477426073,0.0,0.0,812.645709845775,1.0,133.28250477426073,1.0,487.490678187055,148.0279174012405,0.0,59.766250035785845,2.7499221030315457,59.766250035785845
0.3768795577649097,0.10343148330827917,1.249180422386276,5.429487179487181,0.0,0.0,1.0,0.7142857142857143,0.7142857142857143,9.059116809116812,0.0,0.0,9.048958333333333,0.0,109.72711650259178,0.0,114.76465159357332,108.29463235737504,123.83748758994557,117.01133222831515,68.49294018102918,65.17202798870889,1.0,0.0,0.0,0.0,0.001985346197533433,0.0,0.0005625273557763691,0.0,0.0,0.0,0.0,0.0,0.0,0.0018031582651069202,0.0,0.0005028649759807572,0.0,0.0,0.0,1.0,0.0,0.0,0.0,0.0,1.0,0.0,0.0,1.0,0.0,1.0,0.0,0.0,4.0,1.0,357.0,1.0,0.0,0.0,180.0,1.0,0.0,1.0,0.0,30.0,258.0,69.0,357.0,0.0,1.0,42.958006300003035,0.0,18.0,1.0,1.0,39.94360811228302,0.0,1.0,0.20364503257249209,1.0,1.0,36.0,2815.955965850998,5805.118762391655,2989.162796540657,0.0,0.0,144.86430222868577,0.0,2.0,2.0,2.0,1.9980146538024666,2.0,1.9994374726442237,2.0,2.0,2.0,2.0,2.0,2.0,1.9981968417348932,2.0,1.9994971350240194,2.0,2.0,2.0,2776.5496606128395,0.0,1.0,1128.5213721544653,1691.1663593619655,0.0,0.0,1.0,0.0,0.0,-601.2704525427171,0.0,601.2704525427171,0.0,0.0,0.0,0.0,0.0,0.0,0.0,0.0,5.774999999999999,5.499999999999979,11.49506605087597,10.882982616556234,33.65304866743218,409.7881607448957,389.0840015007651,173.68573635214292,165.38041134579524,236.10242439275282,223.7035901549699,798.8721622456609,0.024445774901492322,0.023299201983213863,0.008560198071022021,0.008088361336952192,0.0,7.784428951080429,0.010811706876500595,9.048958333333333,60.2,86.4647342266985,0.0,86.4647342266985,1.0,174.92782485582163,0.0,21.240661090865434,19.89899442419877,22.40933122651704,21.009331226517038,21.240661090865434,19.89899442419877,22.40933122651704,21.009331226517038,84.55831796809828,0.0,0.0,0.0,0.0,0.0,84.55831796809828,0.0,8.13887503013181,0.0,76,12.537796434812853,20.605086393835375,8.067289959022522,13860.0,1691.1663593619655,1691.1663593619655,1691.1663593619655,8.13887503013181,6.232458771531587,0.0,0.0,0.0,144.87320602081297,143.0156070721252,1.0,0.0,141.3310401969302,113.75000000000001,101.00541310541311,129.68555479322742,0.0,0.0,601.2704525427171,1.0,129.68555479322742,1.0,417.7585527327472,159.43911533938032,0.0,51.789895700255954,2.796227304659893,51.789895700255954
0.11068427707740935,0.004830236268552224,0.8472810675021794,1.8055555555555556,0.0,1.0,0.0,0.42857142857142855,0.42857142857142855,6.520370370370371,0.0,0.0,3.4268963675213677,0.0,130.48870270351324,0.0,114.03444545180118,107.54872931986415,123.26184378481565,116.40915306590033,68.49295956828101,65.172043235275,1.0,0.0,0.0,0.0,0.0010026091932020902,0.0,0.0010899696241914263,0.0,0.0,0.0,0.0,0.0,0.0,0.0009106751200155126,0.0,0.0009746127435177825,0.0,0.0,0.0,1.0,0.0,0.0,0.0,0.0,1.0,0.0,0.0,1.0,0.0,1.0,0.0,0.0,4.0,1.0,357.0,1.0,0.0,0.0,180.0,1.0,0.0,1.0,0.0,30.0,258.0,69.0,357.0,0.0,1.0,43.80663269999786,0.0,18.0,1.0,1.0,39.70136453822372,0.0,1.0,0.18625383212934699,1.0,1.0,36.0,2828.5400325398255,5825.826043826286,2997.2860112864605,0.0,0.0,162.2806704218209,0.0,2.0,2.0,2.0,1.998997390806798,2.0,1.9989100303758087,2.0,2.0,2.0,2.0,2.0,2.0,1.9990893248799846,2.0,1.9990253872564823,2.0,2.0,2.0,2759.6339552650434,0.0,1.0,1116.481463953972,2055.4167095260527,0.0,0.0,1.0,0.0,0.0,-812.645709845775,0.0,812.645709845775,0.0,0.0,0.0,0.0,0.0,0.0,0.0,0.0,11.549999999999997,10.999999999999964,12.024920274377351,11.41700370869713,45.99192398307444,407.11156576017197,386.9157250043025,172.81426364785708,164.61958865420476,234.29730211231487,222.29613635009775,794.0272907644744,0.012866338006937079,0.012265247126441873,0.015410406357236684,0.014566336756199406,0.0,0.9065496175386372,0.001259096691025885,3.4268963675213677,60.2,100.86441921770242,0.0,100.86441921770242,1.0,202.91295591410966,0.0,27.05927053540148,25.60093720206815,25.755313869416508,24.35531386941651,27.05927053540148,25.60093720206815,25.755313869416508,24.35531386941651,102.77083547630265,0.0,0.0,0.0,0.0,0.0,102.77083547630265,0.0,6.2324587715315865,0.0,77,12.584066688827322,20.707281434630836,8.123214745803514,14040.0,2055.4167095260527,2055.4167095260527,2055.4167095260527,6.2324587715315865,8.13887503013181,0.0,0.0,0.0,142.4831929556445,143.17605290262514,1.0,0.0,138.08065066334564,113.75000000000001,106.91253561253563,133.28250477425755,0.0,0.0,812.645709845775,1.0,133.28250477425755,1.0,487.490678187055,148.02791740123732,0.0,59.76625003578454,2.749922103031482,59.76625003578454
0.3768795577649097,0.10343148330827917,1.249180422386276,5.429487179487181,0.0,0.0,1.0,0.7142857142857143,0.7142857142857143,9.059116809116812,0.0,0.0,9.048958333333333,0.0,109.72711650259181,0.0,114.76465159357332,108.29463235737505,123.83748758994557,117.01133222831515,68.49294018102918,65.17202798870889,1.0,0.0,0.0,0.0,0.001985346197533433,0.0,0.0005625273557763691,0.0,0.0,0.0,0.0,0.0,0.0,0.0018031582651069202,0.0,0.0005028649759807572,0.0,0.0,0.0,1.0,0.0,0.0,0.0,0.0,1.0,0.0,0.0,1.0,0.0,1.0,0.0,0.0,4.0,1.0,357.0,1.0,0.0,0.0,180.0,1.0,0.0,1.0,0.0,30.0,258.0,69.0,357.0,0.0,1.0,41.77228930000274,0.0,18.0,1.0,1.0,39.94360811228302,0.0,1.0,0.20364503257249206,1.0,1.0,36.0,2841.077828974638,5846.43113022012,3005.3533012454827,0.0,0.0,144.86430222868577,0.0,2.0,2.0,2.0,1.9980146538024666,2.0,1.9994374726442237,2.0,2.0,2.0,2.0,2.0,2.0,1.9981968417348932,2.0,1.9994971350240194,2.0,2.0,2.0,2776.5496606128395,0.0,1.0,1128.5213721544653,1691.1663593619655,0.0,0.0,1.0,0.0,0.0,-601.2704525427171,0.0,601.2704525427171,0.0,0.0,0.0,0.0,0.0,0.0,0.0,0.0,5.774999999999999,5.499999999999986,11.49506605087597,10.882982616556234,33.65304866743219,409.7881607448957,389.0840015007651,173.68573635214292,165.38041134579524,236.10242439275282,223.7035901549699,798.8721622456609,0.024445774901492322,0.023299201983213856,0.008560198071022021,0.008088361336952192,0.0,7.784428951080422,0.010811706876500586,9.048958333333333,60.2,86.4647342266985,0.0,86.4647342266985,1.0,174.92782485582163,0.0,21.240661090865434,19.89899442419877,22.40933122651704,21.009331226517038,21.240661090865434,19.89899442419877,22.40933122651704,21.009331226517038,84.55831796809828,0.0,0.0,0.0,0.0,0.0,84.55831796809828,0.0,8.13887503013181,0.0,78,12.53779643481285,20.605086393835215,8.067289959022364,14220.0,1691.1663593619655,1691.1663593619655,1691.1663593619655,8.13887503013181,6.232458771531587,0.0,0.0,0.0,144.87320602080985,143.015607072122,1.0,0.0,141.33104019692706,113.75000000000001,101.00541310541311,129.6855547932243,0.0,0.0,601.2704525427171,1.0,129.6855547932243,1.0,417.7585527327472,159.4391153393772,0.0,51.789895700254704,2.7962273046598294,51.789895700254704
0.11068427707740935,0.004830236268552224,0.8472810675021794,1.8055555555555556,0.0,1.0,0.0,0.42857142857142855,0.42857142857142855,6.520370370370371,0.0,0.0,3.4268963675213677,0.0,130.48870270351324,0.0,114.03444545180118,107.54872931986415,123.26184378481565,116.40915306590033,68.49295956828101,65.172043235275,1.0,0.0,0.0,0.0,0.0010026091932020902,0.0,0.0010899696241914263,0.0,0.0,0.0,0.0,0.0,0.0,0.0009106751200155126,0.0,0.0009746127435177825,0.0,0.0,0.0,1.0,0.0,0.0,0.0,0.0,1.0,0.0,0.0,1.0,0.0,1.0,0.0,0.0,4.0,1.0,357.0,1.0,0.0,0.0,180.0,1.0,0.0,1.0,0.0,30.0,258.0,69.0,357.0,0.0,1.0,44.73416249999718,0.0,18.0,1.0,1.0,39.701364538223714,0.0,1.0,0.18625383212934707,1.0,1.0,36.0,2853.6618956634657,5867.138411654752,3013.4765159912863,0.0,0.0,162.2806704218209,0.0,2.0,2.0,2.0,1.998997390806798,2.0,1.9989100303758087,2.0,2.0,2.0,2.0,2.0,2.0,1.9990893248799846,2.0,1.9990253872564823,2.0,2.0,2.0,2759.6339552650434,0.0,1.0,1116.481463953972,2055.4167095260527,0.0,0.0,1.0,0.0,0.0,-812.645709845775,0.0,812.645709845775,0.0,0.0,0.0,0.0,0.0,0.0,0.0,0.0,11.549999999999997,10.999999999999964,12.024920274377351,11.41700370869713,45.99192398307444,407.11156576017197,386.9157250043025,172.81426364785708,164.61958865420476,234.29730211231487,222.29613635009775,794.0272907644744,0.012866338006937079,0.012265247126441912,0.015410406357236684,0.014566336756199406,0.0,0.9065496175386301,0.001259096691025875,3.4268963675213677,60.2,100.86441921770242,0.0,100.86441921770242,1.0,202.91295591410966,0.0,27.05927053540148,25.60093720206815,25.755313869416508,24.35531386941651,27.05927053540148,25.60093720206815,25.755313869416508,24.35531386941651,102.77083547630265,0.0,0.0,0.0,0.0,0.0,102.77083547630265,0.0,6.2324587715315865,0.0,79,12.58406668882732,20.707281434630676,8.123214745803356,14400.0,2055.4167095260527,2055.4167095260527,2055.4167095260527,6.2324587715315865,8.13887503013181,0.0,0.0,0.0,142.48319295564139,143.17605290262202,1.0,0.0,138.0806506633425,113.75000000000001,106.91253561253563,133.28250477425442,0.0,0.0,812.645709845775,1.0,133.28250477425442,1.0,487.490678187055,148.0279174012342,0.0,59.76625003578329,2.749922103031418,59.76625003578329
