boundary_queue_in_A_left,boundary_queue_in_A_top,boundary_queue_in_B_top,boundary_queue_in_C_right,boundary_queue_in_C_top,boundary_queue_in_D_left,boundary_queue_in_F_right,boundary_queue_out_A_left,boundary_queue_out_A_top,boundary_queue_out_B_top,boundary_queue_out_C_right,boundary_queue_out_C_top,boundary_queue_out_D_left,boundary_queue_out_F_right,flow_FW_E_mean,flow_FW_W_mean,freeway_vehicles,lambda_eff_FW_E_last,lambda_eff_FW_E_mean,lambda_eff_FW_W_last,lambda_eff_FW_W_mean,movement_queue_A_E_to_N,movement_queue_A_E_to_S,movement_queue_A_E_to_W,movement_queue_A_N_to_E,movement_queue_A_N_to_S,movement_queue_A_N_to_W,movement_queue_A_S_to_E,movement_queue_A_S_to_N,movement_queue_A_S_to_W,movement_queue_A_W_to_E,movement_queue_A_W_to_N,movement_queue_A_W_to_S,movement_queue_B_E_to_N,movement_queue_B_E_to_S,movement_queue_B_E_to_W,movement_queue_B_N_to_E,movement_queue_B_N_to_S,movement_queue_B_N_to_W,movement_queue_B_S_to_E,movement_queue_B_S_to_N,movement_queue_B_S_to_W,movement_queue_B_W_to_E,movement_queue_B_W_to_N,movement_queue_B_W_to_S,movement_queue_C_E_to_N,movement_queue_C_E_to_S,movement_queue_C_E_to_W,movement_queue_C_N_to_E,movement_queue_C_N_to_S,movement_queue_C_N_to_W,movement_queue_C_S_to_E,movement_queue_C_S_to_N,movement_queue_C_S_to_W,movement_queue_C_W_to_E,movement_queue_C_W_to_N,movement_queue_C_W_to_S,movement_queue_D_E_to_N,movement_queue_D_E_to_W,movement_queue_D_E_to_onE,movement_queue_D_E_to_onW,movement_queue_D_N_to_E,movement_queue_D_N_to_W,movement_queue_D_N_to_onE,movement_queue_D_N_to_onW,movement_queue_D_W_to_E,movement_queue_D_W_to_N,movement_queue_D_W_to_onE,movement_queue_D_W_to_onW,movement_queue_D_offE_to_E,movement_queue_D_offE_to_N,movement_queue_D_offE_to_W,movement_queue_D_offW_to_E,movement_queue_D_offW_to_N,movement_queue_D_offW_to_W,movement_queue_E_E_to_N,movement_queue_E_E_to_W,movement_queue_E_N_to_E,movement_queue_E_N_to_W,movement_queue_E_W_to_E,movement_queue_E_W_to_N,movement_queue_F_E_to_N,movement_queue_F_E_to_W,movement_queue_F_E_to_onE,movement_queue_F_E_to_onW,movement_queue_F_N_to_E,movement_queue_F_N_to_W,movement_queue_F_N_to_onE,movement_queue_F_N_to_onW,movement_queue_F_W_to_E,movement_queue_F_W_to_N,movement_queue_F_W_to_onE,movement_queue_F_W_to_onW,movement_queue_F_offE_to_E,movement_queue_F_offE_to_N,movement_queue_F_offE_to_W,movement_queue_F_offW_to_E,movement_queue_F_offW_to_N,movement_queue_F_offW_to_W,ramp_queue_R_D_E,ramp_queue_R_D_W,ramp_queue_R_F_E,ramp_queue_R_F_W,rho_FW_E_mean,rho_FW_W_mean,speed_FW_E_mean,speed_FW_W_mean,step,storage_available_A_left_out,storage_available_A_to_B,storage_available_A_to_D,storage_available_A_top_out,storage_available_B_to_A,storage_available_B_to_C,storage_available_B_to_E,storage_available_B_top_out,storage_available_C_right_out,storage_available_C_to_B,storage_available_C_to_F,storage_available_C_top_out,storage_available_D_R_E,storage_available_D_R_W,storage_available_D_left_out,storage_available_D_to_A,storage_available_D_to_E,storage_available_E_to_B,storage_available_E_to_D,storage_available_E_to_F,storage_available_F_R_E,storage_available_F_R_W,storage_available_F_right_out,storage_available_F_to_C,storage_available_F_to_E,storage_available_OR_D_E_storage,storage_available_OR_D_W_storage,storage_available_OR_F_E_storage,storage_available_OR_F_W_storage,time_sec,urban_protected_accumulation_veh,urban_vehicles
5.923076923076924,0.0,0.0,4.355555555555557,0.0,8.076923076923078,4.977777777777778,0.3645833333333333,1.6630608974358978,6.182725694444445,0.3645833333333333,1.271180555555556,0.0,0.0,951.717949245777,907.1437129017169,71.07234054778726,2.0,2.0,2.0,2.0,0.18229166666666666,0.18229166666666666,0.3645833333333333,0.0,0.0,0.0,0.0,0.0,0.0,2.961538461538462,1.480769230769231,1.480769230769231,3.114149305555556,3.114149305555556,6.228298611111112,0.0,0.0,0.0,0.0,0.0,0.0,6.137152777777778,3.068576388888889,3.068576388888889,1.0888888888888892,1.0888888888888892,2.1777777777777785,0.0,0.0,0.0,0.0,0.0,0.0,0.3645833333333333,0.18229166666666666,0.18229166666666666,0.0,0.0,2.5666666666666678,2.3333333333333335,0.0,0.0,0.0,0.0,4.038461538461539,2.0192307692307696,1.0096153846153848,1.0096153846153848,0.0,0.0,0.0,0.0,0.0,0.0,0.0,0.0,0.0,0.0,0.0,0.0,1.2444444444444445,2.488888888888889,0.6222222222222222,0.6222222222222222,0.0,0.0,0.0,0.0,0.0,0.0,2.683333333333333,2.4499999999999997,0.0,0.0,0.0,0.0,0.0,0.0,0.4894764957264957,0.4505876068376069,0.4925925925925927,0.4537037037037037,4.432595279635143,4.215652238980714,108.33491578326786,108.54415973274331,0,219.87112713675214,209.42483298708933,213.7127403846154,219.9158653846154,214.71788194444454,214.78298611111123,212.25043402777763,220.0,219.86122685185185,210.45253327035795,212.6586805555555,219.94814814814814,180.0,180.0,219.96915064102564,216.53705313394352,207.53695605415123,203.67154360787458,205.48308882591357,205.688454781961,180.0,180.0,219.9773148148148,211.99049471331264,206.55837307308053,59.706737291182876,59.72042043393697,59.4569416271789,59.493053598782616,180.0,161.18034966271446,59.55590277777778
0.0,4.166666666666667,5.0,0.0,5.416666666666668,0.0,0.0,2.5071549417657097,2.9309765501980856,4.0458258378501535,3.01101393457234,3.3136945358113463,1.0715227697649572,1.2341001157407412,1158.252361839875,1097.4713151826218,84.9357947752259,2.0,1.998425292114919,2.0,1.9985767669151306,0.0,0.0,0.0,1.0416666666666667,2.0833333333333335,1.0416666666666667,1.4654882750990428,2.9309765501980856,1.4654882750990428,0.0,0.0,0.0,0.0,0.0,0.0,1.25,2.5,1.25,2.0229129189250767,4.0458258378501535,2.0229129189250767,0.0,0.0,0.0,0.0,0.0,0.0,1.354166666666667,2.708333333333334,1.354166666666667,1.6568472679056732,3.3136945358113463,1.6568472679056732,0.0,0.0,0.0,0.0,0.0,0.0,0.0,1.0715227697649572,1.0715227697649572,3.6381894364316243,3.404856103098291,0.0,0.0,0.0,0.0,0.0,0.0,0.0,0.0,0.0,0.0,0.0,0.0,0.0,0.0,0.0,0.0,0.0,0.0,0.0,0.0,1.2341001157407412,1.2341001157407412,3.917433449074074,3.6841001157407405,0.0,0.0,0.0,0.0,0.0,0.0,0.0,0.0,0.0,0.0,0.627064649035497,0.5881757601466081,0.6036558099668593,0.5647669210779704,5.310077414110957,5.016109304941034,109.58747598800105,109.88886809394147,1,219.70486111111111,212.4804579362197,211.70032432552654,219.7290331196581,212.89110266465087,212.7912790091033,213.4313617770479,219.95008680555557,219.70486111111111,214.06291211683265,212.0306124578529,219.76168981481482,180.0,180.0,219.87592943804606,210.41142959449652,210.41723419685664,209.8046592719425,208.37935551395302,207.2489344071093,180.0,180.0,219.91247789973372,211.64928088994625,213.38866370956111,56.643992399817954,56.80290306717733,55.3191308814533,55.56356094388308,360.0,145.86569244760088,54.42015205640863
5.923076923076924,0.0,0.0,4.355555555555557,0.0,8.076923076923078,4.977777777777778,1.928097647429968,2.444818054484215,3.0213973125522666,2.291054497426597,2.234416137602188,2.679434994557402,3.3526725844850156,1133.9764255475543,1072.2715222704735,82.79052392086386,2.0,2.0,2.0,2.0,0.964048823714984,0.964048823714984,1.928097647429968,0.0,0.0,0.0,0.0,0.0,0.0,2.961538461538462,1.480769230769231,1.480769230769231,1.3620602187664848,1.3620602187664848,2.7241204375329695,0.0,0.0,0.0,0.0,0.0,0.0,3.3186741875715637,1.6593370937857819,1.6593370937857819,1.0888888888888892,1.0888888888888892,2.1777777777777785,0.0,0.0,0.0,0.0,0.0,0.0,2.291054497426597,1.1455272487132986,1.1455272487132986,1.339717497278701,2.679434994557402,3.2365254153060183,3.0031920819726845,0.0,0.0,0.0,0.0,4.038461538461539,2.0192307692307696,1.0096153846153848,1.0096153846153848,0.0,0.0,0.0,0.0,0.0,0.0,0.0,0.0,0.0,0.0,0.0,0.0,1.2444444444444445,2.488888888888889,0.6222222222222222,0.6222222222222222,0.0,0.0,0.0,0.0,3.3526725844850156,1.6763362922425078,3.521501479454587,3.2881681461212535,0.0,0.0,0.0,0.0,0.0,0.0,0.4965294471153846,0.4576405582264957,0.4988867929012869,0.459997904012398,5.203296015912428,4.906387636413609,109.46587561209326,109.7512541505385,2,219.85432378228046,212.98690179445114,213.6948417041959,219.88225867567198,212.4579954509929,212.72876669760922,213.03464141117541,219.86401353276352,219.84625519004655,212.66756247092655,212.6840052390101,219.91820482453758,180.0,180.0,219.9656241653312,213.01459667430854,212.5530975161506,208.64172080091197,210.54288098465577,209.82074675593861,180.0,180.0,219.9746021412037,211.78290175882069,211.78904056363507,59.50553373899643,59.52919521445947,59.27998897381822,59.33128499499675,540.0,141.8670727738684,65.95477536467371
0.0,4.166666666666667,5.0,0.0,5.416666666666668,0.0,0.0,2.5077815547080764,2.932229776082819,3.127814759954661,2.950099744711071,3.1918661560888077,1.229727165104703,1.3916265462827042,1134.676663658342,1073.1352739492536,83.21441908142184,2.0,1.9983872161631429,2.0,1.9985451069606213,0.0,0.0,0.0,1.0416666666666667,2.0833333333333335,1.0416666666666667,1.4661148880414094,2.932229776082819,1.4661148880414094,0.0,0.0,0.0,0.0,0.0,0.0,1.25,2.5,1.25,1.5639073799773304,3.127814759954661,1.5639073799773304,0.0,0.0,0.0,0.0,0.0,0.0,1.354166666666667,2.708333333333334,1.354166666666667,1.5959330780444039,3.1918661560888077,1.5959330780444039,0.0,0.0,0.0,0.0,0.0,0.0,0.0,1.229727165104703,1.229727165104703,3.7963938317713706,3.563060498438037,0.0,0.0,0.0,0.0,0.0,0.0,0.0,0.0,0.0,0.0,0.0,0.0,0.0,0.0,0.0,0.0,0.0,0.0,0.0,0.0,1.3916265462827042,1.3916265462827042,4.074959879616038,3.8416265462827033,0.0,0.0,0.0,0.0,0.0,0.0,0.0,0.0,0.0,0.0,0.6462405647194529,0.6073516758305639,0.6016117304288855,0.5627228415399966,5.201593071591319,4.9050871958456215,109.61857941646704,109.90913474791918,3,219.91392004985755,212.05717043382919,213.08771310346697,219.83356258903135,213.6468974129352,213.23109902763207,213.14371688125223,219.95008680555557,219.91392004985755,213.5290855840359,213.3891659022534,219.86621928418805,180.0,180.0,219.92763065887715,211.83693402388127,210.2980648773371,208.88225729254597,210.172352750693,209.25377544423336,180.0,180.0,219.91470402524303,212.63251071283835,213.16969069333655,56.62468437592663,56.78549274622502,55.322460963568275,55.57478444707378,720.0,136.09605120414656,53.605902896468876
5.923076923076924,0.0,0.0,4.355555555555557,0.0,8.076923076923078,4.977777777777778,2.108513860401191,2.5350261609698266,2.853888747760192,2.4438359527963467,2.310806865287063,2.6691718023907396,3.34100508346659,1125.0778211285271,1063.4413366028812,82.07770174309151,2.0,2.0,2.0,2.0,1.0542569302005955,1.0542569302005955,2.108513860401191,0.0,0.0,0.0,0.0,0.0,0.0,2.961538461538462,1.480769230769231,1.480769230769231,1.2999629268021144,1.2999629268021144,2.599925853604229,0.0,0.0,0.0,0.0,0.0,0.0,3.107851641916155,1.5539258209580775,1.5539258209580775,1.0888888888888892,1.0888888888888892,2.1777777777777785,0.0,0.0,0.0,0.0,0.0,0.0,2.4438359527963467,1.2219179763981733,1.2219179763981733,1.3345859011953698,2.6691718023907396,3.233959617264353,3.000626283931019,0.0,0.0,0.0,0.0,4.038461538461539,2.0192307692307696,1.0096153846153848,1.0096153846153848,0.0,0.0,0.0,0.0,0.0,0.0,0.0,0.0,0.0,0.0,0.0,0.0,1.2444444444444445,2.488888888888889,0.6222222222222222,0.6222222222222222,0.0,0.0,0.0,0.0,3.34100508346659,1.670502541733295,3.5185846041999804,3.285251270866647,0.0,0.0,0.0,0.0,0.0,0.0,0.49865830664615474,0.45976941775726576,0.4998176964688119,0.4609288075799231,5.1578892072452005,4.8619267320847195,109.54866407004276,109.82932636478557,4,219.8534979747133,213.07801996610257,213.80112567801405,219.8806070605377,212.303866808887,212.5483405005976,213.04480577878329,219.86401353276352,219.84598071587772,212.82434470443474,212.7893550665022,219.9176558761999,180.0,180.0,219.9656241653312,212.77883661362642,212.36674718044875,208.90660218945177,210.46279373635255,209.8922062877645,180.0,180.0,219.9746021412037,211.7422408933511,211.9609392931634,59.505676962782275,59.52935062004512,59.28976836821652,59.340960182906244,900.0,141.7333137821149,65.90727505581718
0.0,3.1250000000000004,3.333333333333333,0.0,4.0625,0.0,0.0,2.0210283352766942,2.4795566705533885,0.9693553640114427,2.492431457252307,2.953612914504614,1.1969385030339088,1.0712591383192276,1189.6832063243992,1129.2428467002587,87.1286147383014,2.0,1.9991329741582633,2.0,1.9992115045834862,0.0,0.0,0.0,0.7812500000000001,1.5625000000000002,0.7812500000000001,1.2397783352766942,2.4795566705533885,1.2397783352766942,0.0,0.0,0.0,0.0,0.0,0.0,0.8333333333333333,1.6666666666666665,0.8333333333333333,0.48467768200572137,0.9693553640114427,0.48467768200572137,0.0,0.0,0.0,0.0,0.0,0.0,1.015625,2.03125,1.015625,1.476806457252307,2.953612914504614,1.476806457252307,0.0,0.0,0.0,0.0,0.0,0.0,0.0,1.1969385030339088,1.1969385030339088,3.5497162808116864,3.3358273919227983,0.0,0.0,0.0,0.0,0.0,0.0,0.0,0.0,0.0,0.0,0.0,0.0,0.0,0.0,0.0,0.0,0.0,0.0,0.0,0.0,1.0712591383192276,1.0712591383192276,3.126763166940604,2.9323187224961593,0.0,0.0,0.0,0.0,0.0,0.0,0.0,0.0,0.0,0.0,0.6475984566052284,0.6087095677163394,0.6013127199359237,0.5624238310470349,5.445476961434925,5.146924760828771,109.64672328881164,110.05054008980386,5,219.86250445156696,212.25227602918537,212.96600753988622,219.80785478988605,212.54119868042793,211.94591028227654,212.67458816474243,219.95008680555557,219.86250445156696,213.34330317022932,213.04110243988697,219.84051148504275,180.0,180.0,219.922031446463,211.6007973309711,210.20555026691338,208.50705655933956,209.71638408091997,208.86116020045293,180.0,180.0,219.91589492211085,212.17076071570906,212.71882799775346,57.116546623737165,57.253917399775005,56.610935067182865,56.77668414296371,1080.0,135.63513336995882,40.806904076349745
10.864957264957265,0.0,0.0,7.015555555555557,0.0,18.20299145299145,9.068888888888889,1.577993968289544,3.4543815995293876,2.485685747907496,1.4189973514804273,2.4517208979624363,2.3583618652822445,2.799688227790925,2059.5690294676365,1955.4695834851555,164.77403862550037,2.0,2.0,2.0,2.0,0.788996984144772,0.788996984144772,1.577993968289544,0.0,0.0,0.0,0.0,0.0,0.0,5.534188034188034,2.6653846153846157,2.6653846153846157,0.6921851899231091,0.6921851899231091,1.447460361480639,0.0,0.0,0.0,0.0,0.0,0.0,3.5870011159687736,1.7935005579843868,1.7935005579843868,1.7422222222222226,1.7422222222222226,3.531111111111112,0.0,0.0,0.0,0.0,0.0,0.0,1.4189973514804273,0.7094986757402136,0.7094986757402136,1.1791809326411222,2.3583618652822445,6.444188101292734,5.8841881012927315,0.0,0.0,0.0,0.0,9.303418803418802,4.457264957264957,2.2211538461538463,2.2211538461538463,0.0,0.0,0.0,0.0,0.0,0.0,0.0,0.0,0.0,0.0,0.0,0.0,2.24,4.588888888888889,1.12,1.12,0.0,0.0,0.0,0.0,2.799688227790925,1.3998441138954625,5.708079701643253,5.2414130349765875,0.0,0.0,0.0,0.0,0.0,0.0,2.0815011041078972,1.988167770774564,1.3444091697503089,1.2508333333333337,10.21033213988564,9.553308766056144,102.463003143303,103.64285157068983,6,219.52604039879117,203.1752124636331,207.24355392464133,219.468747464249,205.94588874982165,205.89344701231548,206.6065298103446,219.86401353276352,219.59743203428357,200.5578318023871,201.7469730850331,219.7365307352338,180.0,180.0,219.75998120226967,210.7329928237009,203.22984596487765,204.86684431637957,205.34329159573494,204.33554999241866,180.0,180.0,219.86458333333334,209.1443328894708,205.76285263090807,59.19585153140372,59.23021069308476,58.885272199632645,58.92020010468223,1260.0,231.33441498982305,92.16715285401257
2.7431623931623967,12.145833333333334,11.097222222222225,0.8711111111111103,12.086805555555557,12.175213675213673,0.0,5.62587255429796,5.377276671330783,1.3401097219140032,5.266219929417945,4.528967636613667,2.8438616469750144,2.0465480715736657,3136.923174490906,3070.045863134251,302.6770301050698,2.0,1.994018155268691,2.0,1.9944333143722743,0.0,0.0,0.0,2.96875,6.208333333333334,2.96875,2.6571225542979593,5.377276671330783,2.6571225542979593,2.7431623931623967,0.0,0.0,0.0,0.0,0.23286686491730202,2.770833333333334,5.555555555555557,2.770833333333334,0.6700548609570016,1.3401097219140032,0.6700548609570016,1.027946261354581,0.0,0.0,0.0,0.0,0.8711111111111103,3.0017361111111116,6.083333333333335,3.0017361111111116,2.2644838183068337,4.528967636613667,2.2644838183068337,0.0,0.0,0.0,0.0,0.0,0.31513745221419875,0.0,2.8438616469750144,2.8438616469750144,15.588623260213033,12.928623260213024,12.175213675213673,0.0,0.0,0.0,0.0,0.0,0.0,0.0,0.0,0.0,0.0,0.0,0.0,0.0,0.0,0.0,0.0,0.0,0.0,0.0,2.0465480715736657,2.0465480715736657,14.901046728826486,12.388824506604257,0.0,0.0,3.652345574423026,2.026790018867466,0.0,0.0,0.0,0.0,0.0,0.0,11.095488694469537,8.054891725718473,5.36,5.36,17.341038268761793,16.84813973140882,92.61165863281359,93.3113962452578,7,218.69700065859053,196.3945603165937,194.85124925151177,218.879590072885,198.05058939822624,198.44691996320805,191.11935709606863,218.82887906754135,218.45394510303498,199.42604683366142,190.8240075194455,218.88215773670268,180.0,180.0,219.84114583333334,197.06285227403762,194.6811173282233,190.79924277504213,196.60742504245954,195.42747431432502,180.0,180.0,219.81499530056743,199.34115107727825,197.4277108803549,52.35178831189859,52.69582455815268,51.43411556746782,51.63993497642515,1440.0,379.61389121726,146.39204815231108
19.04957264957266,0.0,0.0,12.714074074074073,0.0,9.991452991452974,14.591111111111115,3.7528465466497654,6.176636948538558,4.590883309242203,3.7528465466497654,4.979756606658215,4.200763012911484,9.799315772248262,3681.8422570358775,3568.590834551587,374.90810433441317,2.0,1.9980711356502288,2.0,1.9982357111448672,1.8764232733248827,1.8764232733248827,3.7528465466497654,0.0,0.0,0.0,0.0,0.0,0.0,10.449145299145307,4.3002136752136755,4.3002136752136755,2.0501225748405267,2.0501225748405267,4.489134038569943,0.0,0.0,0.0,0.0,0.0,0.0,5.1660567586677795,2.540760734401677,2.540760734401677,3.103333333333333,3.103333333333333,6.507407407407407,0.0,0.0,0.0,0.0,0.0,0.0,3.7528465466497654,1.8764232733248827,1.8764232733248827,0.0,0.0,0.0,0.0,4.200763012911484,4.200763012911484,43.17959460645785,37.85959460645782,9.991452991452974,0.0,0.0,0.0,0.0,0.0,0.0,0.0,0.0,0.0,0.0,0.0,0.7777777777777779,0.7777777777777779,0.0,0.0,3.551851851851853,7.492592592592595,1.7733333333333339,1.7733333333333339,0.0,0.0,21.501271364024117,16.32904914180188,9.799315772248262,4.752088441679687,14.969434284069528,10.74438423443818,0.0,0.0,0.0,0.0,0.0,0.0,6.1994416032563855,5.3127749365897206,6.013333333333328,3.8888888888888893,22.7165361693521,21.5011498543851,83.36805612704866,85.34419572265354,8,219.67013888888889,192.0007210497281,198.9734522422099,220.0,190.90334097010364,188.77918204106845,194.18616346612893,218.83074074074074,219.3711362672268,192.26593943122316,196.70598017430132,218.76188786145244,180.0,180.0,213.2176072713382,187.86392843196683,178.15695488094497,188.9547445930658,192.49367378170948,190.99264500149874,180.0,180.0,217.13425948019042,198.46552533500804,188.21870392463447,52.9379336039365,53.24814517491423,57.96827832163574,58.060720835882016,1620.0,472.41010356419815,259.2863684610879
4.932905982906002,12.145833333333334,11.097222222222225,0.0,15.986111111111116,12.863247863247844,0.0,8.418549324755075,9.448986472418767,6.599947771503407,9.37295905677647,8.279533028015848,3.596945864467347,6.988873665074264,3736.4321184988066,3624.5651787628212,434.1783808546778,2.0,1.9877331383674173,2.0,1.9888738699503326,0.0,0.0,0.7253060885456908,2.96875,6.208333333333334,2.96875,4.724493236209383,9.448986472418767,4.724493236209383,4.932905982906002,0.0,0.0,0.0,0.0,2.6596290870826422,2.770833333333334,5.555555555555557,2.770833333333334,2.375147538460357,6.599947771503407,2.375147538460357,5.63406545683313,0.0,0.0,0.0,0.0,0.0,3.8993055555555567,8.187500000000002,3.8993055555555567,4.129789662156071,8.279533028015848,4.129789662156071,1.3438638390648416,0.0,0.0,0.0,0.0,2.6320251123674314,0.8586917790340978,3.596945864467347,3.596945864467347,62.887056527251886,54.90705652725189,12.863247863247844,0.0,0.0,0.0,0.0,0.0,0.0,0.0,0.0,0.0,0.3949955406227559,0.3949955406227559,0.0,0.0,0.0,0.0,0.0,0.0,0.0,0.0,2.9010421407315916,2.9010421407315916,38.70385802973194,30.871635807509772,4.087831524342673,0.0,14.598804595523516,7.713754545892122,0.0,0.0,0.0,0.0,0.0,0.0,15.242254273504276,15.242254273504276,20.21333333333334,15.5888888888889,23.83742706760298,22.395847095427005,81.26389242495135,83.77720571218558,9,218.05555555555554,198.3418810373668,193.05222409247952,218.7945722106261,195.93295143048599,195.932951430486,189.6033049788342,216.10330497883396,218.05555555555554,197.41582375772794,190.6789708582461,218.91866765222153,180.0,180.0,219.97194057747168,191.10055506939008,192.61871313608322,182.9374078052301,188.6242129924661,186.07032450139963,180.0,180.0,218.05555555555554,194.26774624246954,195.84060393376888,48.43467469702329,49.037719381048774,48.62206575858507,49.10384519824128,1800.0,474.65116788084794,345.2221946704852
21.239316239316267,0.0,0.0,12.714074074074073,0.9791666666666712,47.163995726495706,14.591111111111115,5.863466542631505,10.541038748883107,5.213051997581281,5.863466542631505,8.251289650611247,9.950253056834478,10.68337100826832,3740.137703055525,3663.1084421222577,489.25797743247836,2.0,2.0,2.0,2.0,2.9228675305750116,2.9228675305750116,5.863466542631505,0.0,0.0,0.0,0.0,3.317957543094421,0.0,12.638888888888916,4.3002136752136755,4.3002136752136755,2.7312314249505234,2.7312314249505234,5.774094794345491,0.0,0.0,0.0,0.0,0.010764223588053401,0.0,6.5655435404603155,2.471056349042704,2.471056349042704,3.103333333333333,3.103333333333333,6.507407407407407,0.0,0.9791666666666712,0.0,0.0,2.2250887867029014,0.0,5.863466542631505,2.9228675305750116,2.9228675305750116,4.461995564878665,9.398667055683255,14.525837597095528,10.633000097254145,0.5515860011512236,0.5515860011512236,67.91444556867373,57.274445568673606,34.0128205128205,6.895299145299144,3.127938034188034,3.127938034188034,0.0,0.0,0.0,0.0,0.0,0.0,0.0,0.0,0.7777777777777779,0.7777777777777779,0.0,0.0,3.551851851851853,7.492592592592595,1.7733333333333339,1.7733333333333339,0.0,0.0,45.877287332246645,35.38506511002453,10.68337100826832,4.330190009323109,27.296022799838283,17.75097275020687,0.0,0.0,0.0,0.0,0.0,0.0,32.40170940420937,26.861213568217416,30.866666666666596,23.742222222222217,23.884020200733104,23.039250495662245,81.0202553118106,82.42626768071263,10,219.41821639671852,189.34099732196267,198.60794143625392,218.05555555555554,190.60552801406828,189.6060850444052,192.37465948774587,218.05555555555554,218.87009449553733,192.31898338442477,195.83470269871884,218.05555555555554,180.0,180.0,219.61111111111111,196.5902963041558,187.62388573375628,188.6181157209334,191.13553776096018,192.0400739843749,180.0,180.0,215.93485024105524,197.3831221296845,187.019294685499,58.16948279114244,58.257779743223146,57.916585795994756,57.94149287200218,1980.0,486.14921622171954,456.59411948142923
7.122649572649609,12.145833333333334,11.097222222222225,0.0,15.986111111111116,32.606837606837615,0.0,7.878146657359514,8.289636361143252,3.7820796080657706,9.462109101641836,8.540691577961656,4.31389657763339,5.083149571355742,3731.193223545013,3663.126046929634,564.5359957907086,2.0,1.9861391550281442,2.0,1.987012724511854,0.0,0.0,0.8776073714848709,2.96875,6.208333333333334,2.96875,4.031789285874643,8.289636361143252,4.031789285874643,7.122649572649609,0.0,0.0,0.0,0.0,3.2129573015241224,2.770833333333334,5.555555555555557,2.770833333333334,1.8118347932880448,3.7820796080657706,1.8118347932880448,7.631581133910094,0.0,0.0,0.0,0.0,0.0,3.8993055555555567,8.187500000000002,3.8993055555555567,4.270345788980828,8.540691577961656,4.270345788980828,1.2924577571054512,0.0,0.0,0.0,0.0,4.018116919367719,0.0,4.31389657763339,4.31389657763339,90.73566234279943,77.4356623427993,32.606837606837615,0.0,0.0,0.0,0.0,0.0,0.0,0.0,0.0,0.0,0.6252672109003068,0.6252672109003068,0.0,0.0,0.0,0.0,0.0,0.0,0.0,0.0,2.9402851939838928,2.9402851939838928,63.77234521567616,50.620122993454075,2.1428643773718488,0.0,26.292562808780858,14.08751275914946,0.0,0.0,0.0,0.0,0.0,0.0,58.92815171440178,46.477935296061126,45.066666666666684,35.442222222222206,24.09615693241326,23.512644860513237,80.67878660630298,81.56443916050343,11,218.05555555555554,197.14055016349008,192.89813363619484,218.73146696952819,196.77857276703207,196.7785727670321,189.46314065453552,215.9631406545352,218.05555555555554,197.64752656613533,190.62673408441074,218.8572041022694,180.0,180.0,219.77445601851852,191.38100769271384,191.47564953404773,183.7457575291825,188.44552299042627,187.7694286677569,180.0,180.0,218.05555555555554,195.09614849924492,195.56228625359725,47.196410796639135,47.806396728437534,48.70790479177385,48.84800679064837,2160.0,469.4547469725711,477.6773524180702
23.429059829059877,0.0,1.8333333333333324,12.714074074074073,0.9791666666666712,67.57318376068378,14.591111111111115,5.7924850065108835,9.782931377504031,5.777357283997482,5.7924850065108835,7.918770635109822,9.41551257942175,9.058151468310639,3739.939497748686,3673.9213072847297,617.1241679107354,2.0,2.0,2.0,2.0,2.8266128736258125,2.8266128736258125,5.7924850065108835,0.0,0.0,0.0,0.0,2.6561048286645423,0.0,14.828632478632526,4.3002136752136755,4.3002136752136755,2.3494247514308464,2.3494247514308464,4.698849502861693,0.0,1.8333333333333324,0.0,0.0,1.0508690205310518,0.0,4.754127024071166,2.377063512035583,2.377063512035583,3.103333333333333,3.103333333333333,6.507407407407407,0.0,0.9791666666666712,0.0,0.0,1.9888244281506762,0.0,5.7924850065108835,2.8266128736258125,2.8266128736258125,4.56018684526643,9.41551257942175,16.783880386117744,11.24212920749076,0.0,0.0,93.42895852042679,77.4689585204267,54.53418803418805,6.6447649572649565,3.1971153846153846,3.1971153846153846,0.0,0.0,0.0,0.0,0.0,0.0,0.0,0.0,0.9722222222222221,0.9722222222222221,0.0,0.0,3.551851851851853,7.492592592592595,1.7733333333333339,1.7733333333333339,0.0,0.0,70.90598237811574,55.09376015589343,9.058151468310639,4.381506289710876,38.75296482984409,23.887914780212775,0.0,0.0,0.0,0.0,0.0,0.0,77.57398505023502,59.612402889278776,55.720000000000105,43.59555555555543,23.997703308693893,23.580074743264365,80.75484376656223,81.30897791244121,12,219.67013888888889,189.01210339912333,198.365018144388,218.05555555555554,190.7154446402632,187.8595322490951,194.78272664609858,218.05555555555554,218.98822667481343,192.43711556370033,195.36485380167838,218.05555555555554,180.0,180.0,219.4411591880342,196.1787520838963,187.54153659096048,187.10193354173404,190.8981007069232,190.34819068059556,180.0,180.0,215.97964202764908,197.2977318229677,187.06408647209244,58.16981812822149,58.257277443553484,57.92010571456315,57.94289768272541,2340.0,483.64001467632244,585.537452019348
13.48758234386708,11.875,11.083333333333336,0.0,15.439583333333335,62.228205128205246,0.0,6.9256233318874845,8.087381364111645,3.657865081381583,8.898019047834971,8.036096293210786,3.943342357882673,5.06050089075882,3734.0260131275854,3670.311413698159,689.8887448018411,2.0,1.9913705481440727,2.0,1.991863328845885,0.0,2.741922946312133,0.13670409948029572,2.96875,5.9375,2.96875,3.820169232407189,8.087381364111645,3.820169232407189,10.245726495726545,0.0,3.2418558481405344,0.0,0.0,2.3012416431316964,2.770833333333334,5.541666666666668,2.770833333333334,1.4361519717816542,3.657865081381583,1.4361519717816542,3.845754182943688,0.0,0.0,0.0,0.0,0.0,3.859375000000001,7.720833333333334,3.859375000000001,4.018048146605393,8.036096293210786,4.018048146605393,1.0205959012295767,0.0,0.0,0.0,2.030585859973349,15.397423984967924,7.195672806340907,1.9127564979093243,1.9127564979093243,107.39342951509562,88.77342951509556,62.228205128205246,0.0,0.0,0.0,0.0,0.0,0.0,0.0,0.0,0.0,0.6227638817766976,0.6227638817766976,0.0,0.0,0.0,0.0,0.0,0.0,0.0,0.0,3.2026405479553093,3.2026405479553093,88.20212267683074,69.72990045460824,1.8578603428035103,0.0,38.72206580269251,21.197015753061343,0.0,0.0,0.0,0.0,0.0,0.0,102.61404915529889,80.27746699246805,69.92000000000014,55.29555555555535,24.11678497822877,23.789480874776658,80.58538709475735,80.95277817636446,13,218.05555555555554,194.33978933056991,193.7857053593431,218.55886752136752,194.37887485002895,194.37887485002904,188.67094653140683,217.11539097585114,218.05555555555554,197.18372492176317,190.9959983456818,218.68296296296296,180.0,180.0,218.05555555555554,189.86486168518474,195.351009412923,183.97610449041593,189.37818906261265,188.96984301615404,180.0,180.0,218.05555555555554,194.51004599238206,195.47005947657667,50.79393778039424,51.27366046518936,49.437916678093956,49.55913737231868,2520.0,465.9075972639737,614.4658329188812
36.54121482249956,2.4583333333333277,1.4305555555555565,12.714074074074073,0.5125000000000026,94.43792735042769,14.591111111111115,5.917584022032427,9.571184269436106,5.956570330516918,5.917584022032427,7.660593705833094,8.564320658814978,9.163209547703866,3739.8827427123415,3660.6142272125603,743.3218559702768,2.0,2.0,2.0,2.0,2.871986455460658,10.574937975126513,5.917584022032427,0.0,2.4583333333333277,0.0,0.0,2.398984138761774,0.0,17.951709401709458,4.3002136752136755,14.289291745576426,2.272249915978912,2.272249915978912,4.565708849883912,0.0,1.4305555555555565,0.0,0.0,1.0828899347589227,0.0,5.465013737335944,2.6014304797790833,2.6014304797790833,3.103333333333333,3.103333333333333,6.507407407407407,0.0,0.5125000000000026,0.0,0.0,1.6852739170391022,0.0,5.917584022032427,2.871986455460658,2.871986455460658,4.134590884963044,8.564320658814978,26.62397969218844,15.76222851356138,0.0,0.0,110.26985039748223,88.9898503974822,82.67777777777813,6.00534188034188,2.8774038461538463,2.8774038461538463,0.0,0.0,0.0,0.0,0.0,0.0,0.0,0.0,0.7388888888888883,0.7388888888888883,0.0,0.0,3.551851851851853,7.492592592592595,1.7733333333333339,1.7733333333333339,0.0,0.0,94.92675822709857,73.79453600487611,9.163209547703866,4.434035329407489,51.403796946513424,31.2187468968824,0.0,0.0,0.0,0.0,0.0,0.0,121.57959402959354,97.52426186504421,80.57333333333321,63.44888888888858,24.04356091873852,23.480911312938638,80.65275912148739,81.45110038760365,14,218.21180555555554,189.3402250938091,208.33333333333292,218.05555555555554,190.74192248936654,189.0606030669784,193.94355367631945,218.05555555555554,219.14358357391944,192.16215470814444,196.04873800511183,218.05555555555554,180.0,180.0,219.8695854553076,196.47222808053,188.5707022708883,189.7635718405893,190.83657475668713,192.49898971121814,180.0,180.0,216.19739245339645,197.94842725337782,186.81517023117289,58.1694738497983,58.25652024740307,57.92218800718998,57.96833143754665,2700.0,473.6200027311642,739.4206942766223
38.04461221359527,13.97916666666666,11.083333333333336,2.1988298832882474,16.73611111111112,90.3717948717955,0.0,6.775054350396136,8.094802791077804,3.7180135876845566,8.42185358184016,7.968855259236037,2.0407309229575414,2.942413422670828,3734.3008845976383,3661.8136572714952,815.5096880175377,2.0,1.9913713931437664,2.0,1.9919218139033825,0.0,20.37282297598201,0.0,2.96875,8.04166666666666,2.96875,3.806304350396136,8.094802791077804,3.806304350396136,12.435470085470142,0.0,25.60914212812513,0.0,0.0,2.2575042855162852,2.770833333333334,5.541666666666668,2.770833333333334,1.3456011854120933,3.7180135876845566,1.3456011854120933,4.547680192191949,0.0,0.0,0.0,2.1988298832882474,0.0,3.8993055555555567,8.937500000000007,3.8993055555555567,3.9844276296180183,7.968855259236037,3.9844276296180183,0.5381203966665844,0.0,3.8756172634957475,0.0,2.0407309229575414,25.25174335611966,11.72999217749255,0.0,0.0,118.15867519874121,94.21867519874121,90.3717948717955,0.0,0.0,0.0,0.0,0.0,0.0,0.0,0.0,0.0,0.646993876626637,0.646993876626637,0.0,0.0,0.0,0.0,0.0,0.0,0.0,0.0,1.4510742627702273,1.4510742627702273,110.02466136232215,86.23243914009971,1.4913391599006005,0.0,51.016410800363765,28.171360750732845,0.0,0.0,0.0,0.0,0.0,0.0,146.299946596196,118.68992692996704,94.77333333333293,75.14888888888837,24.14851549582151,23.608170928759915,80.51672742520537,81.2782262647177,15,218.05555555555554,194.12042207528742,201.51568373081568,218.55886752136752,194.53931306572906,194.53931306572915,188.55595631211023,217.00040075655485,218.05555555555554,197.33104167632445,191.0314712501845,218.68296296296296,180.0,180.0,218.05555555555554,189.8608022056662,197.1787075506163,185.17237728529804,189.5381065219213,189.9304561514395,180.0,180.0,218.05555555555554,194.7136751382841,195.52569777156677,50.794135593958785,51.27542929314485,49.43858864645438,49.620579807762766,2880.0,467.3568121802752,774.5920955087586
64.98713358111661,9.408952976519718,1.4305555555555565,19.975216214352997,14.541462585570796,122.58151709401797,14.591111111111115,5.795272725846549,9.51619916447806,5.26023100101622,6.184161614735437,6.540228955515866,8.372940898824234,9.168866824750163,3740.14099051434,3665.2144760823453,869.2329476138509,2.0,2.0,2.0,2.0,2.810830807367719,31.955254441394565,5.795272725846549,0.0,9.408952976519718,0.0,0.0,2.4051546818966667,0.0,20.141452991453047,4.3002136752136755,40.54546691444989,2.717812845111891,2.717812845111891,5.445989635084129,0.0,1.4305555555555565,0.0,0.0,0.0,0.0,5.473725200697547,2.542418155904329,2.542418155904329,3.4481481481481477,9.330031029167813,7.1970370370370365,0.0,14.541462585570796,0.0,0.0,0.0,0.0,6.184161614735437,3.0920808073677186,12.582661907012346,4.038901004967674,8.372940898824234,36.41001579684813,20.22826461822101,0.0,0.0,116.7675320438152,90.16753204381523,110.82136752136842,6.00534188034188,2.8774038461538463,2.8774038461538463,0.0,0.0,0.0,0.0,0.0,0.0,0.0,0.0,0.0,0.0,0.0,0.0,3.551851851851853,7.492592592592595,1.7733333333333339,1.7733333333333339,0.0,0.0,114.64061899711047,88.18839677488805,9.168866824750163,4.535822301263971,63.46524848792966,37.96019843829881,0.0,0.0,0.0,0.0,0.0,0.0,165.26549147049093,134.10078430258233,105.426666666666,84.28855034805152,24.06626902813835,23.452662825119177,80.60430676468697,81.50931796686646,16,218.21180555555554,189.35802019945436,211.61728630985252,218.05555555555554,191.52356955461892,189.32176133497381,194.0415605299343,218.09225422958755,219.1853450672494,194.0511003550375,210.27777777777783,218.1311794306679,180.0,180.0,220.0,196.5154161353269,190.90959902396526,191.85606553769446,190.22023796462327,193.63934878234883,180.0,180.0,218.9243882838183,198.16962724783696,189.54216606159443,58.16947400875331,58.25693731750556,57.92215536447652,57.95211651009996,3060.0,470.7380599157676,927.7258811724125
68.85505559558307,22.76311964318636,12.66666666666667,13.96558658472335,39.63172835756952,118.85382091413771,1.0940740740740733,6.872040615859336,8.017237437169843,4.222710473001673,8.376573884249105,8.096897768498208,0.9910930266229487,1.5904205147447394,3734.553587538555,3659.3001628769202,931.613656659968,2.0,1.9915783353623686,2.0,1.9920915331414728,0.0,44.09879207680298,0.11072257190074386,2.96875,16.82561964318636,2.96875,3.792568043958593,8.017237437169843,3.792568043958593,14.625213675213727,0.0,54.22984192036934,0.0,0.0,1.2091209571233497,3.1666666666666674,6.333333333333335,3.1666666666666674,1.7895956177185732,4.222710473001673,1.7895956177185732,3.2488528307484437,0.0,0.0,0.0,13.96558658472335,0.0,4.328125000000001,30.975478357569518,4.328125000000001,4.048448884249104,8.096897768498208,4.048448884249104,0.0,0.0,21.240278196849232,0.0,0.9910930266229487,43.746668095338286,15.918299795965359,0.0,0.0,123.78622330616992,93.86543268857437,118.51538461538578,0.0,0.3384362987519315,0.0,0.0,0.0,0.0,0.0,0.0,0.0,0.0,0.0,0.0,0.0,0.0,0.0,0.0,1.0940740740740733,0.0,0.0,0.0,0.0,120.47784121933289,91.3656189971105,1.5904205147447394,0.0,65.34602529659982,37.18097524696882,0.0,0.0,0.0,0.0,0.0,0.0,180.0,155.26644936750532,119.62666666666574,96.97487847388135,24.160422014199913,23.484876677323015,80.4888591222069,81.51497170123585,17,218.05555555555554,194.1377045500397,205.23832266141088,218.73755801453837,196.3221292701042,196.32212927010426,189.84097838384136,218.56320060606404,218.41293654189727,197.2211294443812,200.1145713275542,218.8616534561338,180.0,180.0,218.05555555555554,190.38425279375207,197.40179748142916,187.70825297072187,190.69354786037755,189.85425478669248,180.0,180.0,218.05555555555554,193.95736789609205,196.70258537302746,50.79435592503246,51.27378810221492,49.62290678598228,49.773029267893534,3240.0,477.4463115904861,981.6044874273155
95.3286667066941,16.953669863614607,1.4305555555555565,33.135216214352965,39.469740186569496,157.35691239669495,16.167407407407413,5.005080021683257,10.065308875079745,4.963995895787916,6.015496688349924,6.365618714545332,9.684425802958797,9.335741776220535,3739.974671260351,3663.4027050661525,965.5958739942279,2.0,2.0,2.0,2.0,2.308095566397184,56.863656251266235,5.005080021683257,0.0,16.953669863614607,0.0,0.0,3.9259098898791427,0.0,20.386752136752186,3.8313034188034187,71.11061115113849,2.7840809294110764,2.7840809294110764,5.609516025488819,0.0,1.4305555555555565,0.0,0.0,0.0,0.0,4.748718821642567,2.179914966376839,2.179914966376839,3.4481481481481477,22.490031029167778,7.1970370370370365,0.0,39.469740186569496,0.0,0.0,0.0,0.0,6.015496688349924,2.917470566397184,30.529258847435766,4.842212901479399,9.684425802958797,69.29403793188978,27.993002567232217,0.0,0.0,124.2449078651544,83.99745057922581,142.85384615384743,7.284188034188033,3.702051285582576,3.516826923076923,0.0,0.0,0.0,0.0,0.0,0.0,0.0,0.0,0.0,0.0,0.0,0.0,3.9459259259259274,8.280740740740743,1.970370370370371,1.970370370370371,0.0,0.0,117.03821030483354,85.26598808261119,9.335741776220535,4.663532345923843,81.88902227863557,51.06397222900441,0.0,0.0,0.0,0.0,0.0,0.0,180.0,170.0378836631977,130.08296296296183,105.91750289600748,24.0730291470593,23.371661411948306,80.58985886329998,81.67380856283594,18,219.06062602239228,188.08141147264155,210.2777777777771,218.05555555555554,191.53786063444693,188.6815305264342,193.44679805730894,219.04333333333332,219.13951388888887,194.17931423703791,209.9264206096668,218.16444444444446,180.0,180.0,220.0,198.15935419880597,194.90322706361488,193.6917712956909,192.44576706885323,193.57416986538257,180.0,180.0,220.0,197.41044425197688,191.06286023724184,58.17020102410992,58.2574973983487,57.922436225941105,57.952794346001006,3420.0,505.53492675520425,1157.0058674661745
102.8618932024205,35.619206777739336,12.66666666666667,27.12558658472332,64.21086715806996,147.0440067818903,1.0940740740740733,6.755379574938602,8.548518351712957,3.3525624301822563,8.43958581463049,8.22292162926098,0.0,1.9607625683649805,3733.7340195947118,3673.837166327816,1005.1593358586205,2.0,1.9895531783734366,2.0,1.9901601787226213,0.0,71.92211803008172,0.0,2.96875,29.681706777739336,2.96875,3.786629574938602,8.548518351712957,3.786629574938602,14.870512820512866,0.0,87.99138038190763,0.0,0.0,1.326874502200756,3.1666666666666674,6.333333333333335,3.1666666666666674,1.6762812150911282,3.3525624301822563,1.6762812150911282,2.5906531306196676,0.0,0.0,0.0,27.12558658472332,0.0,4.328125000000001,55.55461715806996,4.328125000000001,4.11146081463049,8.22292162926098,4.11146081463049,0.0,0.0,39.18522637425287,0.0,0.0,84.95021790465177,28.096056159947413,0.0,0.0,137.15490786598744,90.83590682591439,146.6589743589756,0.0,0.24739641662184902,0.13763600629282524,0.0,0.0,0.0,0.0,0.0,0.0,0.0,0.0,0.0,0.0,0.0,0.0,0.0,1.0940740740740733,0.0,0.0,0.0,0.0,122.96327181908367,88.53104959686135,1.9607625683649805,0.0,83.7246986319982,50.23964858236681,0.0,0.0,0.0,0.0,0.0,0.0,180.0,180.0,144.4799999999995,118.80086805887434,24.18373737141294,23.765970393069,80.45510730328895,81.01026076063002,19,218.61803501403315,194.5660423498739,210.92248135856855,218.9535177575168,195.9842864365485,195.9842864365486,190.0094219474778,218.73164416970087,218.74702190536965,197.20526167547345,199.7654325270558,219.07761319911225,180.0,180.0,219.73263888888889,190.29899564418838,196.39844806992122,187.34929561156085,190.44261282833017,190.62406597592866,180.0,180.0,218.05555555555554,193.77980008662792,197.16819253725586,48.96707162164245,49.53759835040824,49.62370395768982,49.657634849030316,3600.0,513.8437302504599,1233.3764388583918
131.74885901438623,53.43170677773931,0.2777777777777788,46.29521621435297,63.78702488669636,149.60024636315916,16.167407407407413,5.928641214575332,7.31284533941083,5.713549540888138,6.369613436797555,6.606913199880259,0.0,10.351948753323772,3740.8982893823063,3679.176992260488,1026.4667903926797,2.0,1.9986999028671895,2.0,1.9988534792655077,2.877515051732111,84.82533603924595,5.928641214575332,0.0,53.43170677773931,0.0,0.0,0.1351166124650438,0.0,22.57649572649576,4.3002136752136755,104.87214961267678,3.070739097724252,3.070739097724252,6.530367084337393,0.0,0.2777777777777788,0.0,0.0,0.0,0.0,5.336619150216662,2.6428104431638864,2.6428104431638864,3.4481481481481477,35.650031029167785,7.1970370370370365,0.0,63.78702488669636,0.0,0.0,0.0,0.0,6.369613436797555,3.158765051732111,48.63327187831864,0.0,0.0,95.4216109481663,31.743880829580405,0.0,0.0,151.12873197162253,100.06070098314586,149.14188034188155,0.0,0.2913089772668862,0.16705704401072885,0.0,0.0,0.0,0.0,0.0,0.0,0.0,0.0,0.3818420277710184,0.3818420277710184,0.0,0.0,3.9459259259259274,8.280740740740743,1.970370370370371,1.970370370370371,0.0,0.0,119.65456795477112,82.56234573254883,10.351948753323772,5.175974376661886,100.36887179118983,64.22382174155827,0.0,0.0,0.0,0.0,0.0,0.0,180.0,180.0,154.9362962962965,129.81197392657523,24.093412972527688,23.64297196111355,80.56367276849504,81.1669086047929,20,219.3867579879906,190.61985940895661,219.99999999999935,218.05555555555554,191.95632520684703,190.16222602057334,195.13061880054153,218.94611111111112,219.13951388888887,194.1171585255664,209.83913590954202,218.16444444444446,180.0,180.0,218.23860680223177,187.21784004925158,186.53349661768533,191.14948450661225,192.00659350765662,189.60647173063944,180.0,180.0,220.0,197.44233385608098,190.93096442898607,53.83018046571898,54.18353939092988,57.920731392521404,57.92098822064086,3780.0,552.8704534275639,1397.9867221808272
138.81317525370235,83.11920677773942,14.250000000000004,42.21759278433162,90.87383044225182,138.72754343006164,0.0,7.933395213827895,9.042269566090685,5.720443929175344,8.859714462416058,9.114382628535818,0.0,2.2854106028859364,3729.977103317799,3669.2032853049054,1055.7043602373687,2.0,1.9789602646470628,2.0,1.9804047939689085,0.0,100.1484960640359,0.44351043078255237,2.96875,77.18170677773942,2.96875,4.521134783045342,9.042269566090685,4.521134783045342,17.06025641025644,0.0,121.75291884344593,0.0,0.0,0.08105912550035943,3.562500000000001,7.125000000000002,3.562500000000001,2.7545817518626627,5.720443929175344,2.7545817518626627,2.2948652302922854,0.0,0.0,0.0,42.21759278433162,0.0,4.328125000000001,82.21758044225182,4.328125000000001,4.531589462416057,9.114382628535818,4.531589462416057,0.0,0.0,58.97342825281541,0.0,0.0,97.1152718004613,25.495559172989694,0.0,0.0,171.61095419426104,116.83840823158285,138.40256410256518,0.0,0.1949118114388142,0.1300675160576406,0.0,0.0,0.0,0.0,0.0,0.0,0.0,0.0,0.0,0.0,0.0,0.0,0.0,0.0,0.0,0.0,0.0,0.0,129.14811731071893,89.39589508849673,2.2854106028859364,0.0,99.48390392024722,60.67885387061559,0.0,0.0,0.0,0.0,0.0,0.0,180.0,180.0,169.33333333333417,144.76382053501715,24.309081182911907,23.807430016896223,80.27468029829839,80.97717284119861,21,218.05555555555554,198.50078665860556,219.99999999999935,218.96569136580527,194.85074867616063,194.85074867616072,190.71229823876914,219.42367635066068,218.2870310843792,197.2481701482544,205.53956795477114,219.4694212962963,180.0,180.0,220.0,195.72120673294955,186.94444444444312,186.19837142778917,188.94867836034726,189.3378868652136,180.0,180.0,218.05555555555554,195.10384920248788,197.2219670855192,42.86304870977403,43.736690765714705,48.70544194772467,48.7062481594888,3960.0,558.2828221450391,1509.4867901022226
167.70014106566808,100.93170677773965,0.0,63.03766995820988,101.90813599780734,141.34383555739893,13.01481481481482,6.1211466245791994,8.899350058841417,5.94759259660192,6.6836466245791994,7.23349949117444,0.0,6.06025000441787,3746.7769396787508,3679.3834653452886,1078.0743218337593,2.0,1.998699942379889,2.0,1.9988535798890514,3.0345316456229328,113.58853895440312,6.1211466245791994,0.0,100.93170677773965,0.0,0.0,1.5646047380048087,0.0,24.766239316239325,4.3002136752136755,138.6336880742151,3.338033377664193,3.338033377664193,6.987698699772831,0.0,0.0,0.0,0.0,0.0,0.0,5.219118437875454,2.609559218937727,2.609559218937727,3.4481481481481477,52.3924847730247,7.1970370370370365,0.0,101.90813599780734,0.0,0.0,0.530333586292248,0.0,6.6836466245791994,3.255017756734044,70.54555597722324,0.0,0.0,107.56929740065033,29.17093196866204,0.0,0.0,183.31539863953842,123.79382272845662,140.88547008547113,0.0,0.29130842980047794,0.1670570421273343,0.0,0.0,0.0,0.0,0.0,0.0,0.0,0.0,0.35905560798969127,0.0,0.3964973924487317,0.0,3.157777777777779,6.704444444444446,1.5762962962962968,1.5762962962962968,0.0,0.0,128.96300154990172,86.55077932767978,6.06025000441787,2.8356805577644915,109.89256389653299,68.42751384690126,0.0,0.0,0.0,0.0,0.0,0.0,180.0,180.0,178.75563363650318,156.16900047679243,24.295412827266425,23.619887409021935,80.18458239064881,81.21325972006878,22,219.67013888888889,189.54061429766205,219.99999999999935,218.05555555555554,191.87371503202075,190.57940669969594,195.11905309886285,218.15578859638714,218.3337915401872,193.75907172121242,216.11111111111063,218.05555555555554,180.0,180.0,218.46351579344437,187.50876606348336,186.58608143883595,190.12190539320602,191.35445595045658,187.2160083056166,180.0,180.0,220.0,196.38082535979035,191.41972068395836,53.83018997562389,54.18368091358745,57.915071199428944,57.914164941252594,4140.0,600.7717807149817,1664.6964753308737
172.8200128605398,131.2789289999621,14.250000000000004,62.861373661913696,139.1060526644739,130.4711331736512,0.05708564750778378,7.9193595516210955,9.358892007178259,7.258111099396778,7.076507513942009,5.54796873158772,0.0,0.0,3738.5744984114244,3670.7236354474476,1094.9315864454566,2.0,1.980019883573536,2.0,1.981459437150993,0.0,129.17648145608055,0.0,3.298611111111111,124.68170677773988,3.298611111111111,4.620748440509985,9.358892007178259,4.620748440509985,17.305555555555557,0.0,155.51445730498423,0.0,0.0,0.3743335233619567,3.562500000000001,7.125000000000002,3.562500000000001,3.589607396219728,7.258111099396778,3.589607396219728,1.7390253525415347,0.0,0.0,0.0,62.861373661913696,0.0,4.328125000000001,130.4498026644739,4.328125000000001,2.7483825139420084,5.54796873158772,2.7483825139420084,0.0,0.0,84.93217697426853,0.0,0.0,109.29923334688971,22.958885951598702,0.0,0.0,203.79762086217693,140.57152997689312,130.14615384615476,0.0,0.19491181143880293,0.1300675160576406,0.0,0.0,0.0,0.0,0.0,0.0,0.6805555555555556,0.6805555555555556,0.0,0.0,0.0,0.0,0.0,0.0,0.05708564750778378,0.0,0.0,0.0,140.3664961428701,94.45300154990221,0.0,0.0,116.3148406999007,61.757622136258355,0.0,0.0,0.0,0.0,0.0,0.0,180.0,180.0,180.0,170.72677301116022,24.62324487035083,23.79177997805177,79.6689465874857,81.00564831654393,23,219.150041241027,196.0781049557268,219.99999999999935,219.20333258632547,195.9961074020733,195.9961074020734,190.84571737058607,219.84571737058752,218.37700835976372,197.50222573851406,219.99999999999952,219.32742802792092,180.0,180.0,219.80208333333334,195.72769745947625,186.94444444444287,190.77688402570385,193.64714958020994,189.45615606422925,180.0,180.0,218.06934046753952,189.19013761553558,192.60495319735548,42.86430261032825,43.73756358946723,49.60882335033275,49.60514041952701,4320.0,593.1249403144467,1802.0293946314082
204.1203333733602,148.4317067777401,0.0,85.91989218043209,161.3248026644738,128.40451314441214,6.709629629629632,6.149029991290227,7.81759726060238,6.889784537722129,6.149029991290227,6.496621477126595,0.0,4.326215748234155,3719.920341883823,3677.590410873408,1100.5894434376855,2.0,1.9976807989363108,2.0,1.9981058975392525,3.048473328978447,142.34525450601336,6.149029991290227,0.0,148.4317067777401,0.0,0.0,0.0,0.0,26.955982905982886,4.769123931623932,172.39522653575338,3.3225712469634647,3.3225712469634647,6.956774438371374,0.0,0.0,0.0,0.0,0.5831135525123627,0.0,5.995242745723371,2.984099738246301,2.984099738246301,3.4481481481481477,75.2747069952469,7.1970370370370365,0.0,161.3248026644738,0.0,0.0,0.0,0.0,6.149029991290227,3.048473328978447,98.39996642293707,0.0,0.0,119.30261793490678,22.272328976865627,0.0,0.0,220.7242875295376,151.7084494650281,127.96239316239406,0.0,0.3071826903180592,0.13493729169999874,0.0,0.0,0.0,0.0,0.0,0.0,0.0,0.0,0.0,0.0,0.0,0.0,1.581481481481482,3.5518518518518523,0.7881481481481483,0.7881481481481483,0.0,0.0,151.09932744200756,102.33448199278051,4.326215748234155,2.1631078741170775,119.55931306156765,55.074847472983336,0.0,0.0,0.0,0.0,0.0,0.0,180.0,180.0,179.88883511653995,180.0,23.973236823193464,23.65152796251723,80.701142804004,81.08418354142566,24,219.32799145299145,191.31740579292796,219.99999999999935,218.63783769245185,191.44590757703196,190.0619459576139,195.17528558053604,218.05555555555554,219.2387585966072,194.49941451197094,219.99999999999952,219.053319764693,180.0,180.0,219.90020270511485,187.77232062955662,184.23551870905362,188.7957339771938,190.80494607487185,185.25749122451413,180.0,180.0,213.3573620128177,195.19769463776373,195.16402867948196,52.36245169185465,53.01505694559249,57.97746998396534,57.93302239035397,4500.0,654.4793027661185,1968.7645555445908
208.77129491182166,178.77892899996255,14.250000000000004,87.68804032858009,200.85605266447368,117.5481515182595,0.12331707830763614,8.422764212447605,10.54371218557897,8.743475945622823,6.201009438654841,3.7969725810133848,0.0,0.0,3734.071456485534,3673.7839687094747,1102.5516208438682,2.0,1.9829647384696212,2.0,1.9840719462723673,0.0,158.16294173798113,0.0,3.298611111111111,172.18170677774032,3.298611111111111,5.124153101336494,10.54371218557897,5.124153101336494,19.495299145299118,0.0,189.27599576652253,0.0,0.0,0.0,3.562500000000001,7.125000000000002,3.562500000000001,4.371737972811411,8.743475945622823,4.371737972811411,1.8705974524662665,0.0,0.0,0.0,87.68804032858009,0.0,4.328125000000001,192.19980266447368,4.328125000000001,1.8728844386548407,3.7969725810133848,1.8728844386548407,0.0,0.0,114.85437475589079,0.0,0.0,120.82874477204483,15.808563629920677,0.0,0.0,241.20650975217612,168.48615671346454,117.22307692307807,0.0,0.1950013403635853,0.13007325481784537,0.0,0.0,0.0,0.0,0.0,0.0,0.0,0.0,0.0,0.0,0.0,0.0,0.0,0.0,0.056832577681097896,0.06648450062653824,0.0,0.0,165.30832322317627,114.49997722380314,0.0,0.0,121.35943206237339,55.682859623055954,0.0,0.0,0.0,0.0,0.0,0.0,180.0,180.0,180.0,180.0,24.346276007782194,23.809761457564484,80.18060467316693,80.96115160383826,25,218.8542855519113,196.2023059116782,219.99999999999935,219.05545474176762,196.75551775856587,196.63286576455403,191.02628768743776,219.89279513888889,218.4639140589877,198.05933493091194,219.99999999999952,219.17955018336306,180.0,180.0,219.80208333333334,196.06369974375477,189.90031830031202,192.26782299683666,196.3977748921655,187.4393887181824,180.0,180.0,219.2381177390649,186.33986159928088,190.41211774159692,44.68009821432406,45.46156833901001,49.34826816769746,49.300174543909314,4680.0,648.7261288915663,2131.905978185579
237.65826072378735,195.93170677774054,0.0,110.74655884709846,223.07480266447357,130.1496689856844,6.709629629629632,5.595648148148148,10.324593026375602,7.127504822766259,5.964351851851852,6.430324074074074,3.3238432286544146,4.015406239814499,3745.712338293642,3678.422494757087,1104.2504382307452,2.0,2.0,2.0,2.0,2.797824074074074,171.0810678012498,5.595648148148148,0.0,195.93170677774054,0.0,0.0,3.2265552770878543,0.0,27.201282051282003,4.3002136752136755,206.15676499729167,3.1700559271357034,3.1700559271357034,6.651743798715851,0.0,0.0,0.0,0.0,1.2797169689923786,0.0,5.376754807692308,2.677731926638177,2.677731926638177,3.4481481481481477,100.10137366191327,7.1970370370370365,0.0,223.07480266447357,0.0,0.0,0.0,0.0,5.964351851851852,2.982175925925926,128.14689335349982,1.467477169882763,3.3238432286544146,132.11885695067195,20.608807289352917,0.0,0.0,249.85539864203682,172.03784399685367,122.03931623931766,4.08707264957265,2.0441139509430384,1.9791661458510668,0.0,0.0,0.0,0.0,0.0,0.0,0.0,0.0,1.0073229395470222,0.0,0.9722222222222222,0.0,1.581481481481482,3.5518518518518523,0.7881481481481483,0.7881481481481483,0.0,0.0,176.04115444709396,123.14183275728077,4.015406239814499,2.0077031199072497,124.51856292698125,57.49433285619547,0.0,0.0,0.0,0.0,0.0,0.0,180.0,180.0,179.88883511653995,180.0,24.376472832095512,23.668727557180137,79.91834621897871,81.02192234578212,26,219.38875534188034,188.8573420195729,219.99999999999935,218.05555555555554,191.42589765840552,188.67429533823446,194.91904797729688,218.05555555555554,219.3422700706896,194.41708257344874,219.99999999999952,218.88865588764915,180.0,180.0,218.67271615450437,194.16514067244327,187.728271710058,189.71428726915408,191.01340581761804,186.7910663313031,180.0,180.0,213.24932528937236,195.13110104609532,195.05599195603642,58.162623411853474,58.25137989825441,57.941147759836184,57.937544768781585,4860.0,714.0465184099413,2317.6797001296945
244.7225769631035,225.61920677774077,14.250000000000004,112.51470699524646,262.60605266447345,116.29634684693568,0.11136471191543651,5.937527940790462,5.48323780110923,8.120085037999338,6.05865776493566,3.2065482073757496,0.0,0.0,3744.6550255516936,3683.178691517193,1107.7749433130143,2.0,1.9890869533051811,2.0,1.9896828665787991,0.0,186.79332069878825,0.3748620316888387,2.96875,219.68170677774077,2.96875,2.5939159091016233,5.48323780110923,2.5939159091016233,21.68504273504268,0.0,223.03753422806082,0.0,0.0,0.7200362231057265,3.562500000000001,7.125000000000002,3.562500000000001,4.060042518999669,8.120085037999338,4.060042518999669,1.38886596295305,0.0,0.0,0.0,112.51470699524646,0.0,4.328125000000001,253.94980266447345,4.328125000000001,1.6032741036878748,3.2065482073757496,1.6032741036878748,0.12725866124778373,0.0,145.2111155162309,0.0,0.0,138.0695457213652,18.854422356653295,0.0,0.0,267.643176420301,185.94702097188141,115.96666666666836,0.0,0.19902166197148075,0.13065851829583142,0.0,0.0,0.0,0.0,0.0,0.0,0.0,0.0,0.0,0.0,0.9722222222222221,0.9722222222222221,0.0,0.0,0.056832577681097896,0.054532134234338614,0.0,0.0,190.25015022826267,134.6757684412472,0.0,0.0,126.01029522613418,55.95887066980556,0.0,0.0,0.0,0.0,0.0,0.0,180.0,180.0,180.0,180.0,24.622407194727323,24.078015626692974,79.62077975268176,80.42450429869896,27,218.05555555555554,196.64959254646863,219.99999999999935,218.9132100097966,198.05005819076584,197.75055555555147,191.28787545605738,219.60272734439886,218.05555555555554,198.03379922867148,219.99999999999952,219.3840277777778,180.0,180.0,219.80208333333334,187.8244617447498,191.5132605658279,193.88705763206073,196.27138596740258,189.33571722422573,180.0,180.0,218.82987699228124,185.97170262730634,190.33259337294677,48.86736827255333,49.438397747091294,49.31080849288679,49.325376760958065,5040.0,700.3331429677892,2463.4137446435875
253.31702140754834,234.68170677774043,3.9930092403274378,126.93470699524666,273.449802664474,103.17820512820681,4.091111111111111,1.9444444444444586,3.637606837606845,5.26232694651284,5.381018518518518,4.868287037037037,1.5559517853765166,4.325970419577094,3623.602144238835,3526.403903325486,1112.615756764513,2.0,1.9999972258559315,2.0,2.0,0.9722222222222293,196.48200441297914,1.9444444444444586,0.0,234.68170677774043,0.0,0.0,0.0,0.0,16.95256410256405,2.6653846153846157,233.69907268959966,2.4872635437433033,2.4872635437433033,5.207165976375496,0.0,0.0,3.9930092403274378,0.0,0.20927725604589065,9.395803952788867,5.162211538461539,2.5657861467236467,2.5657861467236467,2.177777777777778,120.35470699524666,4.402222222222223,0.0,273.449802664474,0.0,0.0,0.0,0.0,5.381018518518518,2.690509259259259,157.56255004475378,0.6476046349053752,1.5559517853765166,123.64271179681643,2.681360038781672,0.0,0.0,265.90095419807824,182.52479874965914,99.93247863248033,1.6303418803418803,0.8076923076923077,0.8076923076923077,0.0,0.0,0.0,0.0,0.0,0.0,0.0,0.0,0.07321678088829553,0.07321678088829553,0.0,0.0,0.9955555555555556,2.1,0.4977777777777778,0.4977777777777778,0.0,0.0,189.40084673096348,132.09354621902517,4.325970419577094,2.162985209788547,115.23465534366443,39.260205594068935,0.0,0.0,0.0,0.0,0.0,0.0,179.02634099578745,179.024206245435,179.6362509096314,178.92989438437527,25.07700350502308,24.42291907584006,77.51087725665616,78.39828784922679,28,219.61778846153845,193.28534448740376,219.99999999999935,218.58083854746363,199.39867107964585,193.81961380441035,202.04092516003124,218.05555555555554,219.25996926932302,202.42095436790567,219.99999999999952,219.06160520531276,180.0,180.0,215.29671332329983,195.7393526169745,184.90782443440892,191.9944191825347,195.04022670520982,191.02064368814345,180.0,180.0,212.98064114717533,196.86546578845918,199.95175225828362,58.28815487401302,58.39236283719127,57.65172381554793,57.91033763206984,5220.0,714.6139475351287,2454.3368946139194
238.14138038190717,242.49420677774054,7.680500386514497,123.62137366191337,283.6060526644745,56.43675213675405,0.0,1.947906448356461,2.3333128967129215,8.996611296065916,1.9663546947894557,1.9014593895789114,0.0,0.0,2826.945836442691,2768.1461387488744,990.1232271243232,2.0,1.9957070699442416,2.0,1.9961157010325725,0.0,206.22425248229905,0.0,0.7812500000000001,240.93170677774054,0.7812500000000001,1.1666564483564608,2.3333128967129215,1.1666564483564608,0.0,0.0,238.14138038190717,0.0,0.0,0.0,0.9374999999999999,1.8749999999999998,4.868000386514498,4.498305648032958,8.996611296065916,20.705773729152245,0.0,0.0,0.0,0.0,123.62137366191337,0.0,1.015625,281.5748026644745,1.015625,0.9507296947894557,1.9014593895789114,0.9507296947894557,0.0,0.0,171.02259242462765,0.0,0.0,81.23618210651966,0.0,0.0,0.0,263.87873197585645,179.8025765274373,56.43675213675405,0.0,0.0,0.0,0.0,0.0,0.0,0.0,0.0,0.0,0.0,0.0,0.0,0.0,0.0,0.0,0.0,0.0,0.0,0.0,0.0,0.0,171.0064022865184,112.99910177458072,0.0,0.0,91.43223454136648,14.757784791770904,0.0,0.0,0.0,0.0,0.0,0.0,173.19621279065922,132.76890838879135,172.3340286874089,171.62767216215278,21.840158149203504,20.748055381265637,78.69333244836649,80.30902678331216,29,220.0,212.59728014246363,219.99999999999935,219.87660256410257,210.9417625402833,202.1519038913331,206.21543275284728,219.41536458333334,219.48541350892833,211.7635903822821,219.99999999999952,219.65196601372344,180.0,180.0,219.37016028679386,199.513370392635,187.47589699848206,199.58865666734798,206.03614789326704,194.05084465607214,180.0,180.0,219.01021373889367,192.77515535294484,201.31604027041465,53.6265284449555,54.026865786275614,52.48582623592921,52.76439617239152,5400.0,638.6812775166143,2287.0103601661153
245.91541884344545,247.18170677774066,5.136927196623781,129.33804032858006,289.69980266447493,17.83952991453182,0.8296296296296297,0.9722222222222364,1.5966880341880416,2.662466593455947,2.314178574608263,1.9737559539707985,0.970400145705365,5.010350291216454,2329.236007889159,2253.788379063755,811.8120424696033,2.0,2.0,2.0,2.0,0.4861111111111182,210.15430047283445,0.9722222222222364,0.0,247.18170677774066,0.0,0.0,0.0,0.0,2.2211538461538467,1.1105769230769234,242.58368807421468,1.420482084908938,1.420482084908938,2.840964169817876,0.0,0.0,5.136927196623781,0.0,0.0,29.675585874662026,2.483969017094018,1.241984508547009,1.241984508547009,0.816666666666667,126.88804032858008,1.633333333333334,0.0,289.69980266447493,0.0,0.0,0.0,0.0,2.314178574608263,1.1570892873041314,179.2091378156799,0.4852000728526825,0.970400145705365,40.98872433368439,0.8259333697596746,0.0,0.0,257.96762086474575,173.19146541632657,16.829914529916433,0.5048076923076923,0.25240384615384615,0.25240384615384615,0.0,0.0,0.0,0.0,0.0,0.0,0.0,0.0,0.0,0.0,0.0,0.0,0.20740740740740743,0.41481481481481486,0.10370370370370371,0.10370370370370371,0.0,0.0,140.16751339762877,81.46021288569183,5.010350291216454,0.9907556284082382,80.97433751656506,3.59988776696942,0.0,0.0,0.0,0.0,0.0,0.0,166.30598843168485,84.10529288722212,162.87476942814953,162.1684129028934,15.336913129839742,14.207784222616926,87.89462878924472,89.77594529091714,30,219.858135238604,211.8175130320915,219.99999999999935,219.8898815883191,211.61263380616782,205.86883234390802,211.5807759698333,218.59202778940895,219.88715277777777,210.47315569322058,219.99999999999952,220.0,180.0,180.0,220.0,209.01144199222207,191.35824843172404,200.73221258677404,208.66636143785644,201.52648475777752,180.0,180.0,218.3811436181482,199.32060157454055,208.45350009917132,59.516647706662184,59.539968734035085,58.73053057508275,58.76121053214381,5580.0,615.0450951328846,2157.1919487768264
247.0259957665222,254.99420677774077,11.112003162615679,90.93526255080243,287.17266783668515,0.0,4.977777777777778,1.3766853810979058,1.1908707621958114,3.82161616890758,3.038121452086844,4.272993350278213,0.0,11.074785506612674,2126.2645171651343,2080.429961627452,711.3875531229589,2.0,1.9998552735925201,2.0,1.9998687382897564,0.0,214.18835651596768,0.0,0.7812500000000001,253.43170677774077,0.7812500000000001,0.5954353810979057,1.1908707621958114,0.5954353810979057,0.0,0.0,247.0259957665222,0.0,0.0,0.315636898336384,0.8333333333333333,1.6666666666666665,8.612003162615679,1.91080808445379,3.82161616890758,39.191594440507245,0.0,0.0,0.0,0.0,90.93526255080243,0.0,1.015625,285.14141783668515,1.015625,2.022496452086844,4.272993350278213,2.022496452086844,0.0,0.0,146.73833148502243,0.0,0.0,14.142733375772975,0.0,0.0,0.0,237.27873197585723,151.802576527438,0.0,0.0,0.0,0.0,0.0,0.0,0.0,0.0,0.0,0.0,0.0,0.0,0.0,0.0,0.0,0.0,1.2444444444444445,2.488888888888889,0.6222222222222222,0.6222222222222222,0.0,0.0,106.9966929379094,47.58939242597268,11.074785506612674,2.9649761725002723,81.20711298708082,3.942210308472358,0.0,0.0,0.0,0.0,0.0,0.0,159.9205717650181,50.999818632403745,156.11180646518656,154.59590286894323,12.039773551955808,11.68073568977175,94.65915701745197,95.19698056183671,31,220.0,212.3910903532789,219.99999999999935,219.87660256410257,214.18835651596768,210.54370878847465,211.96896970076855,219.0743665361591,219.77430555555554,213.5068366372033,181.7722222222213,219.79641203703704,180.0,180.0,219.89606481481482,208.7113830180387,211.45788138173373,205.16752447993156,210.08901299304497,202.93468728322603,180.0,180.0,220.0,203.3674140158045,195.1364126275431,58.074619435202536,58.166413740623554,58.77786918406298,58.7976171016668,5760.0,611.2525815262461,1970.083197461799
254.80003422806047,259.68170677774026,12.362003162615643,66.16304032858028,257.87752894779646,2.019230769230769,0.0,0.544444444444458,1.3827991452991524,2.2840806274828696,1.7011916861404845,1.4857810282554276,0.650216498736149,3.5,2095.6810373341814,2061.1026263570056,650.7131062068386,2.0,1.9983603519566513,2.0,1.9984094324351473,0.272222222222229,215.91348960919706,0.544444444444458,0.0,259.68170677774026,0.0,0.0,0.0,0.0,2.2211538461538467,1.1105769230769234,251.4683034588297,1.015203791455439,1.015203791455439,5.186747255592543,0.0,0.0,12.362003162615643,0.0,0.0,47.071550849668924,2.5377536720548615,1.2688768360274307,1.2688768360274307,0.6351851851851854,64.25748477302473,1.2703703703703708,0.0,257.87752894779646,0.0,0.0,0.0,0.0,1.7011916861404845,0.8505958430702423,121.37180027224079,0.3251082493680745,0.650216498736149,4.876541836408781,0.7458874580173706,0.0,0.0,201.4231764203019,115.24702097188253,1.0096153846153846,0.5048076923076923,0.25240384615384615,0.25240384615384615,0.0,0.0,0.0,0.0,0.0,0.0,0.0,0.0,0.0,0.0,0.0,0.0,0.0,0.0,0.0,0.0,3.5,3.5,97.18697071568732,37.07967020375049,0.0,0.0,67.3451170958984,0.0,0.0,0.0,0.0,0.0,0.0,0.0,151.4747918504882,31.84195972049217,147.3784731318531,135.24278395289977,11.662698524249443,11.45416197663884,95.66948693436005,95.82374292462119,32,219.79574634508919,213.26535572418413,219.99999999999935,219.76510380128946,216.73015627586375,208.52408008838373,211.83093142911244,219.83948220861933,219.88715277777777,211.1388078476612,170.61111111110972,220.0,180.0,180.0,220.0,206.90712218857422,209.80895594155677,204.8534484814714,203.69487814946996,211.75137194761973,180.0,180.0,219.97323272792022,207.46228918470092,207.91393271956616,59.51876180822483,59.5416780152723,53.90619641919853,53.998633808267385,5940.0,584.2401229077323,1784.8012107736722
254.817932069452,268.88309566662826,15.156296166322576,32.13526255080258,237.63794561446338,10.09615384615385,4.977777777777778,4.09717466121474,5.24296043354059,1.3528138094168105,2.3013842585048874,3.2386751897572297,4.0493402016990006,3.991981962760935,2093.6988228544906,2060.0096581143725,615.0378600787612,2.0,2.0,2.0,2.0,0.0,216.45553382348658,0.0,1.4756944444444446,265.93170677773935,1.4756944444444446,2.621480216770295,5.24296043354059,2.621480216770295,0.0,0.0,254.817932069452,0.0,0.0,12.160521604409318,0.5472222222222212,1.1722222222222212,13.436851721878133,0.6375180158195157,1.3528138094168105,50.912387530370744,0.0,0.0,0.0,0.0,32.13526255080258,0.0,0.7899305555555556,236.0580845033523,0.7899305555555556,1.511453702949332,3.2386751897572297,1.511453702949332,0.0,0.0,91.52105959616111,2.0246701008495003,4.0493402016990006,5.730512317691079,3.9290017170914173,0.0,0.0,152.34539864252426,65.46924319410475,5.048076923076924,2.524038461538462,1.262019230769231,1.262019230769231,0.0,0.0,0.0,0.0,0.0,0.0,0.0,0.0,0.0,0.0,0.0,0.0,1.2444444444444445,2.488888888888889,0.6222222222222222,0.6222222222222222,0.0,0.0,78.01474849346522,17.20744798152827,3.991981962760935,1.9959909813804675,65.08853515585449,3.447995490690233,0.0,0.0,0.0,0.0,0.0,0.0,145.38291150860792,22.720935600820088,140.51180646518642,121.97153985549897,11.626532580172336,11.42980075090865,95.7464941752452,95.86936907922764,33,220.0,214.52625155913128,217.814641836629,219.87660256410257,217.54821290517174,210.3543538360725,212.67946556093995,219.60073448863778,219.71522809768413,208.8631334795665,178.77777777777598,219.76687330810134,180.0,180.0,220.0,213.63039196198633,213.4630087553197,203.9066326693918,202.04220940546713,212.13261984603503,180.0,180.0,219.51388888888889,207.84543524079848,195.89522523821807,59.518742900038845,59.54166018612893,58.78165411423856,58.79999632489676,6120.0,573.8966336691728,1616.7866677736413
220.80885087287058,271.9668054738313,0.0,5.146373661913727,210.7386400589081,2.019230769230769,0.0,0.6689219781334358,0.469788400711316,1.3983131232572625,0.7238664324884998,0.9063776606886945,4.35438778961782,3.013888888888889,2093.4528340451066,2059.835046707253,565.0618491221725,2.0,1.9990756838078676,2.0,1.9991031955806453,0.0,183.44059655900466,0.0,0.4340277777777778,271.09874991827576,0.4340277777777778,0.234894200355658,0.469788400711316,0.234894200355658,0.0,0.0,220.80885087287058,0.6317532941974334,0.6317532941974334,6.702989895978741,0.0,0.0,0.0,0.0,0.0,40.43001053527588,1.5331196581196584,0.7665598290598292,0.7665598290598292,0.5444444444444446,3.5130403285803933,1.0888888888888892,0.0,210.7386400589081,0.0,0.0,0.0,0.0,0.7238664324884998,0.3619332162442499,63.812540338128805,0.39447384722298795,1.1266100118400504,0.8455413918489016,0.7805702569448273,3.22777777777777,3.22777777777777,127.92993262781145,40.35377717939175,1.0096153846153846,0.5048076923076923,0.25240384615384615,0.25240384615384615,0.0,0.0,0.0,0.0,0.0,0.0,0.0,0.0,0.0,0.0,0.0,0.0,0.0,0.0,0.0,0.0,3.013888888888889,3.013888888888889,67.0091929379098,5.50189242597271,0.0,0.0,50.3934981974783,0.0,0.0,0.0,0.0,0.0,0.0,0.0,134.77613302781987,9.677617654336494,133.33402868740853,102.8467206100353,11.630425739244405,11.434218895137443,95.74795243641833,95.86894587539571,34,218.95419095055192,209.5431090656582,185.58926536275865,219.44153311965812,188.5108406873499,208.07026524489652,210.18450086396828,219.81974519457034,219.88715277777777,209.5156825447322,168.6666666666645,220.0,180.0,180.0,217.6715202434008,206.73658176361758,201.5966919231608,202.91035096921925,204.71908069982067,211.0609329479233,180.0,180.0,219.97323272792022,207.7911741007778,206.44907519767975,59.51876449525897,59.541678804300204,55.126491995983365,55.19983334486606,6300.0,577.6540838234675,1318.2399827296863
166.1400474540666,272.17513880716365,1.6666666666666667,0.0,183.436556725575,8.076923076923078,4.562962962962963,2.124219184725503,1.644271702784339,1.9948692268990835,1.3632846122756928,1.5980970023291632,4.341546016884933,5.075278112774393,2093.5237535852757,2023.856894438492,509.9135890989903,2.0,2.0,2.0,2.0,0.0,140.9184081667161,0.0,1.3020833333333335,269.570972140497,1.3020833333333335,0.8221358513921695,1.644271702784339,0.8221358513921695,0.0,0.0,166.1400474540666,0.0,0.0,0.0,0.4166666666666667,0.8333333333333334,0.4166666666666667,0.9923865365264652,1.9948692268990835,3.041146347308858,0.0,0.0,0.0,0.0,0.0,0.0,0.5642361111111112,182.30808450335277,0.5642361111111112,0.7990485011645816,1.5980970023291632,0.7990485011645816,0.0,0.0,40.989365808547255,1.5004555570240339,4.341546016884933,3.316894445178684,3.0835611118453508,0.0,0.0,105.14928295378834,16.87312750536851,4.038461538461539,2.0192307692307696,1.0096153846153848,1.0096153846153848,0.0,0.0,0.0,0.0,0.0,0.0,0.0,0.0,0.0,0.0,0.0,0.0,1.1407407407407408,2.2814814814814817,0.5703703703703704,0.5703703703703704,0.0,0.0,45.137453020055,0.0,5.075278112774393,2.5376390563871967,48.4782028631247,3.5146528615269315,0.0,0.0,0.0,0.0,0.0,0.0,127.38570414669152,3.8888888888888893,124.96365831703835,71.27655455190231,11.624640356725807,11.175207542582847,95.7511760926625,96.2942575615592,35,218.97569444444446,209.2683119628738,164.7777777777762,219.3644497863248,190.8458501542611,212.4217185377404,213.53115769006126,219.8929309116809,219.53088910838468,209.03546387708315,186.86666666666449,219.67470381345163,180.0,180.0,219.51388888888889,205.6674675979164,191.49179532138567,199.65026347892572,201.79310986016685,208.01731018459247,180.0,180.0,219.51388888888889,204.8789646248694,202.44742597536566,59.51874694017329,59.5416441420382,58.7816692651714,58.842785323543225,6480.0,490.71610268754847,1069.4873026935409
122.36013292415166,260.7862499182738,0.0,2.5407407407407416,150.37752894779743,0.0,0.0,0.37769357528797143,0.2345538172426096,1.4492171809932202,0.79013048131666,1.0302504258435154,6.416666666666666,3.208333333333333,2093.4436293085523,1983.1721128365161,447.8824135678098,2.0,1.9990113694752898,2.0,1.9991631686707523,0.0,103.10932884681276,0.0,0.26041666666666663,260.26541658494045,0.26041666666666663,0.1172769086213048,0.2345538172426096,0.1172769086213048,0.0,0.0,122.36013292415166,0.657768744396496,0.657768744396496,1.5012418042863924,0.0,0.0,0.0,0.0,0.0,0.0,1.5828968731934483,0.7914484365967241,0.7914484365967241,0.6351851851851854,0.6351851851851854,1.2703703703703708,0.0,150.37752894779743,0.0,0.0,0.0,0.0,0.79013048131666,0.39506524065833,20.329863425852405,0.0,0.0,0.0,0.0,6.416666666666666,6.416666666666666,98.0715051760107,9.09534972759071,0.0,0.0,0.0,0.0,0.0,0.0,0.0,0.0,0.0,0.0,0.0,0.0,0.0,0.0,0.0,0.0,0.0,0.0,0.0,0.0,3.208333333333333,3.208333333333333,29.40365672375878,4.6375,0.0,0.0,35.73224687593252,0.0,0.0,0.0,0.0,0.0,0.0,0.0,116.71156810070107,0.8206569528424735,117.73402868740882,33.044325500311025,11.630438705372057,10.826471613948474,95.7483690978366,96.95713094523153,36,219.80208333333334,209.5118355532766,175.6666666666645,219.77764423076923,206.42620586936246,205.94746773491624,210.11183814031662,219.87847222222223,219.88715277777777,209.13821382793964,187.0999999999979,220.0,180.0,180.0,218.4653109905271,208.81034504966536,202.6860764837999,197.10791883525172,206.80962253164296,203.22555235621383,180.0,180.0,219.6703779467047,205.61486370440602,206.79076329145062,58.55624519488363,58.62839099794283,55.12650419133727,55.51557044584214,6660.0,397.897657122353,863.330979702848
67.69132950534811,261.34180547382834,1.6666666666666667,0.0,114.90877894779754,7.403846153846155,4.562962962962963,2.125195033966389,1.646223401266111,2.0776887464387457,1.3348095594608707,1.541146896699519,3.3124853840975934,4.480215878232203,2093.524612624471,1785.5713531784506,385.6969984079187,2.0,2.0,2.0,2.0,0.0,50.896879558440666,0.0,1.3020833333333335,258.7376388071617,1.3020833333333335,0.8231117006330555,1.646223401266111,0.8231117006330555,0.0,0.0,67.69132950534811,0.0,0.0,0.0,0.4166666666666667,0.8333333333333334,0.4166666666666667,0.8281962250712253,2.0776887464387457,0.8281962250712253,0.0,0.0,0.0,0.0,0.0,0.0,0.5642361111111112,113.78030672557531,0.5642361111111112,0.7705734483497595,1.541146896699519,0.7705734483497595,0.0,0.0,6.651358879074733,1.6562426920487967,3.3124853840975934,3.1808991238021767,2.967010234913287,0.0,0.0,79.71594962045528,0.0,3.701923076923078,1.850961538461539,0.9254807692307695,0.9254807692307695,0.0,0.0,0.0,0.0,0.0,0.0,0.0,0.0,0.0,0.0,0.0,0.0,1.1407407407407408,2.2814814814814817,0.5703703703703704,0.5703703703703704,0.0,0.0,2.1360641311662025,0.0,4.480215878232203,2.2401079391161014,34.73282900073089,3.3658873028913834,0.0,0.0,0.0,0.0,0.0,0.0,106.2207476592765,1.361111111111112,109.36365831703856,1.3805555555555555,11.624639937854937,9.296725782762186,95.75120096502528,99.76183731765565,37,219.65559449091836,209.8015448786392,164.7777777777749,219.70439980956175,210.31287057957778,212.70960605789864,212.68984337176101,219.78681377299597,219.09499706978957,211.74699341108175,186.59444444444233,219.73705650471845,180.0,180.0,219.51388888888889,207.27172937957417,194.0534310004974,199.2689816406819,205.3606886719516,203.93384855433328,180.0,180.0,219.51388888888889,203.7152460556537,201.51713633219276,59.51874670061761,59.55340196713311,58.781673549131355,58.985842165008236,6840.0,338.58533054170033,663.0201412479316
40.113872240390926,234.2654165849392,0.0,3.9925925925925942,67.07197339224197,0.0,0.0,0.8403026678445829,1.2839333852043429,1.5609346949052818,1.3214632014144307,1.658879748855364,5.25,3.013888888888889,2093.443637022043,1460.8101678655341,332.0103588970244,2.0,1.9990113694634994,2.0,1.999448780242249,0.4201513339222914,20.8528556489492,0.8403026678445829,0.0,234.2654165849392,0.0,0.0,0.0,0.0,1.7275641025641029,0.8637820512820514,37.52252608654477,0.6024822026257383,0.6024822026257383,1.3479511309599754,0.0,0.0,0.0,0.0,0.0,0.0,1.9169049845590873,0.9584524922795437,0.9584524922795437,0.9981481481481486,0.9981481481481486,1.9962962962962971,0.0,67.07197339224197,0.0,0.0,0.0,0.0,1.3214632014144307,0.6607316007072154,0.6607316007072154,0.0,0.0,0.0,0.0,5.25,5.25,69.33261628712206,6.222222222222223,0.0,0.0,0.0,0.0,0.0,0.0,0.0,0.0,0.0,0.0,0.0,0.0,0.0,0.0,0.0,0.0,0.0,0.0,0.0,0.0,3.013888888888889,3.013888888888889,4.5791666666666675,4.4430555555555555,0.0,0.0,22.38296959882852,0.0,0.0,0.0,0.0,0.0,0.0,0.0,94.9846272514761,0.9105905229106219,83.74000022598271,0.6258685092868366,11.630438718584346,7.345864307183652,95.74836925696653,102.1397845219302,38,219.91319444444446,211.75201296228715,174.4999999999966,220.0,206.26512859549004,206.3865211742505,210.12910665400713,219.77187040284554,219.88715277777777,209.21332099321438,186.3601990915359,220.0,180.0,180.0,219.36404816476778,208.63214207908788,204.82494461196669,197.70567252348943,207.66306067193028,203.8177102072807,180.0,180.0,219.53376009137244,205.75979620725101,206.59923585855776,58.556245194550314,58.59302005869496,55.12650416321436,56.622844304791734,7020.0,289.591861825099,500.07462447721207
15.909278223296914,202.10569436271686,1.6666666666666667,0.0,30.825445614464176,7.403846153846155,3.7333333333333343,0.6681138758062827,0.46817219605700977,2.0776887464387457,1.1307026586849207,1.2951697801179223,3.0681781483711053,3.273600514500164,2093.5367978909085,1495.7470670325386,296.4514983097054,2.0,2.0,2.0,2.0,0.0,1.6154645300740833,0.0,0.4340277777777778,201.23763880716132,0.4340277777777778,0.23408609802850489,0.46817219605700977,0.23408609802850489,0.0,0.0,15.909278223296914,0.0,0.0,0.0,0.4166666666666667,0.8333333333333334,0.4166666666666667,0.8281962250712253,2.0776887464387457,0.8281962250712253,0.0,0.0,0.0,0.0,0.0,0.0,0.5642361111111112,29.696973392241954,0.5642361111111112,0.5664665475738095,1.2951697801179223,0.5664665475738095,0.0,0.0,0.0,1.5340890741855526,3.0681781483711053,3.119822314870554,2.905933425981665,0.0,0.0,47.28261628712217,0.0,3.701923076923078,1.850961538461539,0.9254807692307695,0.9254807692307695,0.0,0.0,0.0,0.0,0.0,0.0,0.0,0.0,0.0,0.0,0.0,0.0,0.9333333333333336,1.8666666666666671,0.4666666666666668,0.4666666666666668,0.0,0.0,0.0,0.0,3.273600514500164,1.636800257250082,14.95255122990521,2.6559001286250408,0.0,0.0,0.0,0.0,0.0,0.0,84.45909503389743,1.8472222222222223,57.6524927141535,1.3805555555555555,11.624634656213484,7.264381941771107,95.75135864697654,104.80593140569576,39,219.7894956764127,209.71738216494015,183.44444444444073,219.77135040230894,210.2609470389399,212.00811011395888,212.27672805255065,219.89897377470618,219.7374123430794,211.57399253451237,192.54239563290446,219.77796543079896,180.0,180.0,219.02777777777777,207.49995360395337,197.0681315748229,200.1667647689631,205.38441814941777,204.91063658245596,180.0,180.0,219.51388888888889,203.65751734357482,203.16291532685705,59.518725040126846,59.55433165047574,58.78158801752451,59.01246576785263,7200.0,247.03545936207684,350.7877487291705
11.627761129279827,154.20986102938332,0.0,3.9925925925925942,0.0,0.0,0.0,1.0372464356544888,1.6292001409041679,1.1522601076580297,1.3089370836421328,1.652616689969215,2.0416666666666665,2.5277777777777777,2093.4533878641755,1384.9064412126174,252.52232802979182,2.0,1.9990113253255555,2.0,1.999615848999143,0.5186232178272444,0.5186232178272444,1.0372464356544888,0.0,154.20986102938332,0.0,0.0,0.0,0.0,2.2211538461538467,1.1105769230769234,8.296030360049057,0.8109330150008464,0.8109330150008464,1.6218660300016927,0.0,0.0,0.0,0.0,0.0,0.0,0.6826541853143668,0.3413270926571834,0.3413270926571834,0.9981481481481486,0.9981481481481486,1.9962962962962971,0.0,0.0,0.0,0.0,0.0,0.0,1.3089370836421328,0.6544685418210664,0.6544685418210664,0.0,0.0,0.0,0.0,2.0416666666666665,2.0416666666666665,27.93498487745406,3.208333333333334,0.0,0.0,0.0,0.0,0.0,0.0,0.0,0.0,0.0,0.0,0.0,0.0,0.0,0.0,0.0,0.0,0.0,0.0,0.0,0.0,2.5277777777777777,2.5277777777777777,3.8694444444444445,3.7527777777777778,0.0,0.0,1.5205760135277424,0.0,0.0,0.0,0.0,0.0,0.0,0.0,73.08890015287322,0.7701925523538876,29.726398140393446,0.6752067732936726,11.630515025967872,6.909229509099339,95.74825480694092,102.74994034624189,40,219.91319444444446,209.2817650575136,186.36436060569673,220.0,206.92494892635582,207.43418884818482,210.29304913567083,219.63541666666666,219.88715277777777,209.4720805957896,209.78192065962108,220.0,180.0,180.0,219.8469887371768,208.9024599086274,204.75760077665953,201.22322797646873,208.80592801840803,206.83364201710617,180.0,180.0,219.72546095939902,207.14902120296213,206.6314336348254,58.556240360129756,58.616445926186344,55.12640278179941,57.163680365585044,7380.0,215.5764554087596,228.55662755590734
0.0,110.98763880716106,1.6666666666666667,0.0,1.8055555555555556,7.403846153846155,3.7333333333333343,0.5849081854773582,0.47537192651027205,2.362873931623931,1.5343096514681394,2.165841525158501,2.7236831870516656,3.3400138179914314,1857.708252903321,1310.6737457388758,189.58550162670207,2.0,2.0,2.0,2.0,0.0,0.0,0.0,0.3472222222222222,110.2931943627166,0.3472222222222222,0.23768596325513602,0.47537192651027205,0.23768596325513602,0.0,0.0,0.0,0.0,0.0,0.0,0.4166666666666667,0.8333333333333334,0.4166666666666667,0.9481036324786315,2.362873931623931,0.9481036324786315,0.0,0.0,0.0,0.0,0.0,0.0,0.4513888888888889,0.9027777777777778,0.4513888888888889,1.0829207625792505,2.165841525158501,1.0829207625792505,0.0,0.0,0.0,1.3618415935258328,2.7236831870516656,3.0336985745406944,2.8198096856518053,0.0,0.0,0.0,0.0,3.701923076923078,1.850961538461539,0.9254807692307695,0.9254807692307695,0.0,0.0,0.0,0.0,0.0,0.0,0.0,0.0,0.0,0.0,0.0,0.0,0.9333333333333336,1.8666666666666671,0.4666666666666668,0.4666666666666668,0.0,0.0,0.0,0.0,3.3400138179914314,1.6700069089957157,2.8475034544978577,2.672503454497858,0.0,0.0,0.0,0.0,0.0,0.0,61.02274770838881,1.3611111111111112,0.5600694444444445,0.5211805555555558,9.605665853367567,6.159383247532701,99.9561588079986,107.43468309926368,41,218.47707136896437,211.73016808928773,187.44464207656614,219.80539450065237,210.19126832322274,210.86431752893847,211.48939332549878,219.88021512916754,219.11657964224474,211.70654082036177,211.25991019149077,219.83805119580907,180.0,180.0,219.51388888888889,207.64393983909605,200.98296630348668,206.53927887991077,208.455210748114,208.26592292036432,180.0,180.0,219.94357638888889,207.07928473209364,208.90895108856571,59.51870615563797,59.541640166505395,58.78496673089417,59.029626616102256,7560.0,199.5004816258699,155.60760929323436
5.923076923076924,57.43208325160566,0.0,3.629629629629631,0.0,0.0,0.0,1.2284091991081825,2.0949738303233225,1.1837200511230836,1.0649832913968855,1.4398990531058504,2.236111111111111,0.3949652777777778,1734.3322764830546,1277.1838564652162,146.83945676307087,2.0,1.998997192359493,2.0,1.9996429225158072,0.6142045995540912,0.6142045995540912,1.2284091991081825,0.0,57.43208325160566,0.0,0.0,0.0,0.0,2.961538461538462,1.480769230769231,1.480769230769231,0.7994012939785997,0.7994012939785997,1.5988025879571994,0.0,0.0,0.0,0.0,0.0,0.0,0.768637514288968,0.384318757144484,0.384318757144484,0.9074074074074078,0.9074074074074078,1.8148148148148155,0.0,0.0,0.0,0.0,0.0,0.0,1.0649832913968855,0.5324916456984428,0.5324916456984428,0.0,0.0,0.0,0.0,2.236111111111111,2.236111111111111,3.5194444444444453,3.4027777777777786,0.0,0.0,0.0,0.0,0.0,0.0,0.0,0.0,0.0,0.0,0.0,0.0,0.0,0.0,0.0,0.0,0.0,0.0,0.0,0.0,0.3949652777777778,0.3949652777777778,1.9602430555555561,1.8241319444444444,0.0,0.0,0.0,0.0,0.0,0.0,0.0,0.0,0.0,0.0,24.616740737291863,0.9427939004938465,0.7219351667151012,0.6830462778262123,8.811745347833213,6.1791149315303215,101.33747804829248,104.89762017222843,42,219.85809908060813,209.46354987390083,190.22917166194225,219.8898092723273,208.24465083394762,208.45554770828855,210.333987201277,219.87847222222223,219.88715277777777,209.74151676169544,210.25046728050748,220.0,180.0,180.0,219.53554990094756,209.77193238876444,204.3858375080599,204.62448306551073,211.51501228910925,208.19590627920465,180.0,180.0,219.8182280219957,207.7371633223007,211.6414182706766,58.556246799151076,58.61966430135173,55.114285854105674,57.28317409178895,7740.0,191.12586224221613,92.2752049898147
0.0,14.209861029383532,1.6666666666666667,0.0,1.8055555555555556,7.403846153846155,3.7333333333333343,0.5839888191721795,0.47353319389991455,1.7276887464387456,1.5245516432576647,2.2871144059403266,2.2760142478396865,3.3292670842681518,1443.2173698494673,1266.8119933553467,106.54975145113069,2.0,2.0,2.0,2.0,0.0,0.0,0.0,0.3472222222222222,13.51541658493909,0.3472222222222222,0.23676659694995728,0.47353319389991455,0.23676659694995728,0.0,0.0,0.0,0.0,0.0,0.0,0.4166666666666667,0.8333333333333334,0.4166666666666667,0.8022702991452993,1.7276887464387456,0.8022702991452993,0.0,0.0,0.0,0.0,0.0,0.0,0.4513888888888889,0.9027777777777778,0.4513888888888889,1.0731627543687758,2.2871144059403266,1.0731627543687758,0.0,0.0,0.0,1.1380071239198433,2.2760142478396865,2.9217813397377,2.7078924508488105,0.0,0.0,0.0,0.0,3.701923076923078,1.850961538461539,0.9254807692307695,0.9254807692307695,0.0,0.0,0.0,0.0,0.0,0.0,0.0,0.0,0.0,0.0,0.0,0.0,0.9333333333333336,1.8666666666666671,0.4666666666666668,0.4666666666666668,0.0,0.0,0.0,0.0,3.3292670842681518,1.6646335421340759,2.844816771067038,2.6698167710670377,0.0,0.0,0.0,0.0,0.0,0.0,1.4,1.3611111111111112,0.5600694444444447,0.5211805555555554,6.910060996226061,5.928362796276385,105.99112589930249,107.78691972266336,43,219.16761189431148,211.63989350939227,189.91233158817778,219.72030848457638,210.4863768316027,210.7253749888943,211.41744012972487,219.91295637674182,219.6874118409476,211.77383759420223,211.57354217314045,219.75296517973308,180.0,180.0,219.51388888888889,208.62461564185844,202.20272949635003,208.5763289529324,210.17162173065591,208.71778065097803,180.0,180.0,219.94357638888889,207.8447741679581,208.1827146807265,59.50871679774835,59.53341140137887,58.99558099849128,59.07211664514711,7920.0,187.57257645468673,57.08422771687464
5.429487179487181,0.0,0.0,3.629629629629631,0.0,0.0,0.0,1.159642661877781,1.9371931258106856,1.1853146394987324,1.0259429556921318,1.4203788852534736,0.2170138888888889,0.3949652777777778,1278.5672599661536,1218.6376889371345,99.74956827027943,2.0,1.9996325706928846,2.0,1.9996648832023758,0.5798213309388905,0.5798213309388905,1.159642661877781,0.0,0.0,0.0,0.0,0.0,0.0,2.7147435897435903,1.3573717948717952,1.3573717948717952,0.7686284966758828,0.7686284966758828,1.5372569933517657,0.0,0.0,0.0,0.0,0.0,0.0,0.833372285645699,0.4166861428228495,0.4166861428228495,0.9074074074074078,0.9074074074074078,1.8148148148148155,0.0,0.0,0.0,0.0,0.0,0.0,1.0259429556921318,0.5129714778460659,0.5129714778460659,0.0,0.0,0.0,0.0,0.2170138888888889,0.2170138888888889,1.2864583333333335,1.1892361111111112,0.0,0.0,0.0,0.0,0.0,0.0,0.0,0.0,0.0,0.0,0.0,0.0,0.0,0.0,0.0,0.0,0.0,0.0,0.0,0.0,0.3949652777777778,0.3949652777777778,1.9602430555555561,1.8241319444444444,0.0,0.0,0.0,0.0,0.0,0.0,0.0,0.0,0.0,0.0,0.9740147394730935,0.9351258505842044,0.7283302684650526,0.6894413795761637,6.1930781304078195,5.861549742861623,104.58093194303324,105.13332740659274,44,219.79969424279875,209.53307846003426,210.7736997617386,219.7729995967086,208.31499333512608,208.49287523529577,210.35211664098318,219.86436631944446,219.88715277777777,210.16209584912937,210.3947602669996,220.0,180.0,180.0,219.52020372907344,209.79799620033998,206.65788950048665,205.98083745803666,212.38290303292445,208.75362866460367,180.0,180.0,219.8297417207206,209.12217973981697,212.05657352556725,58.53972391217202,58.60954444476725,57.35922888337839,57.48047816337919,8100.0,158.88660206886198,25.655574380029346
0.0,1.3888888888888888,1.6666666666666667,0.0,1.8055555555555556,0.0,3.7333333333333343,0.5123998397435897,0.33035523504273506,2.614283881996169,0.7535535950628884,0.6043294123479992,0.13020833333333331,2.7497844981432116,1207.1106213469286,1147.0680868461236,92.45755020889057,2.0,1.9999851260590304,2.0,1.999986383146858,0.0,0.0,0.0,0.3472222222222222,0.6944444444444444,0.3472222222222222,0.16517761752136753,0.33035523504273506,0.16517761752136753,0.0,0.0,0.0,0.0,0.0,0.0,0.4166666666666667,0.8333333333333334,0.4166666666666667,1.3071419409980845,2.614283881996169,1.3071419409980845,0.0,0.0,0.0,0.0,0.0,0.0,0.4513888888888889,0.9027777777777778,0.4513888888888889,0.3021647061739996,0.6043294123479992,0.3021647061739996,0.0,0.0,0.0,0.0,0.0,0.0,0.0,0.13020833333333331,0.13020833333333331,0.7718750000000001,0.7135416666666666,0.0,0.0,0.0,0.0,0.0,0.0,0.0,0.0,0.0,0.0,0.0,0.0,0.0,0.0,0.0,0.0,0.9333333333333336,1.8666666666666671,0.4666666666666668,0.4666666666666668,0.0,0.0,0.0,0.0,2.7497844981432116,1.3748922490716058,2.6999461245358027,2.5249461245358025,0.0,0.0,0.0,0.0,0.0,0.0,1.9013128525086334,1.6874239636197441,0.5600694444444445,0.5211805555555553,5.636266167057307,5.337234362114321,107.99112985487616,108.34910907098559,45,219.35141388291376,211.03266880896632,211.5111770269236,219.74165007686057,211.85433730134267,211.79657902713515,211.60203524378113,219.93416358362333,219.73009502551596,212.24199535016825,211.65355127386664,219.77430677201727,180.0,180.0,219.89606481481482,208.53430325339556,208.20735093420654,211.1581495940298,211.2626392709888,210.31636738075434,180.0,180.0,219.94357638888889,208.06414036416717,209.8712266368666,59.05171924641705,59.0944975214573,59.142096641066054,59.19617471818321,8280.0,144.00523846142815,26.78778383283801
5.429487179487181,0.0,0.0,3.629629629629631,0.0,0.0,0.0,1.1339893450893341,1.9243664674164622,1.300816027658358,1.0478812919033382,1.431348053359077,0.6510416666666667,0.3949652777777778,1134.0940936700354,1074.5537722061813,85.31453692914668,2.0,1.9988986854864907,2.0,1.9990046367022312,0.5669946725446671,0.5669946725446671,1.1339893450893341,0.0,0.0,0.0,0.0,0.0,0.0,2.7147435897435903,1.3573717948717952,1.3573717948717952,0.6175216343716468,0.6175216343716468,1.2350432687432935,0.0,0.0,0.0,0.0,0.0,0.0,1.3665887865734225,0.6832943932867113,0.6832943932867113,0.9074074074074078,0.9074074074074078,1.8148148148148155,0.0,0.0,0.0,0.0,0.0,0.0,1.0478812919033382,0.5239406459516691,0.5239406459516691,0.0,0.0,0.0,0.0,0.6510416666666667,0.6510416666666667,3.8593750000000004,3.5677083333333335,0.0,0.0,0.0,0.0,0.0,0.0,0.0,0.0,0.0,0.0,0.0,0.0,0.0,0.0,0.0,0.0,0.0,0.0,0.0,0.0,0.3949652777777778,0.3949652777777778,1.9602430555555561,1.8241319444444444,0.0,0.0,0.0,0.0,0.0,0.0,0.0,0.0,0.0,0.0,0.9547335588590764,0.9158446699701874,0.9674482603481137,0.9285593714592246,5.247711407824091,4.950000268426509,108.95525966671663,109.36312255405204,46,219.7952564915988,210.0706416269141,210.8576319008189,219.76412409430867,210.13341401592277,210.24413093690274,210.7088319859084,219.60959201388889,219.8214126860667,210.55723285592975,210.64203439182333,219.86851981657784,180.0,180.0,219.5827327814751,212.53706091726758,211.24288180016117,209.25862915864502,212.4328412620865,211.90679179990676,180.0,180.0,219.38980743425287,211.34608729201776,212.56349006128818,56.14302749814986,56.326059751383774,57.313558389031755,57.458991720181196,8460.0,139.32587394974584,31.929594415957812
0.0,1.3888888888888888,1.6666666666666667,0.0,1.8055555555555556,0.0,2.48888888888889,0.5674590455840456,0.44047364672364675,0.9459223646723646,0.7558452806355134,0.6440775655690207,0.13020833333333331,0.8450854700854702,1197.1498198752213,1138.4165127498004,93.23290300157498,2.0,1.9999851280636154,2.0,1.9999863855504731,0.0,0.0,0.0,0.3472222222222222,0.6944444444444444,0.3472222222222222,0.22023682336182338,0.44047364672364675,0.22023682336182338,0.0,0.0,0.0,0.0,0.0,0.0,0.4166666666666667,0.8333333333333334,0.4166666666666667,0.4729611823361823,0.9459223646723646,0.4729611823361823,0.0,0.0,0.0,0.0,0.0,0.0,0.4513888888888889,0.9027777777777778,0.4513888888888889,0.30445639174662453,0.6440775655690207,0.30445639174662453,0.0,0.0,0.0,0.0,0.0,0.0,0.0,0.13020833333333331,0.13020833333333331,0.7718750000000001,0.7135416666666666,0.0,0.0,0.0,0.0,0.0,0.0,0.0,0.0,0.0,0.0,0.0,0.0,0.0,0.0,0.0,0.0,0.6222222222222223,1.2444444444444447,0.31111111111111117,0.31111111111111117,0.0,0.0,0.0,0.0,0.8450854700854702,0.36658653846153844,1.5249599358974364,1.4082932692307693,0.0,0.0,0.0,0.0,0.0,0.0,1.8921694731065504,1.6782805842176611,0.5600694444444443,0.5211805555555555,5.687519709875628,5.385185698698323,106.29650580059491,106.67819462717176,47,219.86888772302302,210.50075656951552,211.9669545625688,219.81104642561408,211.6940864196534,211.24722103700955,211.83569463272522,219.92920208299398,219.86888772302302,212.13870545705203,212.0016791620752,219.84370312077078,180.0,180.0,219.89606481481482,208.6988428038615,208.65741438532737,209.88472629067516,211.23208335562506,209.29517962730867,180.0,180.0,219.94357638888889,208.95805575700317,209.93454649229525,59.05109166939948,59.09390427401897,59.125064497782006,59.18291569850419,8640.0,138.29055621524353,17.26654091886284
5.429487179487181,0.0,0.0,3.629629629629631,0.0,0.0,0.0,1.3991646787810597,2.056954134262325,1.2552810482641474,1.2953577224862076,1.5550862686505116,0.6510416666666667,0.16927083333333334,1084.215899168147,1028.4142847155674,86.3937320934974,2.0,1.9991859466816966,2.0,1.9992615813065828,0.6995823393905298,0.6995823393905298,1.3991646787810597,0.0,0.0,0.0,0.0,0.0,0.0,2.7147435897435903,1.3573717948717952,1.3573717948717952,0.5739745659278837,0.5739745659278837,1.1479491318557673,0.0,0.0,0.0,0.0,0.0,0.0,1.3626129646725276,0.6813064823362638,0.6813064823362638,0.9074074074074078,0.9074074074074078,1.8148148148148155,0.0,0.0,0.0,0.0,0.0,0.0,1.2953577224862076,0.6476788612431038,0.6476788612431038,0.0,0.0,0.0,0.0,0.6510416666666667,0.6510416666666667,3.8593750000000004,3.5677083333333335,0.0,0.0,0.0,0.0,0.0,0.0,0.0,0.0,0.0,0.0,0.0,0.0,0.0,0.0,0.0,0.0,0.0,0.0,0.0,0.0,0.16927083333333334,0.16927083333333334,0.8401041666666668,0.7817708333333333,0.0,0.0,0.0,0.0,0.0,0.0,0.0,0.0,0.0,0.0,0.9474172401756088,0.9085283512867197,3.1434778446094693,2.8323667334983584,5.047176875723598,4.776011555471356,108.63021747115755,108.89696780223501,48,219.79576198889617,210.07265337409547,211.1322205803416,219.76513508890343,210.35401310878274,210.0340665262527,210.64820491752897,219.60959201388889,219.8483670119992,211.14619195494242,210.8368948947535,219.92242846844283,180.0,180.0,219.60611429602963,212.54493128793192,211.27870944431504,210.62365778769765,213.805308535601,211.97357334971755,180.0,180.0,219.41318894880743,207.9744144228745,209.6447111414589,56.141629150911,56.32471475395036,58.81888704746719,58.88499914667989,8820.0,142.02065485232953,30.158869138041272
0.0,1.3888888888888888,1.6666666666666667,0.0,1.8055555555555556,0.0,1.6592592592592594,0.5682692307692307,0.4420940170940171,0.8685899380974134,0.757883754779431,0.6129897317810844,0.13020833333333331,0.46073717948717957,1165.131331350594,1109.879760502529,94.1738188032651,2.0,1.999985092272869,2.0,1.9999863527333555,0.0,0.0,0.0,0.3472222222222222,0.6944444444444444,0.3472222222222222,0.22104700854700854,0.4420940170940171,0.22104700854700854,0.0,0.0,0.0,0.0,0.0,0.0,0.4166666666666667,0.8333333333333334,0.4166666666666667,0.4342949690487067,0.8685899380974134,0.4342949690487067,0.0,0.0,0.0,0.0,0.0,0.0,0.4513888888888889,0.9027777777777778,0.4513888888888889,0.3064948658905422,0.6129897317810844,0.3064948658905422,0.0,0.0,0.0,0.0,0.0,0.0,0.0,0.13020833333333331,0.13020833333333331,0.7718750000000001,0.7135416666666666,0.0,0.0,0.0,0.0,0.0,0.0,0.0,0.0,0.0,0.0,0.0,0.0,0.0,0.0,0.0,0.0,0.41481481481481486,0.8296296296296297,0.20740740740740743,0.20740740740740743,0.0,0.0,0.0,0.0,0.46073717948717957,0.23036858974358979,1.0096287393162395,0.9318509615384616,0.0,0.0,0.0,0.0,0.0,0.0,1.8040698620727338,1.5901809731838454,1.5578285297177135,1.2661618630510458,5.634217304590052,5.360285086693803,105.89861148993042,106.13963755108387,49,219.8688911736818,210.4971347424481,211.86190683288197,219.81104815094346,211.77078581451545,211.39895731975594,211.79746258313168,219.73788460219504,219.8688911736818,212.51705046883342,211.89868477993772,219.84370484610017,180.0,180.0,219.55902777777777,208.87114674050906,208.32355872183123,209.75289207380456,210.89096872478703,209.4910901393691,180.0,180.0,219.94357638888889,208.9809047881253,209.92319334898446,59.0505432977048,59.09338297197511,59.1218895799939,59.18003599814703,9000.0,138.19010861765855,14.746136547734205
5.429487179487181,0.0,0.0,3.629629629629631,0.0,0.0,0.0,1.3318403966370655,2.0232919931903277,1.1960376081631865,1.2282970622605613,1.5215559385376884,0.6510416666666667,0.16927083333333334,1080.2192157112522,1024.4399515036985,86.34374194670805,2.0,1.9991854028650287,2.0,1.9992610681591199,0.6659201983185328,0.6659201983185328,1.3318403966370655,0.0,0.0,0.0,0.0,0.0,0.0,2.7147435897435903,1.3573717948717952,1.3573717948717952,0.5380125598845723,0.5380125598845723,1.0760251197691446,0.0,0.0,0.0,0.0,0.0,0.0,1.3160500965572282,0.6580250482786141,0.6580250482786141,0.9074074074074078,0.9074074074074078,1.8148148148148155,0.0,0.0,0.0,0.0,0.0,0.0,1.2282970622605613,0.6141485311302807,0.6141485311302807,0.0,0.0,0.0,0.0,0.6510416666666667,0.6510416666666667,3.8593750000000004,3.5677083333333335,0.0,0.0,0.0,0.0,0.0,0.0,0.0,0.0,0.0,0.0,0.0,0.0,0.0,0.0,0.0,0.0,0.0,0.0,0.0,0.0,0.16927083333333334,0.16927083333333334,0.8401041666666668,0.7817708333333333,0.0,0.0,0.0,0.0,0.0,0.0,0.0,0.0,0.0,0.0,1.1165624123594096,1.0776735234705206,3.151102418309594,2.839991307198483,5.02169062319671,4.75105922396222,108.79671605677869,109.06541377438393,50,219.79538876213314,210.00462080190334,211.04364252970012,219.76438863537737,210.3775927071148,209.98612877799042,210.67752859675863,219.60959201388889,219.84800735476324,211.24415528291374,210.74764837437075,219.9217091539709,180.0,180.0,219.6532743440376,212.56156085145142,211.2905311178761,210.8228816766349,213.90222466117342,211.85527338553896,180.0,180.0,219.3992940304653,207.95420853421507,209.64041958108396,56.141200110496115,56.32430805798927,58.8122708365129,58.87828574920905,9180.0,141.44497917708588,29.653125492898145
0.0,1.3888888888888888,1.6666666666666667,0.0,1.8055555555555556,0.0,1.6592592592592594,0.5674590455840456,0.44047364672364675,0.8677561346691227,0.7589425727224399,0.6151073676671022,0.13020833333333331,0.46073717948717957,1164.6520670147245,1109.4023737100308,94.14922706097208,2.0,1.9999850957887597,2.0,1.9999863559548476,0.0,0.0,0.0,0.3472222222222222,0.6944444444444444,0.3472222222222222,0.22023682336182338,0.44047364672364675,0.22023682336182338,0.0,0.0,0.0,0.0,0.0,0.0,0.4166666666666667,0.8333333333333334,0.4166666666666667,0.43387806733456136,0.8677561346691227,0.43387806733456136,0.0,0.0,0.0,0.0,0.0,0.0,0.4513888888888889,0.9027777777777778,0.4513888888888889,0.3075536838335511,0.6151073676671022,0.3075536838335511,0.0,0.0,0.0,0.0,0.0,0.0,0.0,0.13020833333333331,0.13020833333333331,0.7718750000000001,0.7135416666666666,0.0,0.0,0.0,0.0,0.0,0.0,0.0,0.0,0.0,0.0,0.0,0.0,0.0,0.0,0.0,0.0,0.41481481481481486,0.8296296296296297,0.20740740740740743,0.20740740740740743,0.0,0.0,0.0,0.0,0.46073717948717957,0.23036858974358979,1.0096287393162395,0.9318509615384616,0.0,0.0,0.0,0.0,0.0,0.0,1.8165406380408045,1.6026517491519148,1.5529207819969968,1.2612541153303285,5.631729404895108,5.357808242311622,105.90012680402806,106.1411986386183,51,219.8688909719567,210.41782442017146,211.8991932183823,219.8110480500809,211.79325481310917,211.4416097086562,211.83144661600872,219.73429829565626,219.8688909719567,212.51513412757012,211.91674706117038,219.8437047452376,180.0,180.0,219.55902777777777,208.8736330122539,208.66929933641882,209.5604337890878,210.90393072145326,209.33785782885627,180.0,180.0,219.94357638888889,208.9877880409845,209.9299706511361,59.05053734649352,59.09337726080476,59.122228275146504,59.18038724009212,9360.0,138.0906361872035,14.745463471908918
5.429487179487181,0.0,0.0,3.629629629629631,0.0,0.0,0.0,1.3558386071738993,2.0352910984587447,1.1977065630246573,1.2513799660139582,1.5330973904143868,0.6510416666666667,0.16927083333333334,1080.2405889762138,1024.460988089842,86.29731179311827,2.0,1.9991854220630145,2.0,1.9992610858837767,0.6779193035869496,0.6779193035869496,1.3558386071738993,0.0,0.0,0.0,0.0,0.0,0.0,2.7147435897435903,1.3573717948717952,1.3573717948717952,0.5380664510798923,0.5380664510798923,1.0761329021597845,0.0,0.0,0.0,0.0,0.0,0.0,1.3192802238895303,0.6596401119447651,0.6596401119447651,0.9074074074074078,0.9074074074074078,1.8148148148148155,0.0,0.0,0.0,0.0,0.0,0.0,1.2513799660139582,0.6256899830069791,0.6256899830069791,0.0,0.0,0.0,0.0,0.6510416666666667,0.6510416666666667,3.8593750000000004,3.5677083333333335,0.0,0.0,0.0,0.0,0.0,0.0,0.0,0.0,0.0,0.0,0.0,0.0,0.0,0.0,0.0,0.0,0.0,0.0,0.0,0.0,0.16927083333333334,0.16927083333333334,0.8401041666666668,0.7817708333333333,0.0,0.0,0.0,0.0,0.0,0.0,0.0,0.0,0.0,0.0,1.1153062097296595,1.0764173208407706,3.1286801609013737,2.8175690497902623,5.0217495355208746,4.751116118592993,108.79744194633373,109.06620323820637,52,219.79538753765183,210.00862989514155,211.04780210216134,219.76438618641478,210.4272067549089,210.03763057874173,210.68413121248432,219.60959201388889,219.84826469541204,211.2348238106605,210.74761579082096,219.92222383526857,180.0,180.0,219.65303016028744,212.55151106185642,211.29383578642884,210.82614456611705,213.90057787843108,211.85639839797,180.0,180.0,219.46010481306521,208.00079816407512,209.64568597756602,56.141255257759376,56.32436123207713,58.81215855418616,58.87817592754255,9540.0,141.33010717912174,29.75396354092449
0.0,1.3888888888888888,1.6666666666666667,0.0,1.8055555555555556,0.0,1.6592592592592594,0.5674590455840456,0.44047364672364675,0.8678139069254904,0.7589145981631797,0.6150514185485818,0.13020833333333331,0.46073717948717957,1164.6309126700785,1109.3815272778133,94.14657723831493,2.0,1.9999850958932082,2.0,1.9999863560509061,0.0,0.0,0.0,0.3472222222222222,0.6944444444444444,0.3472222222222222,0.22023682336182338,0.44047364672364675,0.22023682336182338,0.0,0.0,0.0,0.0,0.0,0.0,0.4166666666666667,0.8333333333333334,0.4166666666666667,0.4339069534627452,0.8678139069254904,0.4339069534627452,0.0,0.0,0.0,0.0,0.0,0.0,0.4513888888888889,0.9027777777777778,0.4513888888888889,0.3075257092742909,0.6150514185485818,0.3075257092742909,0.0,0.0,0.0,0.0,0.0,0.0,0.0,0.13020833333333331,0.13020833333333331,0.7718750000000001,0.7135416666666666,0.0,0.0,0.0,0.0,0.0,0.0,0.0,0.0,0.0,0.0,0.0,0.0,0.0,0.0,0.0,0.0,0.41481481481481486,0.8296296296296297,0.20740740740740743,0.20740740740740743,0.0,0.0,0.0,0.0,0.46073717948717957,0.23036858974358979,1.0096287393162395,0.9318509615384616,0.0,0.0,0.0,0.0,0.0,0.0,1.816361584884433,1.6024726959955438,1.5526187490214425,1.2609520823547749,5.631622606252217,5.357704084228575,105.90019084852244,106.14125417221618,53,219.86889087866416,210.41835773779252,211.90000820526834,219.81104800343465,211.7950479126206,211.44189948211144,211.83063950286473,219.73710870857448,219.86889087866416,212.51506340796251,211.91658051835503,219.84370469859135,180.0,180.0,219.55902777777777,208.87513054236095,208.669277914334,209.56106385146842,210.90400365152865,209.33835687012038,180.0,180.0,219.94357638888889,208.98963320075853,209.9301988909402,59.05053965768202,59.09337948833927,59.12223342026357,59.18039257004458,9720.0,138.08069135721118,14.745467118184612
5.429487179487181,0.0,0.0,3.629629629629631,0.0,0.0,0.0,1.3557632194587217,2.035253404601156,1.1976691191756945,1.2513679995363178,1.5330914071755668,0.6510416666666667,0.16927083333333334,1080.2360984288744,1024.4565235281073,86.29781905665861,2.0,1.999185422088046,2.0,1.9992610859082538,0.6778816097293608,0.6778816097293608,1.3557632194587217,0.0,0.0,0.0,0.0,0.0,0.0,2.7147435897435903,1.3573717948717952,1.3573717948717952,0.5380538716581768,0.5380538716581768,1.0761077433163535,0.0,0.0,0.0,0.0,0.0,0.0,1.3192304950350353,0.6596152475175177,0.6596152475175177,0.9074074074074078,0.9074074074074078,1.8148148148148155,0.0,0.0,0.0,0.0,0.0,0.0,1.2513679995363178,0.6256839997681589,0.6256839997681589,0.0,0.0,0.0,0.0,0.6510416666666667,0.6510416666666667,3.8593750000000004,3.5677083333333335,0.0,0.0,0.0,0.0,0.0,0.0,0.0,0.0,0.0,0.0,0.0,0.0,0.0,0.0,0.0,0.0,0.0,0.0,0.0,0.0,0.16927083333333334,0.16927083333333334,0.8401041666666668,0.7817708333333333,0.0,0.0,0.0,0.0,0.0,0.0,0.0,0.0,0.0,0.0,1.1155128660688662,1.0766239771799775,3.1289059813516724,2.8177948702405615,5.021727011221571,4.751093929861427,108.79746906260219,109.06622921602863,54,219.79538756412575,210.00857567928892,211.04963668977925,219.76438623936255,210.4218462561436,210.03736589386517,210.68129040268374,219.60959201388889,219.84827794430902,211.23486875900826,210.74770155406418,219.92225033306246,180.0,180.0,219.65285164177544,212.55130229512085,211.29383186684845,210.82626301103565,213.90355169192222,211.85946313984104,180.0,180.0,219.4599262945532,208.0003962218245,209.64571595871013,56.14125448168587,56.32436049474215,58.81216629664434,58.878183414059954,9900.0,141.33108246347956,29.753639057143
0.0,1.3888888888888888,1.6666666666666667,0.0,1.8055555555555556,0.0,1.6592592592592594,0.5674590455840456,0.44047364672364675,0.8678118179439307,0.7589020955965959,0.6150264134154142,0.13020833333333331,0.46073717948717957,1164.6420393706132,1109.3926678294463,94.14755626656793,2.0,1.999985095857111,2.0,1.9999863560176718,0.0,0.0,0.0,0.3472222222222222,0.6944444444444444,0.3472222222222222,0.22023682336182338,0.44047364672364675,0.22023682336182338,0.0,0.0,0.0,0.0,0.0,0.0,0.4166666666666667,0.8333333333333334,0.4166666666666667,0.43390590897196535,0.8678118179439307,0.43390590897196535,0.0,0.0,0.0,0.0,0.0,0.0,0.4513888888888889,0.9027777777777778,0.4513888888888889,0.3075132067077071,0.6150264134154142,0.3075132067077071,0.0,0.0,0.0,0.0,0.0,0.0,0.0,0.13020833333333331,0.13020833333333331,0.7718750000000001,0.7135416666666666,0.0,0.0,0.0,0.0,0.0,0.0,0.0,0.0,0.0,0.0,0.0,0.0,0.0,0.0,0.0,0.0,0.41481481481481486,0.8296296296296297,0.20740740740740743,0.20740740740740743,0.0,0.0,0.0,0.0,0.46073717948717957,0.23036858974358979,1.0096287393162395,0.9318509615384616,0.0,0.0,0.0,0.0,0.0,0.0,1.8163488978272189,1.6024600089383296,1.5526565034764173,1.2609898368097505,5.631680601146304,5.357762201329761,105.9001574343821,106.1412199223462,55,219.86889088160532,210.41844044401984,211.9000233761587,219.81104800490522,211.79505942045984,211.4419536137753,211.8306441030654,219.7370860597217,219.86889088160532,212.51522430982115,211.91667781868,219.84370470006192,180.0,180.0,219.55902777777777,208.87477896442746,208.66895020574228,209.5613147821675,210.9040369718257,209.338598248729,180.0,180.0,219.94357638888889,208.98936863540422,209.93019356356325,59.05054129288837,59.09338105817206,59.12222155902516,59.18038037856107,10080.0,138.0806570396577,14.745412929955158
5.429487179487181,0.0,0.0,3.629629629629631,0.0,0.0,0.0,1.355732163032668,2.035237876388129,1.1976659245868382,1.2513657106542897,1.5330902627345526,0.6510416666666667,0.16927083333333334,1080.2358021387388,1024.4562284484246,86.29783105087213,2.0,1.999185422098403,2.0,1.999261085918389,0.677866081516334,0.677866081516334,1.355732163032668,0.0,0.0,0.0,0.0,0.0,0.0,2.7147435897435903,1.3573717948717952,1.3573717948717952,0.538052200563927,0.538052200563927,1.076104401127854,0.0,0.0,0.0,0.0,0.0,0.0,1.3192274480458224,0.6596137240229112,0.6596137240229112,0.9074074074074078,0.9074074074074078,1.8148148148148155,0.0,0.0,0.0,0.0,0.0,0.0,1.2513657106542897,0.6256828553271448,0.6256828553271448,0.0,0.0,0.0,0.0,0.6510416666666667,0.6510416666666667,3.8593750000000004,3.5677083333333335,0.0,0.0,0.0,0.0,0.0,0.0,0.0,0.0,0.0,0.0,0.0,0.0,0.0,0.0,0.0,0.0,0.0,0.0,0.0,0.0,0.16927083333333334,0.16927083333333334,0.8401041666666668,0.7817708333333333,0.0,0.0,0.0,0.0,0.0,0.0,0.0,0.0,0.0,0.0,1.115513074131799,1.0766241852429101,3.128924808438386,2.817813697327275,5.02172537037502,4.751092311105513,108.7974734687273,109.06623370173494,56,219.79538755453737,210.00857719364572,211.04964790514575,219.76438622018583,210.42182416605652,210.03737144189043,210.68132278549655,219.60959201388889,219.84827801838833,211.23486702017337,210.7477102346822,219.9222504812211,180.0,180.0,219.6528552958582,212.55130737113208,211.29383193060272,210.8262478187506,213.90351903245445,211.8594489380829,180.0,180.0,219.45992994863596,208.00035165983053,209.6457384552777,56.14125446068782,56.3243604768902,58.81216664592612,58.87818374728838,10260.0,141.33103895978405,29.753559588171413
0.0,1.3888888888888888,1.6666666666666667,0.0,1.8055555555555556,0.0,1.6592592592592594,0.5674590455840456,0.44047364672364675,0.8678117968999082,0.7589020220112723,0.615026266244767,0.13020833333333331,0.46073717948717957,1164.6417962972798,1109.3924261768768,94.14753979536191,2.0,1.9999850958583592,2.0,1.999986356018818,0.0,0.0,0.0,0.3472222222222222,0.6944444444444444,0.3472222222222222,0.22023682336182338,0.44047364672364675,0.22023682336182338,0.0,0.0,0.0,0.0,0.0,0.0,0.4166666666666667,0.8333333333333334,0.4166666666666667,0.4339058984499541,0.8678117968999082,0.4339058984499541,0.0,0.0,0.0,0.0,0.0,0.0,0.4513888888888889,0.9027777777777778,0.4513888888888889,0.3075131331223835,0.615026266244767,0.3075131331223835,0.0,0.0,0.0,0.0,0.0,0.0,0.0,0.13020833333333331,0.13020833333333331,0.7718750000000001,0.7135416666666666,0.0,0.0,0.0,0.0,0.0,0.0,0.0,0.0,0.0,0.0,0.0,0.0,0.0,0.0,0.0,0.0,0.41481481481481486,0.8296296296296297,0.20740740740740743,0.20740740740740743,0.0,0.0,0.0,0.0,0.46073717948717957,0.23036858974358979,1.0096287393162395,0.9318509615384616,0.0,0.0,0.0,0.0,0.0,0.0,1.8163516787523881,1.6024627898634989,1.5526556396002875,1.26098897293362,5.631679327584388,5.35776093672074,105.9001585039835,106.14122100183805,57,219.86889087981763,210.41843829562038,211.90001187832405,219.81104800401138,211.7950565214709,211.4419574615885,211.83064130817436,219.73708359214575,219.86889087981763,212.51522393429326,211.9166768082023,219.8437046991681,180.0,180.0,219.55902777777777,208.87478578843428,208.66895547520218,209.56131749696587,210.90403997650714,209.33860133615033,180.0,180.0,219.94357638888889,208.9893733726661,209.93019456407077,59.050541280446026,59.09338104619726,59.122221781321194,59.18038060642537,10440.0,138.0806494163365,14.745412593525819
5.429487179487181,0.0,0.0,3.629629629629631,0.0,0.0,0.0,1.3557318251981232,2.0352377074708565,1.1976664365406813,1.2513655441975522,1.5330901795061838,0.6510416666666667,0.16927083333333334,1080.2358264555612,1024.456252631888,86.29783239989801,2.0,1.999185422097542,2.0,1.9992610859175963,0.6778659125990616,0.6778659125990616,1.3557318251981232,0.0,0.0,0.0,0.0,0.0,0.0,2.7147435897435903,1.3573717948717952,1.3573717948717952,0.5380523613387959,0.5380523613387959,1.0761047226775917,0.0,0.0,0.0,0.0,0.0,0.0,1.319228150403771,0.6596140752018855,0.6596140752018855,0.9074074074074078,0.9074074074074078,1.8148148148148155,0.0,0.0,0.0,0.0,0.0,0.0,1.2513655441975522,0.6256827720987761,0.6256827720987761,0.0,0.0,0.0,0.0,0.6510416666666667,0.6510416666666667,3.8593750000000004,3.5677083333333335,0.0,0.0,0.0,0.0,0.0,0.0,0.0,0.0,0.0,0.0,0.0,0.0,0.0,0.0,0.0,0.0,0.0,0.0,0.0,0.0,0.16927083333333334,0.16927083333333334,0.8401041666666668,0.7817708333333333,0.0,0.0,0.0,0.0,0.0,0.0,0.0,0.0,0.0,0.0,1.1155130265308173,1.0766241376419285,3.1289245008729383,2.8178133897618274,5.021725500048811,4.751092438860638,108.79747318777105,109.0662334187232,58,219.79538755438628,210.00857725484607,211.04964715439112,219.76438621988362,210.42182579030003,210.0373727741146,210.68132348909234,219.60959201388889,219.84827801948924,211.2348674753669,210.7477111499588,219.92225048342294,180.0,180.0,219.65285537184272,212.55130800195812,211.2938318975856,210.82624666904005,213.90351802332523,211.85944625478274,180.0,180.0,219.45993002462052,208.0003517673912,209.64573797760963,56.14125446202654,56.324360478128064,58.8121666142521,58.87818371702765,10620.0,141.3310401176574,29.753560627404223
0.0,1.3888888888888888,1.6666666666666667,0.0,1.8055555555555556,0.0,1.6592592592592594,0.5674590455840456,0.44047364672364675,0.8678118016567768,0.7589020273665263,0.615026276955275,0.13020833333333331,0.46073717948717957,1164.6417959398868,1109.392425757288,94.14753946773473,2.0,1.9999850958583478,2.0,1.9999863560188078,0.0,0.0,0.0,0.3472222222222222,0.6944444444444444,0.3472222222222222,0.22023682336182338,0.44047364672364675,0.22023682336182338,0.0,0.0,0.0,0.0,0.0,0.0,0.4166666666666667,0.8333333333333334,0.4166666666666667,0.4339059008283884,0.8678118016567768,0.4339059008283884,0.0,0.0,0.0,0.0,0.0,0.0,0.4513888888888889,0.9027777777777778,0.4513888888888889,0.3075131384776375,0.615026276955275,0.3075131384776375,0.0,0.0,0.0,0.0,0.0,0.0,0.0,0.13020833333333331,0.13020833333333331,0.7718750000000001,0.7135416666666666,0.0,0.0,0.0,0.0,0.0,0.0,0.0,0.0,0.0,0.0,0.0,0.0,0.0,0.0,0.0,0.0,0.41481481481481486,0.8296296296296297,0.20740740740740743,0.20740740740740743,0.0,0.0,0.0,0.0,0.46073717948717957,0.23036858974358979,1.0096287393162395,0.9318509615384616,0.0,0.0,0.0,0.0,0.0,0.0,1.8163516154581023,1.6024627265692135,1.5526555456442162,1.2609888789775494,5.631679327005232,5.357760935659091,105.90015846920471,106.14122096657029,59,219.8688908798185,210.41843825638097,211.90001206857292,219.81104800401184,211.7950561235264,211.44195711631502,211.83064135329843,219.73708362821694,219.8688908798185,212.51522385325907,211.91667669655837,219.84370469916854,180.0,180.0,219.55902777777777,208.87478581717636,208.6689555693728,209.56131750113425,210.9040398794122,209.33860104725892,180.0,180.0,219.94357638888889,208.98937306102246,209.93019463678644,59.050541279541505,59.093381045329075,59.12222178363956,59.18038060884446,10800.0,138.0806506487933,14.745412624460572
5.429487179487181,0.0,0.0,3.629629629629631,0.0,0.0,0.0,1.355731824556074,2.0352377071498324,1.1976664214933603,1.2513655317817698,1.5330901732982927,0.6510416666666667,0.16927083333333334,1080.2358263871008,1024.4562525560068,86.2978323739531,2.0,1.9991854220975167,2.0,1.999261085917574,0.677865912278037,0.677865912278037,1.355731824556074,0.0,0.0,0.0,0.0,0.0,0.0,2.7147435897435903,1.3573717948717952,1.3573717948717952,0.5380523543133635,0.5380523543133635,1.076104708626727,0.0,0.0,0.0,0.0,0.0,0.0,1.3192281343599936,0.6596140671799968,0.6596140671799968,0.9074074074074078,0.9074074074074078,1.8148148148148155,0.0,0.0,0.0,0.0,0.0,0.0,1.2513655317817698,0.6256827658908849,0.6256827658908849,0.0,0.0,0.0,0.0,0.6510416666666667,0.6510416666666667,3.8593750000000004,3.5677083333333335,0.0,0.0,0.0,0.0,0.0,0.0,0.0,0.0,0.0,0.0,0.0,0.0,0.0,0.0,0.0,0.0,0.0,0.0,0.0,0.0,0.16927083333333334,0.16927083333333334,0.8401041666666668,0.7817708333333333,0.0,0.0,0.0,0.0,0.0,0.0,0.0,0.0,0.0,0.0,1.1155130205364334,1.0766241316475442,3.1289244943426775,2.817813383231566,5.02172550001711,4.751092438780349,108.79747318291099,109.06623341377914,60,219.79538755439668,210.00857724707785,211.04964704595562,219.76438621990445,210.42182574876708,210.03737274908332,210.68132343503896,219.60959201388889,219.84827802031486,211.23486746157462,210.7477111494647,219.9222504850742,180.0,180.0,219.652855375274,212.55130801779768,211.2938318971718,210.8262466972194,213.90351804009745,211.85944629120672,180.0,180.0,219.45993002805176,208.000351794481,209.6457379345084,56.14125446194065,56.324360478045385,58.81216661467995,58.878183717450874,10980.0,141.3310401922997,29.753560541099276
0.0,1.3888888888888888,1.6666666666666667,0.0,1.8055555555555556,0.0,1.6592592592592594,0.5674590455840456,0.44047364672364675,0.8678118014330869,0.7589020281161569,0.6150262784545362,0.13020833333333331,0.46073717948717957,1164.6417961779882,1109.3924259938492,94.14753949178316,2.0,1.999985095858347,2.0,1.999986356018807,0.0,0.0,0.0,0.3472222222222222,0.6944444444444444,0.3472222222222222,0.22023682336182338,0.44047364672364675,0.22023682336182338,0.0,0.0,0.0,0.0,0.0,0.0,0.4166666666666667,0.8333333333333334,0.4166666666666667,0.43390590071654345,0.8678118014330869,0.43390590071654345,0.0,0.0,0.0,0.0,0.0,0.0,0.4513888888888889,0.9027777777777778,0.4513888888888889,0.3075131392272681,0.6150262784545362,0.3075131392272681,0.0,0.0,0.0,0.0,0.0,0.0,0.0,0.13020833333333331,0.13020833333333331,0.7718750000000001,0.7135416666666666,0.0,0.0,0.0,0.0,0.0,0.0,0.0,0.0,0.0,0.0,0.0,0.0,0.0,0.0,0.0,0.0,0.41481481481481486,0.8296296296296297,0.20740740740740743,0.20740740740740743,0.0,0.0,0.0,0.0,0.46073717948717957,0.23036858974358979,1.0096287393162395,0.9318509615384616,0.0,0.0,0.0,0.0,0.0,0.0,1.8163516171291074,1.6024627282402177,1.552655546313185,1.2609888796465183,5.631679328221745,5.357760936863646,105.90015846863825,106.14122096603816,61,219.8688908798197,210.41843826040315,211.9000120761219,219.8110480040124,211.79505612759777,211.44195711720096,211.83064135531998,219.73708362892597,219.8688908798197,212.51522385465617,211.91667670249646,219.8437046991691,180.0,180.0,219.55902777777777,208.87478580509767,208.66895556548712,209.5613174869314,210.90403988351878,209.33860103841155,180.0,180.0,219.94357638888889,208.98937305877817,209.93019463541003,59.050541279550245,59.093381045337544,59.12222178346477,59.18038060866516,11160.0,138.08065066327538,14.745412627011714
5.429487179487181,0.0,0.0,3.629629629629631,0.0,0.0,0.0,1.3557318263077827,2.0352377080256865,1.1976664218253488,1.2513655318484471,1.5330901733316313,0.6510416666666667,0.16927083333333334,1080.2358263639958,1024.4562525332215,86.29783237212419,2.0,1.99918542209752,2.0,1.9992610859175768,0.6778659131538913,0.6778659131538913,1.3557318263077827,0.0,0.0,0.0,0.0,0.0,0.0,2.7147435897435903,1.3573717948717952,1.3573717948717952,0.5380523544373957,0.5380523544373957,1.0761047088747915,0.0,0.0,0.0,0.0,0.0,0.0,1.3192281347759058,0.6596140673879529,0.6596140673879529,0.9074074074074078,0.9074074074074078,1.8148148148148155,0.0,0.0,0.0,0.0,0.0,0.0,1.2513655318484471,0.6256827659242236,0.6256827659242236,0.0,0.0,0.0,0.0,0.6510416666666667,0.6510416666666667,3.8593750000000004,3.5677083333333335,0.0,0.0,0.0,0.0,0.0,0.0,0.0,0.0,0.0,0.0,0.0,0.0,0.0,0.0,0.0,0.0,0.0,0.0,0.0,0.0,0.16927083333333334,0.16927083333333334,0.8401041666666668,0.7817708333333333,0.0,0.0,0.0,0.0,0.0,0.0,0.0,0.0,0.0,0.0,1.1155130205284634,1.0766241316395744,3.1289244945066685,2.8178133833955576,5.021725499881661,4.751092438648163,108.79747318338562,109.06623341426129,62,219.7953875543963,210.00857724760687,211.04964704718984,219.7643862199037,210.42182574762316,210.0373727478488,210.6813234345419,219.60959201388889,219.8482780203193,211.23486746071902,210.74771114773162,219.92225048508308,180.0,180.0,219.6528553754256,212.5513080167226,211.29383189719923,210.82624669783928,213.9035180407281,211.85944629306132,180.0,180.0,219.4599300282034,208.00035179433667,209.64573793646005,56.14125446194566,56.324360478050245,58.812166614697745,58.878183717467294,11340.0,141.3310401967851,29.753560546064
0.0,1.3888888888888888,1.6666666666666667,0.0,1.8055555555555556,0.0,1.6592592592592594,0.5674590455840456,0.44047364672364675,0.8678118014366671,0.7589020281068817,0.6150262784359857,0.13020833333333331,0.46073717948717957,1164.6417961805669,1109.3924259964474,94.14753949222165,2.0,1.999985095858347,2.0,1.999986356018807,0.0,0.0,0.0,0.3472222222222222,0.6944444444444444,0.3472222222222222,0.22023682336182338,0.44047364672364675,0.22023682336182338,0.0,0.0,0.0,0.0,0.0,0.0,0.4166666666666667,0.8333333333333334,0.4166666666666667,0.43390590071833357,0.8678118014366671,0.43390590071833357,0.0,0.0,0.0,0.0,0.0,0.0,0.4513888888888889,0.9027777777777778,0.4513888888888889,0.30751313921799284,0.6150262784359857,0.30751313921799284,0.0,0.0,0.0,0.0,0.0,0.0,0.0,0.13020833333333331,0.13020833333333331,0.7718750000000001,0.7135416666666666,0.0,0.0,0.0,0.0,0.0,0.0,0.0,0.0,0.0,0.0,0.0,0.0,0.0,0.0,0.0,0.0,0.41481481481481486,0.8296296296296297,0.20740740740740743,0.20740740740740743,0.0,0.0,0.0,0.0,0.46073717948717957,0.23036858974358979,1.0096287393162395,0.9318509615384616,0.0,0.0,0.0,0.0,0.0,0.0,1.8163516171539795,1.6024627282650907,1.552655546389261,1.2609888797225943,5.631679328236373,5.35776093687859,105.9001584686252,106.14122096602412,63,219.86889087981965,210.4184382604485,211.90001207579212,219.81104800401238,211.79505612798823,211.44195711754293,211.83064135520462,219.73708362890073,219.86889087981965,212.5152238547412,211.91667670240227,219.84370469916908,180.0,180.0,219.55902777777777,208.87478580527895,208.66895556523588,209.5613174868879,210.90403988312957,209.338601038377,180.0,180.0,219.94357638888889,208.98937305899852,209.93019463535802,59.05054127955253,59.09338104533975,59.12222178345778,59.180380608658005,11520.0,138.08065066331625,14.745412626981773
5.429487179487181,0.0,0.0,3.629629629629631,0.0,0.0,0.0,1.3557318263136955,2.035237708028643,1.1976664218338728,1.2513655318732229,1.5330901733440192,0.6510416666666667,0.16927083333333334,1080.2358263651079,1024.456252534313,86.29783237228025,2.0,1.9991854220975198,2.0,1.9992610859175766,0.6778659131568477,0.6778659131568477,1.3557318263136955,0.0,0.0,0.0,0.0,0.0,0.0,2.7147435897435903,1.3573717948717952,1.3573717948717952,0.5380523544428323,0.5380523544428323,1.0761047088856646,0.0,0.0,0.0,0.0,0.0,0.0,1.3192281347820811,0.6596140673910406,0.6596140673910406,0.9074074074074078,0.9074074074074078,1.8148148148148155,0.0,0.0,0.0,0.0,0.0,0.0,1.2513655318732229,0.6256827659366114,0.6256827659366114,0.0,0.0,0.0,0.0,0.6510416666666667,0.6510416666666667,3.8593750000000004,3.5677083333333335,0.0,0.0,0.0,0.0,0.0,0.0,0.0,0.0,0.0,0.0,0.0,0.0,0.0,0.0,0.0,0.0,0.0,0.0,0.0,0.0,0.16927083333333334,0.16927083333333334,0.8401041666666668,0.7817708333333333,0.0,0.0,0.0,0.0,0.0,0.0,0.0,0.0,0.0,0.0,1.1155130205380668,1.076624131649178,3.128924494527946,2.8178133834168353,5.021725499887642,4.751092438653973,108.79747318337188,109.0662334142477,64,219.79538755439629,210.00857724758163,211.04964704729244,219.76438621990368,210.42182574764965,210.03737274786096,210.68132343459834,219.60959201388889,219.84827802031882,211.23486746070742,210.74771114776854,219.92225048508212,180.0,180.0,219.65285537541172,212.55130801671112,211.293831897198,210.82624669779017,213.90351804071204,211.85944629301378,180.0,180.0,219.4599300281895,208.00035179426231,209.64573793643493,56.14125446194536,56.32436047804996,58.81216661469636,58.87818371746597,11700.0,141.33104019693698,29.753560546159473
0.0,1.3888888888888888,1.6666666666666667,0.0,1.8055555555555556,0.0,1.6592592592592594,0.5674590455840456,0.44047364672364675,0.8678118014369149,0.7589020281062111,0.6150262784346445,0.13020833333333331,0.46073717948717957,1164.641796180443,1109.392425996324,94.14753949221209,2.0,1.999985095858347,2.0,1.999986356018807,0.0,0.0,0.0,0.3472222222222222,0.6944444444444444,0.3472222222222222,0.22023682336182338,0.44047364672364675,0.22023682336182338,0.0,0.0,0.0,0.0,0.0,0.0,0.4166666666666667,0.8333333333333334,0.4166666666666667,0.43390590071845747,0.8678118014369149,0.43390590071845747,0.0,0.0,0.0,0.0,0.0,0.0,0.4513888888888889,0.9027777777777778,0.4513888888888889,0.30751313921732226,0.6150262784346445,0.30751313921732226,0.0,0.0,0.0,0.0,0.0,0.0,0.0,0.13020833333333331,0.13020833333333331,0.7718750000000001,0.7135416666666666,0.0,0.0,0.0,0.0,0.0,0.0,0.0,0.0,0.0,0.0,0.0,0.0,0.0,0.0,0.0,0.0,0.41481481481481486,0.8296296296296297,0.20740740740740743,0.20740740740740743,0.0,0.0,0.0,0.0,0.46073717948717957,0.23036858974358979,1.0096287393162395,0.9318509615384616,0.0,0.0,0.0,0.0,0.0,0.0,1.8163516171524878,1.6024627282635986,1.552655546391104,1.2609888797244364,5.63167932823573,5.35776093687795,105.90015846862553,106.14122096602446,65,219.86889087981965,210.41843826044308,211.90001207577697,219.81104800401238,211.79505612796976,211.4419571175311,211.8306413552022,219.73708362889852,219.86889087981965,212.51522385473797,211.91667670239488,219.84370469916908,180.0,180.0,219.55902777777777,208.87478580528304,208.66895556523926,209.5613174869057,210.90403988312497,209.33860103838026,180.0,180.0,219.94357638888889,208.98937305899605,209.93019463535637,59.05054127955251,59.09338104533973,59.1222217834579,59.180380608658126,11880.0,138.08065066336036,14.745412626979586
5.429487179487181,0.0,0.0,3.629629629629631,0.0,0.0,0.0,1.3557318263115345,2.0352377080275623,1.197666421833517,1.2513655318726686,1.533090173343742,0.6510416666666667,0.16927083333333334,1080.2358263651777,1024.4562525343822,86.29783237228594,2.0,1.9991854220975198,2.0,1.9992610859175768,0.6778659131557673,0.6778659131557673,1.3557318263115345,0.0,0.0,0.0,0.0,0.0,0.0,2.7147435897435903,1.3573717948717952,1.3573717948717952,0.5380523544426636,0.5380523544426636,1.0761047088853273,0.0,0.0,0.0,0.0,0.0,0.0,1.3192281347817068,0.6596140673908534,0.6596140673908534,0.9074074074074078,0.9074074074074078,1.8148148148148155,0.0,0.0,0.0,0.0,0.0,0.0,1.2513655318726686,0.6256827659363343,0.6256827659363343,0.0,0.0,0.0,0.0,0.6510416666666667,0.6510416666666667,3.8593750000000004,3.5677083333333335,0.0,0.0,0.0,0.0,0.0,0.0,0.0,0.0,0.0,0.0,0.0,0.0,0.0,0.0,0.0,0.0,0.0,0.0,0.0,0.0,0.16927083333333334,0.16927083333333334,0.8401041666666668,0.7817708333333333,0.0,0.0,0.0,0.0,0.0,0.0,0.0,0.0,0.0,0.0,1.1155130205381651,1.0766241316492764,3.1289244945277357,2.8178133834166257,5.021725499888015,4.7510924386543385,108.79747318337107,109.06623341424688,66,219.79538755439629,210.00857724758185,211.04964704728746,219.76438621990368,210.4218257476499,210.03737274786118,210.68132343459786,219.60959201388889,219.8482780203188,211.23486746070762,210.74771114776829,219.92225048508203,180.0,180.0,219.65285537541166,212.55130801671027,211.29383189719812,210.82624669778895,213.90351804071068,211.85944629301008,180.0,180.0,219.45993002818943,208.00035179426237,209.64573793643206,56.141254461945366,56.324360478049975,58.81216661469627,58.87818371746588,12060.0,141.33104019694505,29.75356054615262
0.0,1.3888888888888888,1.6666666666666667,0.0,1.8055555555555556,0.0,1.6592592592592594,0.5674590455840456,0.44047364672364675,0.8678118014369296,0.7589020281062502,0.6150262784347227,0.13020833333333331,0.46073717948717957,1164.6417961804468,1109.3924259963276,94.14753949221233,2.0,1.999985095858347,2.0,1.999986356018807,0.0,0.0,0.0,0.3472222222222222,0.6944444444444444,0.3472222222222222,0.22023682336182338,0.44047364672364675,0.22023682336182338,0.0,0.0,0.0,0.0,0.0,0.0,0.4166666666666667,0.8333333333333334,0.4166666666666667,0.4339059007184648,0.8678118014369296,0.4339059007184648,0.0,0.0,0.0,0.0,0.0,0.0,0.4513888888888889,0.9027777777777778,0.4513888888888889,0.30751313921736134,0.6150262784347227,0.30751313921736134,0.0,0.0,0.0,0.0,0.0,0.0,0.0,0.13020833333333331,0.13020833333333331,0.7718750000000001,0.7135416666666666,0.0,0.0,0.0,0.0,0.0,0.0,0.0,0.0,0.0,0.0,0.0,0.0,0.0,0.0,0.0,0.0,0.41481481481481486,0.8296296296296297,0.20740740740740743,0.20740740740740743,0.0,0.0,0.0,0.0,0.46073717948717957,0.23036858974358979,1.0096287393162395,0.9318509615384616,0.0,0.0,0.0,0.0,0.0,0.0,1.816351617152527,1.6024627282636377,1.5526555463910339,1.2609888797243665,5.63167932823575,5.357760936877969,105.90015846862549,106.1412209660244,67,219.86889087981965,210.4184382604433,211.9000120757773,219.81104800401238,211.7950561279692,211.44195711753062,211.8306413552021,219.73708362889855,219.86889087981965,212.51522385473768,211.9166767023949,219.84370469916908,180.0,180.0,219.55902777777777,208.87478580528293,208.66895556523957,209.56131748690547,210.90403988312562,209.33860103838012,180.0,180.0,219.94357638888889,208.98937305899562,209.9301946353563,59.050541279552505,59.093381045339726,59.12222178345791,59.18038060865813,12240.0,138.08065066336138,14.745412626979773
5.429487179487181,0.0,0.0,3.629629629629631,0.0,0.0,0.0,1.3557318263116294,2.03523770802761,1.1976664218335231,1.2513655318726846,1.53309017334375,0.6510416666666667,0.16927083333333334,1080.2358263651772,1024.4562525343817,86.29783237228591,2.0,1.9991854220975198,2.0,1.9992610859175768,0.6778659131558147,0.6778659131558147,1.3557318263116294,0.0,0.0,0.0,0.0,0.0,0.0,2.7147435897435903,1.3573717948717952,1.3573717948717952,0.5380523544426652,0.5380523544426652,1.0761047088853304,0.0,0.0,0.0,0.0,0.0,0.0,1.3192281347817156,0.6596140673908578,0.6596140673908578,0.9074074074074078,0.9074074074074078,1.8148148148148155,0.0,0.0,0.0,0.0,0.0,0.0,1.2513655318726846,0.6256827659363423,0.6256827659363423,0.0,0.0,0.0,0.0,0.6510416666666667,0.6510416666666667,3.8593750000000004,3.5677083333333335,0.0,0.0,0.0,0.0,0.0,0.0,0.0,0.0,0.0,0.0,0.0,0.0,0.0,0.0,0.0,0.0,0.0,0.0,0.0,0.0,0.16927083333333334,0.16927083333333334,0.8401041666666668,0.7817708333333333,0.0,0.0,0.0,0.0,0.0,0.0,0.0,0.0,0.0,0.0,1.1155130205381725,1.0766241316492835,3.1289244945277304,2.8178133834166204,5.021725499888014,4.751092438654336,108.79747318337107,109.06623341424688,68,219.79538755439629,210.00857724758222,211.04964704728732,219.76438621990368,210.42182574765022,210.0373727478616,210.68132343459783,219.60959201388889,219.8482780203188,211.23486746070756,210.74771114776811,219.92225048508203,180.0,180.0,219.65285537541163,212.55130801671064,211.29383189719812,210.8262466977895,213.90351804071128,211.85944629301025,180.0,180.0,219.4599300281894,208.00035179426257,209.64573793643194,56.141254461945366,56.324360478049975,58.81216661469627,58.87818371746588,12420.0,141.3310401969429,29.753560546152865
0.0,1.3888888888888888,1.6666666666666667,0.0,1.8055555555555556,0.0,1.6592592592592594,0.5674590455840456,0.44047364672364675,0.8678118014369296,0.758902028106252,0.6150262784347262,0.13020833333333331,0.46073717948717957,1164.6417961804475,1109.3924259963285,94.14753949221242,2.0,1.999985095858347,2.0,1.999986356018807,0.0,0.0,0.0,0.3472222222222222,0.6944444444444444,0.3472222222222222,0.22023682336182338,0.44047364672364675,0.22023682336182338,0.0,0.0,0.0,0.0,0.0,0.0,0.4166666666666667,0.8333333333333334,0.4166666666666667,0.4339059007184648,0.8678118014369296,0.4339059007184648,0.0,0.0,0.0,0.0,0.0,0.0,0.4513888888888889,0.9027777777777778,0.4513888888888889,0.3075131392173631,0.6150262784347262,0.3075131392173631,0.0,0.0,0.0,0.0,0.0,0.0,0.0,0.13020833333333331,0.13020833333333331,0.7718750000000001,0.7135416666666666,0.0,0.0,0.0,0.0,0.0,0.0,0.0,0.0,0.0,0.0,0.0,0.0,0.0,0.0,0.0,0.0,0.41481481481481486,0.8296296296296297,0.20740740740740743,0.20740740740740743,0.0,0.0,0.0,0.0,0.46073717948717957,0.23036858974358979,1.0096287393162395,0.9318509615384616,0.0,0.0,0.0,0.0,0.0,0.0,1.81635161715253,1.6024627282636412,1.552655546391041,1.2609888797243733,5.631679328235755,5.357760936877973,105.90015846862548,106.1412209660244,69,219.86889087981965,210.41843826044365,211.90001207577745,219.81104800401238,211.79505612796962,211.44195711753105,211.83064135520226,219.73708362889855,219.86889087981965,212.51522385473768,211.916676702395,219.84370469916908,180.0,180.0,219.55902777777777,208.87478580528332,208.6689555652396,209.56131748690584,210.90403988312627,209.33860103838023,180.0,180.0,219.94357638888889,208.98937305899577,209.93019463535614,59.050541279552505,59.093381045339726,59.12222178345791,59.18038060865813,12600.0,138.08065066335826,14.74541262697978
5.429487179487181,0.0,0.0,3.629629629629631,0.0,0.0,0.0,1.355731826311636,2.035237708027613,1.197666421833524,1.2513655318726873,1.5330901733437514,0.6510416666666667,0.16927083333333334,1080.2358263651772,1024.4562525343817,86.29783237228592,2.0,1.9991854220975198,2.0,1.9992610859175768,0.677865913155818,0.677865913155818,1.355731826311636,0.0,0.0,0.0,0.0,0.0,0.0,2.7147435897435903,1.3573717948717952,1.3573717948717952,0.5380523544426656,0.5380523544426656,1.0761047088853313,0.0,0.0,0.0,0.0,0.0,0.0,1.3192281347817165,0.6596140673908583,0.6596140673908583,0.9074074074074078,0.9074074074074078,1.8148148148148155,0.0,0.0,0.0,0.0,0.0,0.0,1.2513655318726873,0.6256827659363436,0.6256827659363436,0.0,0.0,0.0,0.0,0.6510416666666667,0.6510416666666667,3.8593750000000004,3.5677083333333335,0.0,0.0,0.0,0.0,0.0,0.0,0.0,0.0,0.0,0.0,0.0,0.0,0.0,0.0,0.0,0.0,0.0,0.0,0.0,0.0,0.16927083333333334,0.16927083333333334,0.8401041666666668,0.7817708333333333,0.0,0.0,0.0,0.0,0.0,0.0,0.0,0.0,0.0,0.0,1.115513020538173,1.076624131649284,3.128924494527732,2.8178133834166212,5.021725499888014,4.751092438654337,108.79747318337105,109.06623341424688,70,219.79538755439629,210.00857724758256,211.0496470472875,219.76438621990368,210.4218257476506,210.03737274786198,210.68132343459794,219.60959201388889,219.8482780203188,211.23486746070756,210.7477111477682,219.92225048508203,180.0,180.0,219.65285537541163,212.55130801671106,211.29383189719817,210.8262466977899,213.90351804071196,211.85944629301042,180.0,180.0,219.4599300281894,208.00035179426274,209.64573793643177,56.141254461945366,56.32436047804998,58.81216661469627,58.87818371746588,12780.0,141.33104019693968,29.753560546152887
0.0,1.3888888888888888,1.6666666666666667,0.0,1.8055555555555556,0.0,1.6592592592592594,0.5674590455840456,0.44047364672364675,0.8678118014369296,0.758902028106252,0.6150262784347262,0.13020833333333331,0.46073717948717957,1164.6417961804475,1109.3924259963285,94.14753949221242,2.0,1.999985095858347,2.0,1.999986356018807,0.0,0.0,0.0,0.3472222222222222,0.6944444444444444,0.3472222222222222,0.22023682336182338,0.44047364672364675,0.22023682336182338,0.0,0.0,0.0,0.0,0.0,0.0,0.4166666666666667,0.8333333333333334,0.4166666666666667,0.4339059007184648,0.8678118014369296,0.4339059007184648,0.0,0.0,0.0,0.0,0.0,0.0,0.4513888888888889,0.9027777777777778,0.4513888888888889,0.3075131392173631,0.6150262784347262,0.3075131392173631,0.0,0.0,0.0,0.0,0.0,0.0,0.0,0.13020833333333331,0.13020833333333331,0.7718750000000001,0.7135416666666666,0.0,0.0,0.0,0.0,0.0,0.0,0.0,0.0,0.0,0.0,0.0,0.0,0.0,0.0,0.0,0.0,0.41481481481481486,0.8296296296296297,0.20740740740740743,0.20740740740740743,0.0,0.0,0.0,0.0,0.46073717948717957,0.23036858974358979,1.0096287393162395,0.9318509615384616,0.0,0.0,0.0,0.0,0.0,0.0,1.81635161715253,1.6024627282636412,1.552655546391041,1.2609888797243742,5.631679328235755,5.357760936877973,105.90015846862548,106.1412209660244,71,219.86889087981965,210.418438260444,211.90001207577762,219.81104800401238,211.79505612796996,211.4419571175314,211.83064135520235,219.73708362889855,219.86889087981965,212.51522385473768,211.91667670239508,219.84370469916908,180.0,180.0,219.55902777777777,208.87478580528375,208.66895556523966,209.56131748690626,210.90403988312696,209.3386010383804,180.0,180.0,219.94357638888889,208.98937305899594,209.93019463535597,59.050541279552505,59.09338104533973,59.12222178345791,59.18038060865813,12960.0,138.08065066335513,14.74541262697978
5.429487179487181,0.0,0.0,3.629629629629631,0.0,0.0,0.0,1.3557318263116358,2.035237708027613,1.197666421833524,1.2513655318726873,1.5330901733437514,0.6510416666666667,0.16927083333333334,1080.2358263651772,1024.4562525343817,86.29783237228592,2.0,1.9991854220975198,2.0,1.9992610859175768,0.6778659131558179,0.6778659131558179,1.3557318263116358,0.0,0.0,0.0,0.0,0.0,0.0,2.7147435897435903,1.3573717948717952,1.3573717948717952,0.5380523544426656,0.5380523544426656,1.0761047088853313,0.0,0.0,0.0,0.0,0.0,0.0,1.319228134781717,0.6596140673908585,0.6596140673908585,0.9074074074074078,0.9074074074074078,1.8148148148148155,0.0,0.0,0.0,0.0,0.0,0.0,1.2513655318726873,0.6256827659363436,0.6256827659363436,0.0,0.0,0.0,0.0,0.6510416666666667,0.6510416666666667,3.8593750000000004,3.5677083333333335,0.0,0.0,0.0,0.0,0.0,0.0,0.0,0.0,0.0,0.0,0.0,0.0,0.0,0.0,0.0,0.0,0.0,0.0,0.0,0.0,0.16927083333333334,0.16927083333333334,0.8401041666666668,0.7817708333333333,0.0,0.0,0.0,0.0,0.0,0.0,0.0,0.0,0.0,0.0,1.115513020538173,1.0766241316492842,3.128924494527732,2.8178133834166212,5.021725499888014,4.751092438654337,108.79747318337105,109.06623341424688,72,219.79538755439629,210.0085772475829,211.04964704728766,219.76438621990368,210.42182574765093,210.03737274786232,210.68132343459803,219.60959201388889,219.8482780203188,211.23486746070756,210.74771114776829,219.92225048508203,180.0,180.0,219.65285537541163,212.5513080167115,211.2938318971983,210.82624669779034,213.90351804071264,211.8594462930106,180.0,180.0,219.4599300281894,208.0003517942629,209.6457379364316,56.141254461945366,56.324360478049975,58.81216661469627,58.87818371746588,13140.0,141.3310401969365,29.75356054615289
0.0,1.3888888888888888,1.6666666666666667,0.0,1.8055555555555556,0.0,1.6592592592592594,0.5674590455840456,0.44047364672364675,0.8678118014369296,0.758902028106252,0.6150262784347262,0.13020833333333331,0.46073717948717957,1164.6417961804475,1109.3924259963285,94.14753949221242,2.0,1.999985095858347,2.0,1.999986356018807,0.0,0.0,0.0,0.3472222222222222,0.6944444444444444,0.3472222222222222,0.22023682336182338,0.44047364672364675,0.22023682336182338,0.0,0.0,0.0,0.0,0.0,0.0,0.4166666666666667,0.8333333333333334,0.4166666666666667,0.4339059007184648,0.8678118014369296,0.4339059007184648,0.0,0.0,0.0,0.0,0.0,0.0,0.4513888888888889,0.9027777777777778,0.4513888888888889,0.3075131392173631,0.6150262784347262,0.3075131392173631,0.0,0.0,0.0,0.0,0.0,0.0,0.0,0.13020833333333331,0.13020833333333331,0.7718750000000001,0.7135416666666666,0.0,0.0,0.0,0.0,0.0,0.0,0.0,0.0,0.0,0.0,0.0,0.0,0.0,0.0,0.0,0.0,0.41481481481481486,0.8296296296296297,0.20740740740740743,0.20740740740740743,0.0,0.0,0.0,0.0,0.46073717948717957,0.23036858974358979,1.0096287393162395,0.9318509615384616,0.0,0.0,0.0,0.0,0.0,0.0,1.81635161715253,1.6024627282636412,1.552655546391041,1.2609888797243742,5.631679328235755,5.357760936877973,105.90015846862548,106.1412209660244,73,219.86889087981965,210.41843826044433,211.9000120757778,219.81104800401238,211.7950561279703,211.44195711753173,211.83064135520243,219.73708362889855,219.86889087981965,212.51522385473768,211.91667670239516,219.84370469916908,180.0,180.0,219.55902777777777,208.87478580528418,208.66895556523977,209.5613174869067,210.90403988312764,209.33860103838057,180.0,180.0,219.94357638888889,208.9893730589961,209.9301946353558,59.050541279552505,59.093381045339726,59.12222178345791,59.18038060865813,13320.0,138.08065066335195,14.74541262697978
5.429487179487181,0.0,0.0,3.629629629629631,0.0,0.0,0.0,1.3557318263116358,2.035237708027613,1.197666421833524,1.2513655318726873,1.5330901733437514,0.6510416666666667,0.16927083333333334,1080.2358263651772,1024.4562525343817,86.29783237228592,2.0,1.9991854220975198,2.0,1.9992610859175768,0.6778659131558179,0.6778659131558179,1.3557318263116358,0.0,0.0,0.0,0.0,0.0,0.0,2.7147435897435903,1.3573717948717952,1.3573717948717952,0.5380523544426656,0.5380523544426656,1.0761047088853313,0.0,0.0,0.0,0.0,0.0,0.0,1.3192281347817165,0.6596140673908583,0.6596140673908583,0.9074074074074078,0.9074074074074078,1.8148148148148155,0.0,0.0,0.0,0.0,0.0,0.0,1.2513655318726873,0.6256827659363436,0.6256827659363436,0.0,0.0,0.0,0.0,0.6510416666666667,0.6510416666666667,3.8593750000000004,3.5677083333333335,0.0,0.0,0.0,0.0,0.0,0.0,0.0,0.0,0.0,0.0,0.0,0.0,0.0,0.0,0.0,0.0,0.0,0.0,0.0,0.0,0.16927083333333334,0.16927083333333334,0.8401041666666668,0.7817708333333333,0.0,0.0,0.0,0.0,0.0,0.0,0.0,0.0,0.0,0.0,1.115513020538173,1.0766241316492842,3.128924494527732,2.8178133834166212,5.021725499888014,4.751092438654337,108.79747318337105,109.06623341424688,74,219.79538755439629,210.00857724758325,211.04964704728783,219.76438621990368,210.42182574765127,210.03737274786266,210.6813234345981,219.60959201388889,219.8482780203188,211.23486746070756,210.74771114776837,219.92225048508203,180.0,180.0,219.65285537541163,212.5513080167119,211.29383189719834,210.82624669779076,213.90351804071332,211.85944629301076,180.0,180.0,219.4599300281894,208.00035179426308,209.64573793643143,56.141254461945366,56.32436047804998,58.81216661469627,58.87818371746588,13500.0,141.33104019693337,29.753560546152887
0.0,1.3888888888888888,1.6666666666666667,0.0,1.8055555555555556,0.0,1.6592592592592594,0.5674590455840456,0.44047364672364675,0.8678118014369296,0.758902028106252,0.6150262784347262,0.13020833333333331,0.46073717948717957,1164.6417961804475,1109.3924259963285,94.14753949221242,2.0,1.999985095858347,2.0,1.999986356018807,0.0,0.0,0.0,0.3472222222222222,0.6944444444444444,0.3472222222222222,0.22023682336182338,0.44047364672364675,0.22023682336182338,0.0,0.0,0.0,0.0,0.0,0.0,0.4166666666666667,0.8333333333333334,0.4166666666666667,0.4339059007184648,0.8678118014369296,0.4339059007184648,0.0,0.0,0.0,0.0,0.0,0.0,0.4513888888888889,0.9027777777777778,0.4513888888888889,0.3075131392173631,0.6150262784347262,0.3075131392173631,0.0,0.0,0.0,0.0,0.0,0.0,0.0,0.13020833333333331,0.13020833333333331,0.7718750000000001,0.7135416666666666,0.0,0.0,0.0,0.0,0.0,0.0,0.0,0.0,0.0,0.0,0.0,0.0,0.0,0.0,0.0,0.0,0.41481481481481486,0.8296296296296297,0.20740740740740743,0.20740740740740743,0.0,0.0,0.0,0.0,0.46073717948717957,0.23036858974358979,1.0096287393162395,0.9318509615384616,0.0,0.0,0.0,0.0,0.0,0.0,1.81635161715253,1.6024627282636412,1.552655546391041,1.2609888797243742,5.631679328235755,5.357760936877973,105.90015846862548,106.1412209660244,75,219.86889087981965,210.41843826044467,211.90001207577797,219.81104800401238,211.79505612797064,211.44195711753207,211.83064135520252,219.73708362889855,219.86889087981965,212.51522385473768,211.91667670239525,219.84370469916908,180.0,180.0,219.55902777777777,208.8747858052846,208.66895556523983,209.56131748690711,210.90403988312832,209.33860103838074,180.0,180.0,219.94357638888889,208.98937305899628,209.93019463535563,59.050541279552505,59.09338104533973,59.12222178345791,59.18038060865813,13680.0,138.08065066334882,14.74541262697978
5.429487179487181,0.0,0.0,3.629629629629631,0.0,0.0,0.0,1.3557318263116358,2.035237708027613,1.197666421833524,1.2513655318726873,1.5330901733437514,0.6510416666666667,0.16927083333333334,1080.2358263651772,1024.4562525343817,86.29783237228592,2.0,1.9991854220975198,2.0,1.9992610859175768,0.6778659131558179,0.6778659131558179,1.3557318263116358,0.0,0.0,0.0,0.0,0.0,0.0,2.7147435897435903,1.3573717948717952,1.3573717948717952,0.5380523544426656,0.5380523544426656,1.0761047088853313,0.0,0.0,0.0,0.0,0.0,0.0,1.319228134781717,0.6596140673908585,0.6596140673908585,0.9074074074074078,0.9074074074074078,1.8148148148148155,0.0,0.0,0.0,0.0,0.0,0.0,1.2513655318726873,0.6256827659363436,0.6256827659363436,0.0,0.0,0.0,0.0,0.6510416666666667,0.6510416666666667,3.8593750000000004,3.5677083333333335,0.0,0.0,0.0,0.0,0.0,0.0,0.0,0.0,0.0,0.0,0.0,0.0,0.0,0.0,0.0,0.0,0.0,0.0,0.0,0.0,0.16927083333333334,0.16927083333333334,0.8401041666666668,0.7817708333333333,0.0,0.0,0.0,0.0,0.0,0.0,0.0,0.0,0.0,0.0,1.115513020538173,1.0766241316492842,3.128924494527732,2.8178133834166212,5.021725499888014,4.751092438654337,108.79747318337105,109.06623341424688,76,219.79538755439629,210.0085772475836,211.049647047288,219.76438621990368,210.4218257476516,210.037372747863,210.6813234345982,219.60959201388889,219.8482780203188,211.23486746070756,210.74771114776846,219.92225048508203,180.0,180.0,219.65285537541163,212.55130801671234,211.29383189719846,210.8262466977912,213.903518040714,211.85944629301093,180.0,180.0,219.4599300281894,208.00035179426325,209.64573793643126,56.141254461945366,56.324360478049975,58.81216661469627,58.87818371746588,13860.0,141.3310401969302,29.75356054615289
0.0,1.3888888888888888,1.6666666666666667,0.0,1.8055555555555556,0.0,1.6592592592592594,0.5674590455840456,0.44047364672364675,0.8678118014369296,0.758902028106252,0.6150262784347262,0.13020833333333331,0.46073717948717957,1164.6417961804475,1109.3924259963285,94.14753949221242,2.0,1.999985095858347,2.0,1.999986356018807,0.0,0.0,0.0,0.3472222222222222,0.6944444444444444,0.3472222222222222,0.22023682336182338,0.44047364672364675,0.22023682336182338,0.0,0.0,0.0,0.0,0.0,0.0,0.4166666666666667,0.8333333333333334,0.4166666666666667,0.4339059007184648,0.8678118014369296,0.4339059007184648,0.0,0.0,0.0,0.0,0.0,0.0,0.4513888888888889,0.9027777777777778,0.4513888888888889,0.3075131392173631,0.6150262784347262,0.3075131392173631,0.0,0.0,0.0,0.0,0.0,0.0,0.0,0.13020833333333331,0.13020833333333331,0.7718750000000001,0.7135416666666666,0.0,0.0,0.0,0.0,0.0,0.0,0.0,0.0,0.0,0.0,0.0,0.0,0.0,0.0,0.0,0.0,0.41481481481481486,0.8296296296296297,0.20740740740740743,0.20740740740740743,0.0,0.0,0.0,0.0,0.46073717948717957,0.23036858974358979,1.0096287393162395,0.9318509615384616,0.0,0.0,0.0,0.0,0.0,0.0,1.81635161715253,1.6024627282636412,1.552655546391041,1.2609888797243742,5.631679328235755,5.357760936877973,105.90015846862548,106.1412209660244,77,219.86889087981965,210.41843826044501,211.90001207577814,219.81104800401238,211.79505612797098,211.4419571175324,211.8306413552026,219.73708362889855,219.86889087981965,212.51522385473768,211.91667670239534,219.84370469916908,180.0,180.0,219.55902777777777,208.87478580528503,208.66895556523994,209.56131748690754,210.904039883129,209.33860103838092,180.0,180.0,219.94357638888889,208.98937305899645,209.93019463535546,59.050541279552505,59.093381045339726,59.12222178345791,59.18038060865813,14040.0,138.08065066334564,14.74541262697978
5.429487179487181,0.0,0.0,3.629629629629631,0.0,0.0,0.0,1.3557318263116358,2.035237708027613,1.197666421833524,1.2513655318726873,1.5330901733437514,0.6510416666666667,0.16927083333333334,1080.2358263651772,1024.4562525343817,86.29783237228592,2.0,1.9991854220975198,2.0,1.9992610859175768,0.6778659131558179,0.6778659131558179,1.3557318263116358,0.0,0.0,0.0,0.0,0.0,0.0,2.7147435897435903,1.3573717948717952,1.3573717948717952,0.5380523544426656,0.5380523544426656,1.0761047088853313,0.0,0.0,0.0,0.0,0.0,0.0,1.3192281347817165,0.6596140673908583,0.6596140673908583,0.9074074074074078,0.9074074074074078,1.8148148148148155,0.0,0.0,0.0,0.0,0.0,0.0,1.2513655318726873,0.6256827659363436,0.6256827659363436,0.0,0.0,0.0,0.0,0.6510416666666667,0.6510416666666667,3.8593750000000004,3.5677083333333335,0.0,0.0,0.0,0.0,0.0,0.0,0.0,0.0,0.0,0.0,0.0,0.0,0.0,0.0,0.0,0.0,0.0,0.0,0.0,0.0,0.16927083333333334,0.16927083333333334,0.8401041666666668,0.7817708333333333,0.0,0.0,0.0,0.0,0.0,0.0,0.0,0.0,0.0,0.0,1.115513020538173,1.0766241316492842,3.128924494527732,2.8178133834166212,5.021725499888014,4.751092438654337,108.79747318337105,109.06623341424688,78,219.79538755439629,210.00857724758393,211.04964704728818,219.76438621990368,210.42182574765195,210.03737274786334,210.68132343459828,219.60959201388889,219.8482780203188,211.23486746070756,210.74771114776854,219.92225048508203,180.0,180.0,219.65285537541163,212.55130801671277,211.29383189719852,210.82624669779162,213.9035180407147,211.8594462930111,180.0,180.0,219.4599300281894,208.00035179426342,209.6457379364311,56.141254461945366,56.32436047804998,58.81216661469627,58.87818371746588,14220.0,141.33104019692706,29.753560546152887
0.0,1.3888888888888888,1.6666666666666667,0.0,1.8055555555555556,0.0,1.6592592592592594,0.5674590455840456,0.44047364672364675,0.8678118014369296,0.758902028106252,0.6150262784347262,0.13020833333333331,0.46073717948717957,1164.6417961804475,1109.3924259963285,94.14753949221242,2.0,1.999985095858347,2.0,1.999986356018807,0.0,0.0,0.0,0.3472222222222222,0.6944444444444444,0.3472222222222222,0.22023682336182338,0.44047364672364675,0.22023682336182338,0.0,0.0,0.0,0.0,0.0,0.0,0.4166666666666667,0.8333333333333334,0.4166666666666667,0.4339059007184648,0.8678118014369296,0.4339059007184648,0.0,0.0,0.0,0.0,0.0,0.0,0.4513888888888889,0.9027777777777778,0.4513888888888889,0.3075131392173631,0.6150262784347262,0.3075131392173631,0.0,0.0,0.0,0.0,0.0,0.0,0.0,0.13020833333333331,0.13020833333333331,0.7718750000000001,0.7135416666666666,0.0,0.0,0.0,0.0,0.0,0.0,0.0,0.0,0.0,0.0,0.0,0.0,0.0,0.0,0.0,0.0,0.41481481481481486,0.8296296296296297,0.20740740740740743,0.20740740740740743,0.0,0.0,0.0,0.0,0.46073717948717957,0.23036858974358979,1.0096287393162395,0.9318509615384616,0.0,0.0,0.0,0.0,0.0,0.0,1.81635161715253,1.6024627282636412,1.552655546391041,1.2609888797243742,5.631679328235755,5.357760936877973,105.90015846862548,106.1412209660244,79,219.86889087981965,210.41843826044536,211.9000120757783,219.81104800401238,211.79505612797132,211.44195711753275,211.8306413552027,219.73708362889855,219.86889087981965,212.51522385473768,211.91667670239542,219.84370469916908,180.0,180.0,219.55902777777777,208.87478580528546,208.66895556524,209.56131748690797,210.90403988312968,209.33860103838109,180.0,180.0,219.94357638888889,208.98937305899662,209.9301946353553,59.050541279552505,59.09338104533973,59.12222178345791,59.18038060865813,14400.0,138.0806506633425,14.74541262697978
