boundary_queue_in_A_left,boundary_queue_in_A_top,boundary_queue_in_B_top,boundary_queue_in_C_right,boundary_queue_in_C_top,boundary_queue_in_D_left,boundary_queue_in_F_right,boundary_queue_out_A_left,boundary_queue_out_A_top,boundary_queue_out_B_top,boundary_queue_out_C_right,boundary_queue_out_C_top,boundary_queue_out_D_left,boundary_queue_out_F_right,flow_FW_E_mean,flow_FW_W_mean,freeway_vehicles,lambda_eff_FW_E_last,lambda_eff_FW_E_mean,lambda_eff_FW_W_last,lambda_eff_FW_W_mean,movement_queue_A_E_to_N,movement_queue_A_E_to_S,movement_queue_A_E_to_W,movement_queue_A_N_to_E,movement_queue_A_N_to_S,movement_queue_A_N_to_W,movement_queue_A_S_to_E,movement_queue_A_S_to_N,movement_queue_A_S_to_W,movement_queue_A_W_to_E,movement_queue_A_W_to_N,movement_queue_A_W_to_S,movement_queue_B_E_to_N,movement_queue_B_E_to_S,movement_queue_B_E_to_W,movement_queue_B_N_to_E,movement_queue_B_N_to_S,movement_queue_B_N_to_W,movement_queue_B_S_to_E,movement_queue_B_S_to_N,movement_queue_B_S_to_W,movement_queue_B_W_to_E,movement_queue_B_W_to_N,movement_queue_B_W_to_S,movement_queue_C_E_to_N,movement_queue_C_E_to_S,movement_queue_C_E_to_W,movement_queue_C_N_to_E,movement_queue_C_N_to_S,movement_queue_C_N_to_W,movement_queue_C_S_to_E,movement_queue_C_S_to_N,movement_queue_C_S_to_W,movement_queue_C_W_to_E,movement_queue_C_W_to_N,movement_queue_C_W_to_S,movement_queue_D_E_to_N,movement_queue_D_E_to_W,movement_queue_D_E_to_onE,movement_queue_D_E_to_onW,movement_queue_D_N_to_E,movement_queue_D_N_to_W,movement_queue_D_N_to_onE,movement_queue_D_N_to_onW,movement_queue_D_W_to_E,movement_queue_D_W_to_N,movement_queue_D_W_to_onE,movement_queue_D_W_to_onW,movement_queue_D_offE_to_E,movement_queue_D_offE_to_N,movement_queue_D_offE_to_W,movement_queue_D_offW_to_E,movement_queue_D_offW_to_N,movement_queue_D_offW_to_W,movement_queue_E_E_to_N,movement_queue_E_E_to_W,movement_queue_E_N_to_E,movement_queue_E_N_to_W,movement_queue_E_W_to_E,movement_queue_E_W_to_N,movement_queue_F_E_to_N,movement_queue_F_E_to_W,movement_queue_F_E_to_onE,movement_queue_F_E_to_onW,movement_queue_F_N_to_E,movement_queue_F_N_to_W,movement_queue_F_N_to_onE,movement_queue_F_N_to_onW,movement_queue_F_W_to_E,movement_queue_F_W_to_N,movement_queue_F_W_to_onE,movement_queue_F_W_to_onW,movement_queue_F_offE_to_E,movement_queue_F_offE_to_N,movement_queue_F_offE_to_W,movement_queue_F_offW_to_E,movement_queue_F_offW_to_N,movement_queue_F_offW_to_W,ramp_queue_R_D_E,ramp_queue_R_D_W,ramp_queue_R_F_E,ramp_queue_R_F_W,rho_FW_E_mean,rho_FW_W_mean,speed_FW_E_mean,speed_FW_W_mean,step,storage_available_A_left_out,storage_available_A_to_B,storage_available_A_to_D,storage_available_A_top_out,storage_available_B_to_A,storage_available_B_to_C,storage_available_B_to_E,storage_available_B_top_out,storage_available_C_right_out,storage_available_C_to_B,storage_available_C_to_F,storage_available_C_top_out,storage_available_D_R_E,storage_available_D_R_W,storage_available_D_left_out,storage_available_D_to_A,storage_available_D_to_E,storage_available_E_to_B,storage_available_E_to_D,storage_available_E_to_F,storage_available_F_R_E,storage_available_F_R_W,storage_available_F_right_out,storage_available_F_to_C,storage_available_F_to_E,storage_available_OR_D_E_storage,storage_available_OR_D_W_storage,storage_available_OR_F_E_storage,storage_available_OR_F_W_storage,time_sec,urban_protected_accumulation_veh,urban_vehicles
4.583333333333335,0.0,0.0,5.833333333333332,0.0,6.249999999999999,6.666666666666665,0.3645833333333333,1.3281250000000004,6.182725694444445,0.3645833333333333,1.6406249999999998,0.0,0.0,948.3238048137073,903.7622944901453,70.8486519419406,2.0,2.0,2.0,2.0,0.18229166666666666,0.18229166666666666,0.3645833333333333,0.0,0.0,0.0,0.0,0.0,0.0,2.2916666666666674,1.1458333333333337,1.1458333333333337,3.114149305555556,3.114149305555556,6.228298611111112,0.0,0.0,0.0,0.0,0.0,0.0,6.137152777777778,3.068576388888889,3.068576388888889,1.458333333333333,1.458333333333333,2.916666666666666,0.0,0.0,0.0,0.0,0.0,0.0,0.3645833333333333,0.18229166666666666,0.18229166666666666,0.0,0.0,2.5666666666666678,2.3333333333333335,0.0,0.0,0.0,0.0,3.1249999999999996,1.5624999999999998,0.7812499999999999,0.7812499999999999,0.0,0.0,0.0,0.0,0.0,0.0,0.0,0.0,0.0,0.0,0.0,0.0,1.6666666666666663,3.3333333333333326,0.8333333333333331,0.8333333333333331,0.0,0.0,0.0,0.0,0.0,0.0,2.683333333333333,2.4499999999999997,0.0,0.0,0.0,0.0,0.0,0.0,0.4755208333333334,0.4366319444444444,0.5079861111111112,0.4690972222222223,4.418393623585322,4.201533355268364,108.33727017429325,108.54514822675215,0,219.88064236111111,210.93585061529444,213.8802083333333,219.93489583333334,214.71788194444454,214.78298611111123,212.25043402777763,220.0,219.85243055555554,208.81642215924686,212.47395833333323,219.93055555555554,180.0,180.0,219.97612847222223,216.76528379789465,209.48941273228078,203.67154360787458,205.48308882591357,205.688454781961,180.0,180.0,219.96961805555554,211.84745731499092,204.78271557042555,59.70677094615321,59.7204537900166,59.45901173836621,59.49508799652893,180.0,161.05926712189546,59.555902777777774
0.0,4.166666666666667,5.0,0.0,5.416666666666668,0.0,0.0,2.440787173492002,2.7982410136506704,3.7758264312678524,3.0488686589589897,3.3894039845846455,1.0226779513888888,1.2879774305555558,1156.529649436182,1095.7130727540439,84.75404204304685,2.0,1.998445572291335,2.0,1.9985962101773564,0.0,0.0,0.0,1.0416666666666667,2.0833333333333335,1.0416666666666667,1.3991205068253352,2.7982410136506704,1.3991205068253352,0.0,0.0,0.0,0.0,0.0,0.0,1.25,2.5,1.25,1.6934687711894816,3.7758264312678524,1.6934687711894816,0.0,0.0,0.0,0.0,0.0,0.0,1.354166666666667,2.708333333333334,1.354166666666667,1.6947019922923228,3.3894039845846455,1.6947019922923228,0.0,0.0,0.0,0.0,0.0,0.0,0.0,1.0226779513888888,1.0226779513888888,3.5893446180555557,3.3560112847222228,0.0,0.0,0.0,0.0,0.0,0.0,0.0,0.0,0.0,0.0,0.0,0.0,0.0,0.0,0.0,0.0,0.0,0.0,0.0,0.0,1.2879774305555558,1.2879774305555558,3.971310763888889,3.7379774305555555,0.0,0.0,0.0,0.0,0.0,0.0,0.0,0.0,0.0,0.0,0.5893602176803105,0.5504713287914216,0.6314252239162138,0.5925363350273247,5.299858628196529,5.0058914517105,109.64048698203477,109.94246057968985,1,219.70486111111111,213.98197494478143,212.1854738981757,219.75694444444443,211.7503087989841,213.2709490440129,213.40516017149855,219.95008680555557,219.70486111111111,212.43659395300193,211.4591915176819,219.73090277777777,180.0,180.0,220.0,211.10433271788185,212.36299874304592,209.88306436533085,207.51443748828424,208.1693252790153,180.0,180.0,219.9142296598907,211.0713769212172,211.5806077231891,56.64293150811759,56.801911829194864,55.37897637409281,55.62363313104284,360.0,145.22168325801465,53.39734216456189
4.583333333333335,0.0,0.0,5.833333333333332,0.0,6.249999999999999,6.666666666666665,2.31836887286062,2.305017769763644,3.027308863026663,1.9580652915824281,2.437365979124547,3.076303205130919,2.937184827780538,1132.2254831805594,1070.5458350904921,82.67718799374383,2.0,2.0,2.0,2.0,1.15918443643031,1.15918443643031,2.31836887286062,0.0,0.0,0.0,0.0,0.0,0.0,2.2916666666666674,1.1458333333333337,1.1458333333333337,1.648718760968329,1.648718760968329,3.297437521936658,0.0,0.0,0.0,0.0,0.0,0.0,2.757180204116668,1.378590102058334,1.378590102058334,1.458333333333333,1.458333333333333,2.916666666666666,0.0,0.0,0.0,0.0,0.0,0.0,1.9580652915824281,0.9790326457912141,0.9790326457912141,1.5381516025654596,3.076303205130919,3.3357424679493977,3.1024091346160643,0.0,0.0,0.0,0.0,3.1249999999999996,1.5624999999999998,0.7812499999999999,0.7812499999999999,0.0,0.0,0.0,0.0,0.0,0.0,0.0,0.0,0.0,0.0,0.0,0.0,1.6666666666666663,3.3333333333333326,0.8333333333333331,0.8333333333333331,0.0,0.0,0.0,0.0,2.937184827780538,1.468592413890269,3.417629540278468,3.184296206945134,0.0,0.0,0.0,0.0,0.0,0.0,0.48257378472222223,0.44368489583333337,0.5142807426656469,0.47539185377675797,5.195960270616392,4.89919681897684,109.45909757118804,109.74367841359881,2,219.87236870659723,213.51807918649584,213.98326279620235,219.91834852430554,212.40227300339106,212.84037558901608,213.04004012228572,219.86545138888889,219.8374609979816,212.10497498942854,212.56130592908445,219.90061644040767,180.0,180.0,219.97260199652777,213.1332236353256,212.84552513398495,208.7482426501237,209.68341809491298,210.75887638683614,180.0,180.0,219.96690538194446,211.65255004227876,211.47697150248356,59.50571139182381,59.52937566293552,59.2859978722239,59.337188645797205,540.0,141.599463331857,66.05574651348233
0.0,4.166666666666667,5.0,0.0,5.416666666666668,0.0,0.0,2.4431394025560857,2.8029454717788385,3.1255677760219496,2.9989927548013378,3.2896521762693416,1.1797304648757883,1.4444067062135737,1132.8614180765562,1071.2927426272017,83.0501411609621,2.0,1.9984052592334232,2.0,1.9985623091502946,0.0,0.0,0.0,1.0416666666666667,2.0833333333333335,1.0416666666666667,1.4014727358894192,2.8029454717788385,1.4014727358894192,0.0,0.0,0.0,0.0,0.0,0.0,1.25,2.5,1.25,1.5627838880109748,3.1255677760219496,1.5627838880109748,0.0,0.0,0.0,0.0,0.0,0.0,1.354166666666667,2.708333333333334,1.354166666666667,1.6448260881346708,3.2896521762693416,1.6448260881346708,0.0,0.0,0.0,0.0,0.0,0.0,0.0,1.1797304648757883,1.1797304648757883,3.7463971315424556,3.513063798209122,0.0,0.0,0.0,0.0,0.0,0.0,0.0,0.0,0.0,0.0,0.0,0.0,0.0,0.0,0.0,0.0,0.0,0.0,0.0,0.0,1.4444067062135737,1.4444067062135737,4.127740039546906,3.894406706213573,0.0,0.0,0.0,0.0,0.0,0.0,0.0,0.0,0.0,0.0,0.608698433398267,0.569809544509378,0.6361105996601433,0.5972217107712543,5.19160621239882,4.895121014995351,109.66485118963267,109.9556494751835,3,219.91427951388889,213.50454973886323,213.56387669110677,219.86165364583334,212.8391355522415,213.9841678962089,213.11868297422515,219.95008680555557,219.91427951388889,211.96137502237045,212.84693623753574,219.83561197916669,180.0,180.0,219.92615213625604,212.5244506120706,212.14653513981585,209.01667767780114,209.3165053272719,210.21972018417188,180.0,180.0,219.91614674543075,212.0485085513782,211.40860387497642,56.624051994649555,56.78490951636223,55.37428267021512,55.62662441084547,720.0,135.86666937026106,53.549546199164375
4.583333333333335,0.0,0.0,5.833333333333332,0.0,6.249999999999999,6.666666666666665,2.47081075829624,2.381238712481454,2.874337768808028,2.111058745839818,2.513862706253242,3.065642188955574,2.92522995446369,1122.3255889696404,1060.7005005639128,81.88489655746987,2.0,2.0,2.0,2.0,1.23540537914812,1.23540537914812,2.47081075829624,0.0,0.0,0.0,0.0,0.0,0.0,2.2916666666666674,1.1458333333333337,1.1458333333333337,1.5840725522807015,1.5840725522807015,3.168145104561403,0.0,0.0,0.0,0.0,0.0,0.0,2.580530433054653,1.2902652165273265,1.2902652165273265,1.458333333333333,1.458333333333333,2.916666666666666,0.0,0.0,0.0,0.0,0.0,0.0,2.111058745839818,1.055529372919909,1.055529372919909,1.532821094477787,3.065642188955574,3.333077213905561,3.0997438805722277,0.0,0.0,0.0,0.0,3.1249999999999996,1.5624999999999998,0.7812499999999999,0.7812499999999999,0.0,0.0,0.0,0.0,0.0,0.0,0.0,0.0,0.0,0.0,0.0,0.0,1.6666666666666663,3.3333333333333326,0.8333333333333331,0.8333333333333331,0.0,0.0,0.0,0.0,2.92522995446369,1.462614977231845,3.4146408219492557,3.1813074886159227,0.0,0.0,0.0,0.0,0.0,0.0,0.48687867314710553,0.4479897842582167,0.5171003210620913,0.4782114321732023,5.145081861641518,4.84925768171214,109.55938767925826,109.83948116889772,4,219.87413194444446,213.6430654843053,214.0015839026874,219.921875,212.24702347481966,212.66363057406232,213.04692716793315,219.86545138888889,219.84456380208331,212.2595544720952,212.57871165835135,219.91482204861111,180.0,180.0,219.97260199652777,213.03836009319664,213.01815604666706,208.84389237403718,209.60424044051385,210.66130799968363,180.0,180.0,219.96690538194446,211.57083178855262,211.668897044196,59.505855809065416,59.5295329461539,59.29591825007363,59.34700758659644,900.0,141.44086421503175,66.00950103700943
0.0,3.1250000000000004,3.333333333333333,0.0,4.0625,0.0,0.0,1.9693749039006647,2.3762498078013294,0.9500723465172518,2.548231969467759,3.065213938935518,1.1326238804960533,1.1243332756890192,1187.5894928520074,1127.1135302280527,86.96116493269837,2.0,1.9991478544346801,2.0,1.9992255409355049,0.0,0.0,0.0,0.7812500000000001,1.5625000000000002,0.7812500000000001,1.1881249039006647,2.3762498078013294,1.1881249039006647,0.0,0.0,0.0,0.0,0.0,0.0,0.8333333333333333,1.6666666666666665,0.8333333333333333,0.4750361732586259,0.9500723465172518,0.4750361732586259,0.0,0.0,0.0,0.0,0.0,0.0,1.015625,2.03125,1.015625,1.532606969467759,3.065213938935518,1.532606969467759,0.0,0.0,0.0,0.0,0.0,0.0,0.0,1.1326238804960533,1.1326238804960533,3.4854016582738314,3.271512769384943,0.0,0.0,0.0,0.0,0.0,0.0,0.0,0.0,0.0,0.0,0.0,0.0,0.0,0.0,0.0,0.0,0.0,0.0,0.0,0.0,1.1243332756890192,1.1243332756890192,3.186823099246053,2.9923786548016085,0.0,0.0,0.0,0.0,0.0,0.0,0.0,0.0,0.0,0.0,0.6099853015668253,0.5710964126779363,0.6356692179164589,0.5967803290275698,5.4353795964794305,5.136799687315222,109.6890538063263,110.09088193600952,5,219.91427951388889,213.55462988980705,213.32086375104805,219.86165364583334,211.78512889215565,212.8230782475075,212.6685985648278,219.95008680555557,219.91427951388889,211.94532852642266,212.5799608018013,219.83561197916669,180.0,180.0,219.92081077760508,212.25352422100636,211.98820957439605,208.52091419816458,208.70212487223176,209.84121291384213,180.0,180.0,219.91790371490399,211.70249914887034,211.20738118371332,57.11632254382308,57.253678104192005,56.65668554229236,56.822042134695536,1080.0,135.08890576224138,40.753936013918114
7.4027777777777795,0.0,0.0,8.361111111111112,0.0,13.98611111111111,12.27777777777778,1.5076291739672656,2.5871479203169665,2.599704874905326,1.3489920211894877,2.7161626772614107,2.7013682162460113,2.4025278436060873,2045.6750654162327,1943.8265321221534,165.65603840896253,2.0,2.0,2.0,2.0,0.7538145869836328,0.7538145869836328,1.5076291739672656,0.0,0.0,0.0,0.0,0.0,0.0,3.736111111111112,1.8333333333333337,1.8333333333333337,1.1469507193888975,1.1469507193888975,2.337801472105312,0.0,0.0,0.0,0.0,0.0,0.0,3.0478900656753325,1.4527541555164283,1.4527541555164283,2.041666666666667,2.041666666666667,4.277777777777779,0.0,0.0,0.0,0.0,0.0,0.0,1.3489920211894877,0.6744960105947438,0.6744960105947438,1.3506841081230057,2.7013682162460113,6.534527668065629,5.974527668065628,0.0,0.0,0.0,0.0,7.111111111111111,3.4375,1.71875,1.71875,0.0,0.0,0.0,0.0,0.0,0.0,0.0,0.0,0.0,0.0,0.0,0.0,3.000000000000001,6.2777777777777795,1.5000000000000004,1.5000000000000004,0.0,0.0,0.0,0.0,2.4025278436060873,1.2012639218030436,5.608344560636009,5.1416778939693435,0.0,0.0,0.0,0.0,0.0,0.0,2.395185086601489,2.3018517532681555,2.247027197102211,1.9577731043225548,10.11290244616082,9.481372712297693,102.75003623022486,103.87428248405884,6,219.58147522155193,205.07815717971457,207.96021410252098,219.57961710977054,204.77358094090212,207.0441651928356,206.16449309381562,219.86545138888889,219.38926866319443,198.64886181624505,202.980239923568,219.27877631987283,180.0,180.0,219.5815294223621,211.3927908433856,207.79679399377417,204.72388693937543,205.15096605144927,204.55801901444062,180.0,180.0,219.11944911789968,208.52088705577412,200.91139295371158,59.19667925760273,59.23099404225881,58.896331267501125,58.930180998392494,1260.0,231.8541714226298,89.24104333619735
0.0,10.82638888888889,11.097222222222225,4.472222222222216,12.555555555555559,1.9722222222222248,5.333333333333329,4.751980590792851,4.226183403807925,1.4910187116241307,5.584065877758404,5.084798422183473,2.3309620453762183,1.7210606941202042,3126.125619887065,3064.2706074556227,301.9755170543471,2.0,1.9940787695495628,2.0,1.9944746399653241,0.0,0.0,0.0,2.638888888888889,5.548611111111112,2.638888888888889,2.1130917019039623,4.226183403807925,2.1130917019039623,0.0,0.0,0.0,0.0,0.0,2.0115142651568476,2.770833333333334,5.555555555555557,2.770833333333334,0.7455093558120653,1.4910187116241307,0.7455093558120653,0.0,0.0,0.0,0.0,0.0,4.472222222222216,3.0416666666666674,6.472222222222223,3.0416666666666674,2.5423992110917366,5.084798422183473,2.5423992110917366,0.0,0.0,0.0,0.0,0.0,0.6410889717462662,0.0,2.3309620453762183,2.3309620453762183,14.679853829670474,12.019853829670458,1.9722222222222248,0.0,0.0,0.0,0.0,0.0,0.0,0.0,0.0,0.0,0.0,0.0,0.0,0.0,0.0,0.0,0.0,5.333333333333329,0.0,0.0,1.7210606941202042,1.7210606941202042,15.216458132964995,12.704235910742762,0.0,0.0,3.3847282517248445,1.7591726961692882,0.0,0.0,0.0,0.0,0.0,0.0,9.412326388888893,6.8911931384129295,7.458333333333332,6.763888888888889,17.22424708712741,16.79409268151393,92.81280388136366,93.40767159029559,7,218.47000893587156,198.00893647577018,195.11043501944073,218.87215724571354,198.46424105758257,199.65304100515792,191.52401419575725,218.84049201368742,218.70177976920488,196.7327526534586,187.48174760421912,218.8890843290469,180.0,180.0,219.6548622794749,198.80513057616025,194.89773394357618,189.56037073866597,194.04086478199886,196.67914991135754,180.0,180.0,219.77038235559053,197.86620673278432,196.63840718428776,52.36348301681047,52.7003307484043,51.49144496897996,51.68877532776054,1440.0,383.0577620105738,138.38189688651428
11.947916666666668,0.0,0.0,14.388888888888872,3.152777777777782,26.42187500000001,26.916666666666657,4.503656524511315,5.3468535941240365,3.5199566999302263,3.142545413400203,7.495775611560438,9.757185219174366,9.888923776110214,3541.2765491283017,3569.5220072783186,405.2228697794518,2.0,2.0,2.0,2.0,2.2518282622556574,2.2518282622556574,4.503656524511315,0.0,0.0,0.0,0.0,0.19224755409060124,0.0,6.142361111111112,2.902777777777778,2.902777777777778,1.967836488565769,1.967836488565769,4.571846111960869,0.0,0.0,0.0,0.0,0.0,0.0,3.104240422728915,1.5521202113644574,1.5521202113644574,3.3055555555555554,3.3055555555555554,7.777777777777761,0.0,3.152777777777782,0.0,0.0,2.8133917937492257,0.0,3.142545413400203,1.3768282622556571,1.3768282622556571,4.847239665832885,9.757185219174366,14.566158591228234,11.265069619481972,0.0,0.0,14.144948758711399,8.824948758711347,15.430555555555564,5.548611111111112,2.721354166666667,2.721354166666667,0.0,0.0,0.0,0.0,0.0,0.0,0.0,0.0,0.7777777777777779,0.7777777777777779,0.0,0.0,4.888888888888888,17.277777777777768,2.375,2.375,0.0,0.0,22.60388147496596,17.43165925274373,9.888923776110214,4.796892443610663,14.554220974247865,10.597860095046888,0.0,0.0,0.0,0.0,0.0,0.0,35.93055555555555,16.6906723050796,8.04166666666666,8.893027545867637,20.62992226166877,21.328446201616522,87.38323577973347,85.84230327596114,8,219.4565416033251,192.00109844517704,199.47816769478135,218.05555555555554,189.4559065298731,190.44868359873675,193.68798068538396,218.54166666666666,216.93358188090306,185.71135965867956,195.17751980983417,218.05555555555554,180.0,180.0,218.76540419910762,199.7958796224208,189.1622148837005,194.19759483924685,192.85519969683804,196.09228681892546,180.0,180.0,217.86001725427585,197.80960849568163,186.08223947649765,58.232961073132344,58.30694314607147,58.14670304649284,58.03137023340187,1620.0,453.84688795844187,260.28782345474525
0.0,10.82638888888889,11.097222222222225,5.638888888888857,12.555555555555559,7.888888888888902,16.00000000000005,8.371338978982806,7.062910001110805,3.1171699656296856,9.15360019069901,7.323248200517983,3.0504988974385605,3.8764874862004337,3473.9076338837763,3616.0365708629606,507.0303539187172,2.0,1.988533262270758,2.0,1.989118765810503,0.0,0.0,2.200995089538514,2.638888888888889,5.548611111111112,2.638888888888889,3.5314550005554026,7.062910001110805,3.5314550005554026,0.0,0.0,0.0,0.0,0.0,5.456422096726156,2.770833333333334,5.555555555555557,2.770833333333334,1.5585849828148428,3.1171699656296856,1.5585849828148428,1.5142581344236044,0.0,0.0,0.0,0.0,5.638888888888857,3.0416666666666674,6.472222222222223,3.0416666666666674,3.6616241002589915,7.323248200517983,3.6616241002589915,2.4503094237733496,0.0,0.0,0.0,0.0,8.136776257302587,2.1756872855563216,3.0504988974385605,3.0504988974385605,32.99782113135178,25.01782113135169,7.888888888888902,0.0,0.0,0.0,0.0,0.0,0.0,0.0,0.0,0.0,0.5179884495614411,0.5179884495614411,0.0,0.0,0.0,0.0,0.0,16.00000000000005,0.0,0.0,2.5531030641052275,2.5531030641052275,41.02122141870607,33.188999196483934,1.323384422095206,0.0,12.805545116294619,6.189184237093604,0.0,0.0,0.0,0.0,0.0,0.0,67.8914930555555,41.971922305079595,45.24999999999998,16.10136087920098,19.617833407261863,22.57561615388987,89.54061892108184,83.42487340698574,9,218.05555555555554,197.1034642977413,193.86478023300776,219.0428095349233,196.6433345662865,196.64333456628663,191.0121492802115,217.51214928021028,218.05555555555554,193.84678717184198,186.51442862144722,216.5422063992244,180.0,180.0,219.17614876986244,194.06811580858493,192.64382680024153,183.44923764491136,187.43340739947763,189.11489086060433,180.0,180.0,218.05555555555554,192.87432577470176,195.09869771633637,48.42136269436565,49.00188764844386,49.45106679283622,49.413435645789356,1800.0,463.44444493071643,285.73520654186933
13.399305555555557,0.0,0.0,21.291666666666615,0.9791666666666712,32.33854166666668,37.58333333333345,5.905102202338135,7.090694706181836,5.252955856326041,5.905102202338135,9.499135994810713,10.370177435193828,9.523961421551112,3223.1681964174063,3635.613560756082,622.6405287627936,2.0,1.875,2.0,2.0,2.7581066567246233,2.7581066567246233,5.905102202338135,0.0,0.0,0.0,0.0,1.0669630494572113,0.0,6.868055555555556,3.2656250000000004,3.2656250000000004,2.7747163540609825,2.7747163540609825,8.630342201392693,0.0,0.0,0.0,0.0,0.0,0.0,4.956479004530117,2.4782395022650583,2.4782395022650583,4.229166666666666,4.229166666666666,12.833333333333284,0.0,0.9791666666666712,0.0,0.0,2.511862671419424,0.0,5.905102202338135,2.7581066567246233,2.7581066567246233,5.1508695996644445,10.370177435193828,23.12852480334643,14.507435831600143,0.0,0.0,32.844733634929035,22.204733634928964,21.347222222222236,5.548611111111112,2.721354166666667,2.721354166666667,0.0,0.0,0.0,0.0,0.0,0.0,0.0,0.0,0.7777777777777779,0.7777777777777779,0.0,0.0,4.888888888888888,27.94444444444456,2.375,2.375,0.0,0.0,49.28162163913077,38.78939941690868,9.523961421551112,4.6144112663311105,25.1412057724248,15.864844893223752,0.0,0.0,0.0,0.0,0.0,0.0,94.40972222222209,61.81046397174622,82.70833333333314,18.559694212534318,26.73897783366026,22.986032451785913,76.6703284606087,82.48127307504761,10,219.48263888888889,194.15532055860456,199.14823496142748,218.05555555555554,189.15097410622516,191.37804534342538,193.8888443160702,218.54166666666666,218.68793402777777,186.96711010428015,195.40868913230764,218.05555555555554,180.0,180.0,219.78776041666666,198.80162635135127,189.70794622465598,189.32301766257848,191.05229885304152,192.70269472196543,180.0,180.0,216.51577737919436,197.72368223895938,184.7379996014158,58.1713169371407,58.25762452800824,58.0737852622044,58.03086779867837,1980.0,478.45579228270856,409.0836784647039
0.0,12.145833333333334,13.083333333333337,6.805555555555491,15.986111111111116,13.805555555555566,22.000000000000206,9.003600096354191,7.576669886131068,6.20094295062807,8.443807400243772,8.762796608469339,3.4219877294720793,3.573478193006555,2992.53997144019,3634.9103578402164,771.8148257447234,2.0,1.8627109923482263,2.0,1.987607482696887,0.0,0.0,2.2512894588442114,2.96875,6.208333333333334,2.96875,3.783560637509978,7.576669886131068,3.783560637509978,0.0,0.0,0.0,0.0,0.0,6.601869386409872,3.173611111111112,6.7361111111111125,3.173611111111112,2.292688778545963,6.20094295062807,2.292688778545963,0.0,0.0,0.0,0.0,0.0,6.805555555555491,3.8993055555555567,8.187500000000002,3.8993055555555567,4.372032189896793,8.762796608469339,4.372032189896793,0.17246965479142262,0.0,0.0,0.0,0.0,17.08865428752405,5.807565315777698,3.4219877294720793,3.4219877294720793,52.20392887155848,38.90392887155845,13.805555555555566,0.0,0.0,0.0,0.0,0.0,0.0,0.0,0.0,0.0,0.9421780237995587,0.9421780237995587,0.0,0.0,0.0,0.0,0.0,22.000000000000206,0.0,0.0,3.573478193006555,3.573478193006555,72.48178915849334,59.329566936271206,0.0,0.0,19.103709497341818,7.167348618140723,0.0,0.0,0.0,0.0,0.0,0.0,126.37065972222196,87.09171397174609,129.91666666666654,25.76802754586767,31.82824864903236,23.41822011868624,68.25778995168174,81.70365248314208,11,218.05555555555554,197.19197225098904,194.4750497150212,219.15104166666666,194.805907332032,195.27069395928453,189.50440316462098,218.22662538684222,218.05555555555554,195.99243420162844,188.61341795038254,218.73998619287383,180.0,180.0,218.72085867843538,193.81768644085872,192.58093131372314,183.75630640365532,188.09955389213266,189.18919362912052,180.0,180.0,219.31597222222223,193.9191304868414,193.7671553102614,48.37856196656917,48.97328295761004,48.94838746895416,48.19794075073163,2160.0,467.08845774103264,424.2507694952906
13.399305555555557,0.0,0.0,22.45833333333325,0.9791666666666712,38.25520833333332,41.250000000000284,5.657982104313432,7.299244251446655,5.5970857357721995,5.657982104313432,9.338767264869208,10.428055815694762,9.355139149028098,2717.2581772844496,3636.854244180602,923.999887610901,2.0,1.875,2.0,2.0,2.802949385490049,2.802949385490049,5.657982104313432,0.0,0.0,0.0,0.0,1.2306698659566055,0.0,6.868055555555556,3.2656250000000004,3.2656250000000004,2.5341405865031583,2.5341405865031583,9.356186520642623,0.0,0.0,0.0,0.0,0.5818571047030148,0.0,4.962176089132052,2.481088044566026,2.481088044566026,4.229166666666666,4.229166666666666,13.999999999999922,0.0,0.9791666666666712,0.0,0.0,2.3066512127124925,0.0,5.657982104313432,2.802949385490049,2.802949385490049,5.16541679673627,10.428055815694762,32.16495877323685,18.223869801490466,0.0,0.0,52.178043762328684,36.21804376232868,27.26388888888888,5.548611111111112,2.721354166666667,2.721354166666667,0.0,0.0,0.0,0.0,0.0,0.0,0.0,0.0,2.220446049250313e-16,2.220446049250313e-16,0.0,0.0,4.888888888888888,31.611111111111395,2.375,2.375,0.0,0.0,82.9555527567762,67.14333053455391,9.355139149028098,4.483125130069604,29.132259096072914,14.53589821687178,0.0,0.0,0.0,0.0,0.0,0.0,152.8888888888888,106.93025563841267,177.37499999999974,30.726360879200964,37.89871689864073,23.19551084306226,59.48720989262357,81.99857571776838,12,219.48567708333334,194.06869284479922,198.87821669425105,218.05555555555554,189.06995157603416,190.89100350881165,192.46123696730035,218.05555555555554,218.82931328253255,187.05153550475254,195.11712081873983,218.05555555555554,180.0,180.0,219.7374351804742,198.82805442158315,189.4071041660402,187.42138413018685,188.0155459363604,191.3714744442277,180.0,180.0,216.33682849961377,198.7729167483458,186.50349516627935,58.19041951054178,58.25719014314952,58.83645806013867,58.02478267435371,2340.0,484.0138430570682,529.3214672899495
0.0,12.145833333333334,13.083333333333337,15.798611111111017,15.986111111111116,19.965833430104045,29.979166666667084,9.413329157544208,7.500264499814209,6.252703602794697,7.842442767208272,7.27143519589224,3.4270516376089963,3.571613473270943,2342.9285956984577,3627.934392965187,1053.8126737204177,2.0,1.8680612642346426,2.0,1.9875888745096286,0.0,0.0,2.732049205948652,2.96875,6.208333333333334,2.96875,3.712529951595556,7.500264499814209,3.712529951595556,0.0,0.0,0.0,0.0,0.0,6.892650239927207,3.173611111111112,6.7361111111111125,3.173611111111112,2.06067726503917,6.252703602794697,2.06067726503917,0.0,0.0,0.0,0.0,7.826388888888886,7.972222222222131,3.8993055555555567,8.187500000000002,3.8993055555555567,3.629226123726794,7.27143519589224,3.629226123726794,0.3139110879259215,0.0,6.93646943285185,0.0,0.0,32.314412257911165,9.652029980158261,3.4270516376089963,3.4270516376089963,71.6210181560805,53.00101815608044,19.722222222222204,0.0,0.24361120788183996,0.0,0.0,0.0,0.0,0.0,0.0,0.0,0.0,0.0,0.0,0.0,0.0,0.0,0.0,25.66666666666704,4.3125000000000435,0.0,3.571613473270943,3.571613473270943,120.1522360138052,87.79112490269394,0.0,0.0,59.653915665890764,6.015610342245221,0.0,0.0,0.0,0.0,0.0,0.0,180.0,132.21150563841255,180.0,40.43469421253432,45.7188398888802,23.25202958633122,47.33197820870037,81.97548059997582,13,218.05555555555554,197.09633617183826,194.23466984146862,218.96875,195.50953498665038,195.24997755323747,189.92200485301876,218.64422707524022,218.05555555555554,195.5831134961126,203.27789144967844,218.68435121421524,180.0,180.0,218.58930853937022,193.88790913858773,192.62149772696793,183.2355119781113,187.55399773675873,189.2316074546128,180.0,180.0,219.01471983194614,194.91493015098936,194.33648374017582,50.03072144292337,48.972376095082495,53.60439621513774,48.181903498504596,2520.0,454.0337461175465,617.8619346281631
13.399305555555557,0.0,0.6805555555555547,43.84722222222214,36.26135963610426,44.38311321845088,35.39583333333395,6.29417111629252,6.48580054698639,7.6664736776201785,6.29417111629252,7.35021055814626,10.274924133967712,5.702007467301043,2216.174351571771,3635.06362582706,1145.7221048041336,2.0,1.8748697083734065,2.0,1.9997272743050876,3.1210438914795935,3.1210438914795935,6.29417111629252,0.0,0.0,0.0,0.0,0.09913165550679648,0.0,6.868055555555556,3.2656250000000004,3.2656250000000004,2.5908133014904564,2.5908133014904564,7.022416402480805,0.0,0.6805555555555547,0.0,0.0,2.6037855802849075,0.0,4.944127449301702,2.4718747958448146,2.4718747958448146,4.229166666666666,24.45138888888891,15.166666666666563,0.0,36.26135963610426,0.0,0.0,0.0,0.0,6.29417111629252,3.1210438914795935,20.404015363907185,5.088850955872745,10.274924133967712,60.50749110428326,21.94489078501627,0.0,0.0,87.99048305765844,50.33125128682505,33.18055555555553,5.548611111111112,2.9325923851175704,2.721354166666667,0.0,0.0,0.0,0.0,0.0,0.0,0.0,0.0,0.0,0.0,0.0,0.0,1.3888888888888886,24.77777777777823,9.229166666666828,0.0,0.0,0.0,149.7897149090266,95.71304824235975,5.702007467301043,0.9065592892060781,93.4419007707314,6.26716853349193,0.0,0.0,0.0,0.0,0.0,0.0,180.0,152.05004730507943,180.0,42.78334334835026,54.37533161599094,23.1055440300257,34.38395849164134,82.17485860194476,14,219.45529513888889,194.63446195002396,198.87545568373847,218.05555555555554,188.43363457717317,192.56753771463116,195.67668627211015,218.05555555555554,219.34824984029575,188.91198653032953,220.0,219.4698063939982,180.0,180.0,219.7358389922212,204.46954030086897,194.0819613064063,188.1145077967354,186.6230029237402,190.90197529332298,180.0,180.0,218.05555555555554,191.34662606343144,191.73446691963264,59.37838377533053,58.25681049238716,57.238404310464304,56.037646996616296,2700.0,450.57496803530853,829.0760066101384
0.0,12.145833333333334,14.666666666666671,50.21527777777774,74.93497074721526,26.30065686970835,23.56250000000081,8.883388143790366,6.133076847876278,7.468046376988108,5.758598350323332,3.7316068696652485,3.466821450037782,0.0,2099.7490699218115,3627.941580581484,1213.3479186544782,2.0,1.8693550195628135,2.0,1.987268438180347,0.0,0.0,2.898880969852226,2.96875,6.208333333333334,2.96875,3.015757173938139,6.133076847876278,3.015757173938139,0.0,0.0,0.0,0.0,0.0,2.922806381227123,3.5694444444444455,7.5277777777777795,3.5694444444444455,2.627149441822766,7.468046376988108,2.627149441822766,0.0,0.0,0.0,0.0,41.076388888888964,9.13888888888878,3.8993055555555567,67.13635963610415,3.8993055555555567,1.859292794767775,3.7316068696652485,1.859292794767775,0.0,0.0,35.448299823841474,0.0,0.0,84.11320116100062,13.167627999935734,3.466821450037782,3.466821450037782,117.40972369504779,67.23420937213103,25.63888888888891,0.0,0.6617679808194402,0.0,0.0,0.0,0.0,0.0,0.0,0.0,0.9722222222222221,0.9722222222222221,0.0,0.0,0.0,0.0,0.0,10.666666666667167,12.895833333333641,0.0,0.0,0.0,177.0463815756935,110.42082602013772,0.0,0.0,125.28620916843282,0.0,0.0,0.0,0.0,0.0,0.0,0.0,180.0,177.33129730507943,180.0,39.29037583509893,60.51159790710919,23.222217135078072,26.653156448679415,82.04286185128079,15,218.05555555555554,196.7226135482933,194.15125395951634,219.22916666666666,196.09000320539755,197.73368131378342,191.40650470567894,219.6205624920583,218.2248844450381,198.01280434680524,220.0,219.22937895951833,180.0,180.0,219.41319444444446,195.32450715052306,193.21144022403047,187.34725389517453,189.91580686733764,190.70750520695717,180.0,180.0,219.31597222222223,186.918358279232,191.5666379449512,54.19405757935782,48.97200026381528,50.695785066262346,47.93527106360969,2880.0,440.2881180018434,978.9892878221092
16.302083333333336,0.0,0.0,78.2638888888889,98.01135963610403,50.111190199675406,29.937500000000924,6.251335707717383,6.365251187192024,6.232945984286241,6.251335707717383,7.7191365060526245,10.116472781913686,5.272417404730489,2238.609238229478,3634.2252635090676,1189.0628346679403,2.0,1.875,2.0,2.0,3.0996261871920243,6.934845293534698,6.251335707717383,0.0,0.0,0.0,0.0,0.0,0.0,6.868055555555556,3.2656250000000004,6.168402777777779,2.7463689261063564,2.7463689261063564,5.492737852212713,0.0,0.0,0.0,0.0,0.8498998871535612,0.0,5.498646769754195,2.636677171026324,2.636677171026324,4.229166666666666,57.70138888888902,16.33333333333321,0.0,98.01135963610403,0.0,0.0,0.39034365219393385,0.0,6.251335707717383,3.0996261871920243,48.35202220971001,5.009625279845732,10.116472781913686,106.8492785945619,35.42542221020621,0.0,0.0,121.62811018725115,71.57807237887606,39.0972222222223,5.548611111111112,2.721354166666667,2.744002699675328,0.0,0.0,0.0,0.0,0.0,0.0,0.0,0.0,0.0,0.0,0.0,0.0,3.3055555555555554,7.444444444444935,17.604166666667098,1.5833333333333333,0.0,0.0,202.2197149090271,114.23971490902682,5.272417404730489,2.6362087023652445,158.53284086570605,6.377464160210401,0.0,0.0,0.0,0.0,0.0,0.0,180.0,180.0,180.0,32.81898781660588,57.809989461715425,23.09051117415103,27.66161220971995,82.18123475444357,16,219.36854310780356,194.92515397993168,205.8749999999979,218.43624545986503,189.7439333083483,193.2787555637062,194.9177633740532,218.05555555555554,219.3559074442783,188.01620820539256,220.0,218.05555555555554,180.0,180.0,219.78139164178845,202.09631658837986,192.1175648499931,191.7565035332544,189.46094588639716,191.75371767618353,180.0,180.0,219.0304031957878,195.55386193998524,188.08595875134188,58.88775535676658,58.25925368424317,58.497330251859076,58.01809624824654,3060.0,470.35595019989927,1209.4978760903666
17.286458333333314,15.666956613140846,14.666666666666671,84.6319444444445,136.684970747215,27.528644712628076,11.381944444444837,7.882544304849504,6.75080128351227,6.456083677473867,5.722376914290678,3.646142717470243,0.27528558629813205,0.0,1961.2194677105133,3627.159103869838,1202.879972570967,2.0,1.870823060367191,2.0,1.9857632888479544,0.0,21.594447686883083,1.5383936630933686,2.96875,9.729456613140846,2.96875,3.375400641756135,6.75080128351227,3.375400641756135,0.0,0.0,17.286458333333314,0.0,0.0,2.4343768789964253,3.5694444444444455,7.5277777777777795,3.5694444444444455,3.0698452176539046,6.456083677473867,3.0698452176539046,0.0,0.0,0.0,0.0,74.32638888888907,10.305555555555427,3.8993055555555567,128.88635963610392,3.8993055555555567,1.8230713587351215,3.646142717470243,1.8230713587351215,0.0,0.0,63.15308619336172,0.0,0.0,112.88067036183534,44.4802691092329,0.27528558629813205,0.27528558629813205,138.4888052372272,88.37067567350776,27.277777777777946,0.0,0.09163463912514197,0.15923229572498554,0.0,0.0,0.0,0.0,0.0,0.0,0.0,0.0,0.0,0.0,0.0,0.0,0.0,0.0,11.381944444444837,0.0,0.0,0.0,224.25415935347166,128.9474926868048,0.0,0.0,180.58370980884644,0.0,0.0,0.0,0.0,0.0,0.0,0.0,180.0,180.0,180.0,31.11509869773427,59.626146175086085,23.225448365525793,24.660727650671895,82.04622075835537,17,218.05555555555554,198.24308225434683,208.78893229166462,219.38888888888889,194.87528163483768,196.70220825466959,191.07389247144886,219.20269097222223,218.35571647306566,197.5114466333878,220.0,219.28993055555557,180.0,180.0,219.41319444444446,195.6528953455419,193.62312530857835,189.87716496635102,192.36216832529115,190.35044440275456,180.0,180.0,219.31597222222223,188.116413177758,192.1044524838543,53.19078942963,47.806175651902414,54.03438469282278,47.94309814084487,3240.0,460.3570810472384,1348.5139059024768
40.48263888888884,33.47945661314082,0.0,112.68055555555566,159.7613596361038,15.015918294106633,20.15972222222259,5.932714443085507,6.231982221542754,5.392286980085763,5.932714443085507,7.1955238882094195,0.0,4.971892631720394,1671.4550337640196,3634.877523020455,1231.9677409143314,2.0,1.8748543248151122,2.0,1.998106472374755,2.9663572215427534,35.510863802858395,5.932714443085507,0.0,33.47945661314082,0.0,0.0,0.0,0.0,6.868055555555556,3.2656250000000004,30.348958333333286,2.7446295397750777,2.7446295397750777,5.4892590795501555,0.0,0.0,0.0,0.0,0.0,0.0,5.295314880621371,2.6476574403106854,2.6476574403106854,4.229166666666666,90.95138888888913,17.499999999999865,0.0,159.7613596361038,0.0,0.0,0.0,0.0,5.932714443085507,2.9663572215427534,76.20149145407714,0.0,0.0,119.79429905880768,48.30032489152839,0.0,0.0,157.87812433815762,104.97352940614687,14.680555555555726,0.0,0.17124621199138956,0.16411652655951753,0.0,0.0,0.0,0.0,0.0,0.0,0.0,0.0,12.333968766037463,0.0,14.793330589033273,0.0,3.3055555555555554,6.999999999999999,8.270833333333702,1.5833333333333333,0.0,0.0,240.06638157569398,132.7663815756937,4.971892631720394,2.485946315860197,205.0110154179789,6.284917602374543,0.0,0.0,0.0,0.0,0.0,0.0,180.0,180.0,180.0,23.736375593380863,63.97836036583634,23.10400522936554,22.267890536244096,82.1745827301083,18,219.67013888888889,196.59795907901648,219.99999999999793,220.0,190.4957420818296,193.99792815475288,194.9355340008418,218.76388888888889,219.35316198585343,188.61939320563795,220.0,218.88461974461774,180.0,180.0,219.6772667553006,193.75470642225991,189.21960825970007,191.09416197944884,192.07301816233368,207.56432752348954,180.0,180.0,220.0,199.50431055587555,195.8363090914684,58.06984133911644,53.01603113906681,58.96747048612975,58.016315388307675,3420.0,495.6227100289843,1582.3194098855865
43.41145833333326,63.16695661314079,14.666666666666671,114.3819444444446,200.07038741388146,0.37640506316979305,0.2114644776908865,8.263570918911382,7.7620654697052505,6.925019798009995,6.083611111111109,2.733194444444438,0.0,0.0,1648.9558866734167,3624.821787598747,1231.0634133950293,2.0,1.871635088825594,2.0,1.9771312328384352,0.0,51.95250768278309,1.4262976896533528,2.96875,57.22945661314079,2.96875,3.86852322925803,7.7620654697052505,3.86852322925803,0.0,0.0,43.41145833333326,0.0,0.0,3.07922643324732,3.5694444444444455,7.5277777777777795,3.5694444444444455,3.399440277212321,6.925019798009995,3.399440277212321,0.0,0.0,0.0,0.0,107.57638888888918,6.80555555555541,4.71701388888889,190.6363596361037,4.71701388888889,1.366597222222219,2.733194444444438,1.366597222222219,0.0,0.0,90.76157615300524,0.0,0.0,124.10240650654669,45.150596008019676,0.0,0.0,181.5207740777406,125.17357280892485,0.0,0.0,0.21892885277435598,0.15747621039543705,0.0,0.0,0.0,0.0,0.0,0.0,0.0,0.0,31.574297748791007,0.0,39.94746899508747,0.0,0.0,0.0,0.2114644776908865,0.0,0.0,0.0,260.1515204645831,147.4741593534716,0.0,0.0,216.63174582904728,0.0,0.0,0.0,0.0,0.0,0.0,0.0,180.0,180.0,180.0,17.748349195625117,64.73402618382927,23.309597423961396,21.869562353013045,81.93215722217639,19,218.05555555555554,200.13449123353075,219.99999999999793,219.22238351764196,196.26356214357287,197.97121919979116,190.59199308926284,219.23536609324745,218.19823925750615,196.57378389124892,220.0,219.12342518430864,180.0,180.0,220.0,202.1594415516864,195.74999999999883,190.1370981729477,191.26730684887121,216.63174582904725,180.0,180.0,220.0,193.74440489630157,193.35485928966756,54.14534877810721,42.568806309316656,54.52037446012077,47.93641554896998,3600.0,535.0159001179275,1789.9208339327736
66.60763888888879,80.97945661314094,0.0,140.0972222222224,221.51135963610358,0.3360942368368806,13.472222222222221,5.750223839492261,6.14073691974613,5.5381711963340035,5.750223839492261,7.104278586412796,0.0,0.0,2505.391638041311,3681.9334981517895,1186.1334625003065,2.0,1.9997382949877012,2.0,1.998110052643404,2.8751119197461303,65.70517812893782,5.750223839492261,0.0,80.97945661314094,0.0,0.0,0.0,0.0,6.868055555555556,3.2656250000000004,56.47395833333323,2.9483506944444446,2.9483506944444446,5.896701388888889,0.0,0.0,0.0,0.0,0.0,0.0,5.179641003779117,2.5898205018895584,2.5898205018895584,4.229166666666666,124.20138888888924,11.666666666666504,0.0,221.51135963610358,0.0,0.0,0.0,0.0,5.750223839492261,2.8751119197461303,103.31161443585657,0.0,0.0,134.69925082084757,43.54793856238301,0.0,0.0,199.54607355690695,136.77434195636943,0.0,0.0,0.23987262815330357,0.09622160868357704,0.0,0.0,0.0,0.0,0.0,0.0,0.0,0.0,56.11966086087788,0.0,60.148895600251386,0.0,3.3055555555555554,6.999999999999999,1.5833333333333333,1.5833333333333333,0.0,0.0,267.13389464310524,151.29304824236053,0.0,0.0,217.25185251457847,5.041944444444445,0.0,0.0,0.0,0.0,0.0,0.0,180.0,180.0,180.0,5.958532248654023,56.042945516915815,24.004944224141365,31.39695916013406,80.4922791457369,20,219.41758723115262,195.91750885872582,219.99999999999793,219.49489668452745,191.15852672984246,195.52903934719583,195.2878346114628,220.0,219.42303606701407,189.5464812895415,220.0,219.70371102291705,180.0,180.0,219.70320638020834,194.87185606956334,194.7337772882686,192.9843380671671,192.02643582694833,211.69268584791178,180.0,180.0,219.3914679401149,199.18510004974277,194.2248012734466,57.34297420276484,53.022479098283924,58.375014238472936,57.94372973759762,3780.0,620.3964147439872,2002.9810438901468
69.53645833333331,110.66695661314117,14.666666666666671,141.79861111111097,261.8203874138813,0.3873841009199286,0.05459809211359695,7.007050526765106,6.891855591545857,8.440533778432401,6.15736003964445,2.88069230151112,0.0,0.0,3188.418649024622,3673.2770660420224,1106.0094234860585,2.0,1.9861837165139278,2.0,1.9785262704425373,0.0,81.73747048513331,0.6056536328682143,2.96875,104.72945661314117,2.96875,3.4326468938968917,6.891855591545857,3.4326468938968917,0.0,0.0,69.53645833333331,0.0,0.0,2.8029641101713105,3.5694444444444455,7.5277777777777795,3.5694444444444455,4.025822444771757,8.440533778432401,4.025822444771757,0.0,0.0,0.0,0.0,140.8263888888889,0.9722222222220449,4.71701388888889,252.38635963610346,4.71701388888889,1.44034615075556,2.88069230151112,1.44034615075556,0.0,0.0,117.3078743220646,0.0,0.0,143.59718937859617,34.05243558220487,0.0,0.0,223.88316774093437,155.85166003144406,0.0,0.0,0.2920239711301805,0.09536012978974806,0.0,0.0,0.0,0.0,0.0,0.0,0.0,0.0,70.04050037049123,0.0,71.75489549716661,0.0,0.0,0.0,0.05459809211359695,0.0,0.0,0.0,284.5016724208831,166.00082602013842,0.0,0.0,207.17457811290393,0.0,0.0,0.0,0.0,0.0,0.0,0.0,180.0,180.0,180.0,3.089742754761727,46.62651616234197,24.290103209619,39.52202608600467,80.08369278780917,21,218.05555555555554,200.13834035014776,219.99999999999793,219.41872829861111,197.038852042015,198.77257406565857,190.7785935002683,219.40458207087167,218.83759363715495,196.6622112702947,220.0,219.3197699652778,180.0,180.0,219.41319444444446,197.90218980579309,197.05138102813441,195.59723505191036,192.80745011094785,207.17457811290393,180.0,180.0,220.0,190.1923159266281,190.26358993002447,47.545903932756005,43.6861390570885,48.90177788438466,47.358901230451615,3960.0,671.431335901593,2194.2526626865047
92.7326388888891,128.4794566131414,0.0,170.91666666666623,283.26135963610426,5.977362276606341,13.472222222222221,5.348741319444445,5.939995659722223,5.364052234752094,5.348741319444445,6.903537326388888,2.327052601276775,0.5705282429513118,3725.237775408569,3664.8288774119055,1048.2337597448015,2.0,1.9995751563347413,2.0,1.9997350997346248,2.6743706597222223,94.78669575446726,5.348741319444445,0.0,128.4794566131414,0.0,0.0,0.0,0.0,6.868055555555556,3.2656250000000004,82.59895833333354,2.719215612756464,2.719215612756464,5.438431225512928,0.0,0.0,0.0,0.0,0.0,0.0,5.28967324399126,2.64483662199563,2.64483662199563,4.229166666666666,157.45138888888846,9.236111111111102,0.0,283.26135963610426,0.0,0.0,0.0,0.0,5.348741319444445,2.6743706597222223,129.23549848281488,0.0,2.327052601276775,160.8701425860483,32.33023620865523,0.0,0.0,244.68624499787842,167.40629618884117,4.20486111111111,0.7413194444444444,0.8452411752961899,0.18594054575459706,0.0,0.0,0.0,0.0,0.0,0.0,0.0,3.3203893626968095,87.89970045800072,4.9404799922722775,87.21604785370889,0.0,3.3055555555555554,6.999999999999999,1.5833333333333333,1.5833333333333333,0.0,0.0,290.980561309772,169.81971490902734,0.5705282429513118,0.2852641214756559,205.31958963983263,5.184576505182273,0.0,0.0,0.0,0.0,0.0,0.0,180.0,180.0,179.24904214636916,4.166666666666667,39.76102701686424,23.351829789597478,48.032600195815135,81.63158496298335,22,219.38337616683822,195.05699653877707,219.99999999999793,218.8014930775572,190.10075135890207,193.99589713971,195.03599254729713,218.32093665438595,219.39164932295242,188.84571749911962,220.0,219.3372683315829,180.0,180.0,214.80897888445782,190.45802982889296,193.41314555112336,189.1688206583194,198.4573647764132,200.7588473983307,180.0,180.0,217.13454325792523,197.2854754326985,191.96787659125678,55.47920684956171,56.29415953619424,58.044807034446904,57.88988089113854,4140.0,776.360928750468,2419.5211584158733
95.66145833333377,158.16695661314162,14.666666666666671,177.28472222222132,321.93497074721625,0.4570423543295373,0.054597417064134734,5.836598088077429,2.5160222880058924,10.20075140884866,5.22119791654691,2.1368402775382607,0.0,0.0,3676.6820074183925,3702.39543640509,1066.2311624304552,2.0,1.9742266025968327,2.0,1.9807097776445017,0.0,111.52367465066753,1.6098369440744829,2.96875,152.22945661314162,2.96875,1.2580111440029462,2.5160222880058924,1.2580111440029462,0.0,0.0,95.66145833333377,0.0,0.0,2.2062512831463943,3.5694444444444455,7.5277777777777795,3.5694444444444455,5.039177787757663,10.20075140884866,5.039177787757663,0.0,0.0,0.0,0.0,174.076388888888,3.208333333333309,3.8993055555555567,314.13635963610517,3.8993055555555567,1.0684201387691303,2.1368402775382607,1.0684201387691303,0.25347222222222254,0.0,144.00571869503125,0.0,0.0,174.92263507034156,15.518397048302818,0.0,0.0,269.717783626351,186.22851841106302,0.0,0.0,0.40888652898755296,0.04815582534198437,0.0,0.0,0.0,0.0,0.0,0.0,0.0,0.0,89.53025522902713,0.0,86.42698599443997,0.0,0.0,0.0,0.054597417064134734,0.0,0.0,0.0,311.45945019866093,187.63860379791635,0.0,0.0,194.2587603412646,0.0,0.0,0.0,0.0,0.0,0.0,0.0,180.0,180.0,180.0,3.4070818969187817,41.65157276733184,24.52472328484307,47.17774799670488,79.69301596508596,23,218.05555555555554,199.8537940973346,219.99999999999793,219.3146962564229,198.2703993055536,198.54183634365057,190.7018114757395,219.12776587442497,218.05555555555554,198.16250970437193,220.0,218.92534722222223,180.0,180.0,219.58520564948125,186.39115656742487,187.24998000151544,197.49131944444173,192.97838492733086,194.25876034126458,180.0,180.0,220.0,186.4972680494862,189.15642516527666,41.43389935522018,47.0846438931724,47.13020762389456,45.06800262817953,4320.0,792.5232555970102,2573.1115899819347
118.85763888888955,175.97945661314185,0.0,205.33333333333195,345.0113596361061,8.62326388888889,13.472222222222221,5.324435763888889,5.927842881944445,7.012692191928938,5.324435763888889,6.891384548611111,8.710060730246749,7.777777777777778,2895.056143417221,3733.9795429190717,1166.4399289167686,2.0,1.9999979438254893,2.0,2.0,2.6622178819444446,124.39672613694758,5.324435763888889,0.0,175.97945661314185,0.0,0.0,0.0,0.0,6.868055555555556,3.2656250000000004,108.723958333334,2.715719338607894,2.715719338607894,5.431438677215788,0.0,0.0,0.0,0.0,1.618884819412273,0.0,5.356176067817542,2.678088033908771,2.678088033908771,4.229166666666666,190.70138888888755,10.402777777777743,0.0,345.0113596361061,0.0,0.0,0.0,0.0,5.324435763888889,2.6622178819444446,156.31055535814104,4.355030365123374,8.710060730246749,168.77196209358854,5.4830707381172425,0.0,0.0,283.422228070796,197.27296285550705,4.559027777777778,2.0850694444444446,0.9895833333333334,0.9895833333333334,0.0,0.0,0.0,0.0,0.0,0.0,0.0,0.0,99.44569807935461,0.0,99.4604501434929,0.0,3.3055555555555554,6.999999999999999,1.5833333333333333,1.5833333333333333,0.0,0.0,321.8272279764387,195.34638157569418,7.777777777777778,3.888888888888889,191.52775871353444,6.986388888888889,0.0,0.0,0.0,0.0,0.0,0.0,179.08722222177752,177.4511448515643,177.19421487408593,2.333333333333333,51.74020744753686,24.882385588955774,35.86405637266774,78.7482448596344,24,219.36414930555554,194.84219906969744,219.99999999999793,218.2964238033967,189.35905281960228,192.65013011650058,194.91389153883333,218.05555555555554,219.3874669122408,188.23045167921447,220.0,218.1067366917737,180.0,180.0,213.07299691256435,196.3028978623281,194.14244135700744,188.28762176318057,188.90561563426704,199.57970315797886,180.0,180.0,217.52512891140265,197.62993684217864,194.69179557806737,59.165287074557426,58.274656122737206,58.56891831392749,57.777985924832315,4500.0,880.1684135697753,2781.4278645762643
121.78645833333422,205.66695661314208,14.666666666666671,211.70138888888704,383.6849707472181,0.07573297347422558,0.03220692643269579,6.608954737113528,3.594155214785509,9.287100488452673,5.1736111111111125,2.0416666666666665,0.0,0.0,2554.3173082467706,3732.0044013178617,1248.3916586781145,2.0,1.9924670113197152,2.0,1.981249809307517,0.0,141.41016712190694,1.857884074165218,2.96875,199.72945661314208,2.96875,1.78232066294831,3.594155214785509,1.78232066294831,0.0,0.0,121.78645833333422,0.0,0.0,2.425925615429251,3.5694444444444455,7.5277777777777795,3.5694444444444455,4.643550244226336,9.287100488452673,4.643550244226336,0.0,0.0,0.0,0.0,207.3263888888871,4.3749999999999485,3.8993055555555567,375.886359636107,3.8993055555555567,1.0208333333333333,2.0416666666666665,1.0208333333333333,0.25347222222222254,0.0,171.45828935809078,0.0,0.0,159.59551894280102,0.0,0.0,0.0,304.90445029301884,216.0951850777289,0.0,0.0,0.07573297347422558,0.0,0.0,0.0,0.0,0.0,0.0,0.0,0.0,0.0,85.82809174840283,0.0,83.03854977570819,0.0,0.0,0.0,0.03220692643269579,0.0,0.0,0.0,342.3061168653276,213.1652704645832,0.0,0.0,176.42474799431554,0.0,0.0,0.0,0.0,0.0,0.0,0.0,180.0,164.58628319059065,180.0,4.93049978343123,61.10448598818821,26.215850846279476,30.182715937496102,76.51390129358457,25,218.05555555555554,198.90299790044148,219.99999999999793,219.3186491032545,198.07031249999758,198.7799065624736,190.8031471281242,219.23034377662657,218.05555555555554,197.82442589181244,220.0,218.92534722222223,180.0,180.0,219.31597222222223,193.53312009866738,192.91822024242265,197.31423611110893,193.74921698336072,181.11111111110537,180.0,180.0,220.0,183.62976567643798,190.54398056903554,54.58681014375439,47.787899433539984,48.92814809747024,44.762266375236194,4680.0,846.0068465564239,2866.1943815537766
144.98263888889,223.4794566131423,0.0,239.7499999999977,406.7613596361079,8.62326388888889,13.472222222222221,5.386284722222222,5.958767361111112,5.336220783779744,5.386284722222222,9.158875330612195,2.414075413275441,7.612322108451044,2929.3224450590237,3727.9731579395966,1159.203593923889,2.0,2.0,2.0,2.0,2.693142361111111,154.3752532349925,5.386284722222222,0.0,223.4794566131423,0.0,0.0,0.0,0.0,6.868055555555556,3.2656250000000004,134.84895833333445,2.6768033881222992,2.6768033881222992,5.3536067762445985,0.0,0.0,0.0,0.0,0.0,0.0,5.318834791314889,2.6594173956574445,2.6594173956574445,4.229166666666666,223.95138888888664,11.569444444444379,0.0,406.7613596361079,0.0,0.0,2.236566302834418,0.0,5.386284722222222,2.693142361111111,183.7501357496504,1.012593262193276,2.414075413275441,160.17950210494968,4.006296631096638,0.0,0.0,319.3632122841543,227.13962952217292,4.559027777777778,2.0850694444444446,0.9895833333333334,0.9895833333333334,0.0,0.0,0.0,0.0,0.0,0.0,0.0,0.0,87.12043202366065,0.0,81.99497562760688,0.0,3.3055555555555554,6.999999999999999,1.5833333333333333,1.5833333333333333,0.0,0.0,352.67389464310537,220.87304824236102,7.612322108451044,3.806161054225522,178.3105898335318,6.9450249715572046,0.0,0.0,0.0,0.0,0.0,0.0,180.0,147.77630429485833,177.81848372012766,16.87259344478495,52.736692669215046,24.863105904527877,35.213247984457674,78.59329838198626,26,219.38977575522674,195.82370279581656,219.99999999999793,219.4392737326757,189.8932709313805,194.2470005472028,195.00108139565225,218.57041131397656,218.86435573747158,187.08657795968756,220.0,218.05555555555554,180.0,180.0,216.12979803222782,195.92480918853343,197.1992424766707,191.10416316593705,189.19619134792183,186.0729868566544,180.0,180.0,216.31248995615562,197.85795588547177,193.47915662282014,58.80842597856488,58.2725810151996,58.233551686046106,57.78230241006987,4860.0,902.1784528216392,3068.3863915608536
147.91145833333468,253.16695661314253,19.053331566935306,246.11805555555276,445.4349707472199,0.1821104751692993,0.14286193442901196,6.59643247785687,3.7679039883342336,8.35472835145326,5.760416666666668,3.7222222222222223,0.0,1.2259314974654087,3453.6491205838934,3649.444498176308,1082.8868930453912,2.0,1.9901854787436188,2.0,1.9890360737703618,0.0,171.1980628967695,1.7437304836897536,2.96875,247.22945661314253,2.96875,1.8839519941671168,3.7679039883342336,1.8839519941671168,0.0,0.0,147.91145833333468,0.0,0.0,2.144866690738115,7.956109344713082,7.5277777777777795,3.5694444444444455,8.042762590066056,8.35472835145326,4.17736417572663,0.10133171726513379,0.0,0.0,0.0,240.57638888888619,5.541666666666584,3.8993055555555567,437.6363596361088,3.8993055555555567,1.8611111111111112,3.7222222222222223,1.8611111111111112,0.0,0.0,197.39698582421966,0.0,0.0,169.75989678342418,0.0,0.0,0.0,335.34543450700215,236.6285184110614,0.0,0.0,0.1821104751692993,0.0,0.0,0.0,0.0,0.0,0.0,0.0,0.0,0.0,76.25816582472373,0.0,68.08566478208009,0.0,0.0,0.0,0.14286193442901196,0.0,0.0,0.0,371.79167242136924,235.58082602013891,1.2259314974654087,0.0,183.92912669408364,0.0,0.0,0.0,0.0,0.0,0.0,0.0,180.0,157.71843941355752,180.0,29.600533491681496,42.574217579563474,23.571800633392392,44.275163897653265,81.30107517515621,27,218.05555555555554,198.32856065189515,219.99999999999793,219.34754774305554,198.2022569444416,204.444444444442,191.126900795997,219.30034722222223,218.77555378915753,195.93843808164488,220.0,219.53819444444446,180.0,180.0,219.41319444444446,189.5127375979183,191.54207158610777,194.11358481813744,192.59241325294067,188.99657183192895,180.0,180.0,218.05555555555554,185.2139361850282,189.39680534759734,51.57203737559558,51.150030592371465,48.043762733121454,47.402247533527415,5040.0,881.8151769627976,3198.755067318173
162.4184027777788,262.2294566131426,13.852424453972356,259.1458333333303,457.1363596361095,5.236111111111111,8.277777777777779,5.152994791666667,4.638997395833334,5.0815504551244395,0.972222222222279,3.1111111111111396,2.5835090481706824,5.833333333333333,3851.364957445857,3413.466971242839,993.817848841464,2.0,2.0,2.0,2.0,2.5764973958333335,183.8071118400298,5.152994791666667,0.0,262.2294566131426,0.0,0.0,0.0,0.0,4.1944444444444455,2.0625000000000004,156.16145833333434,2.5921298037402387,2.5921298037402387,5.482870718591588,13.852424453972356,0.0,0.0,19.116238544743556,0.0,0.0,5.110321259259926,2.4894206513842008,2.4894206513842008,2.625,251.07638888888584,5.444444444444445,0.0,457.1363596361095,0.0,0.0,0.0,0.0,0.972222222222279,0.4861111111111395,203.5338504792753,1.0973100796408966,2.5835090481706824,173.4139138842866,2.687543928709337,0.0,0.0,341.12907177297757,233.20629618883913,2.736111111111111,1.25,0.625,0.625,0.0,0.0,0.0,0.0,0.0,0.0,0.0,0.0,79.95707272428898,0.0,70.26272083974048,0.0,2.0000000000000004,4.277777777777779,1.0000000000000002,1.0000000000000002,0.0,0.0,372.57448873734234,229.10971490902799,5.833333333333333,2.9166666666666665,184.2413385975223,4.499444444444445,0.0,0.0,0.0,0.0,0.0,0.0,180.0,149.34866160123963,180.0,21.976866443955092,36.65374946287341,21.15779063666026,53.540184205335656,84.58789352259417,28,219.5398821189254,204.1102244641696,219.99999999999793,219.4964309045175,193.80018445481244,204.99218381260872,201.96367429742838,218.45780951120508,219.60324800444343,196.68317179433612,220.0,218.38023247757482,180.0,180.0,214.64455529205983,197.2814181430542,200.08899973650264,195.0182763301303,193.63096167470886,191.08189415307785,180.0,180.0,216.80976407390602,199.0683146749339,198.64309740723692,57.934523282411206,58.39124307365044,57.862390228335606,57.98763321962282,5220.0,875.7576086391936,3308.2101101311955
159.59895833333445,269.8683455020306,20.023788848553686,255.45138888888562,467.29260963610994,0.07625480772012216,0.03495563231946504,1.6325970347255268,1.8763051805621644,7.733642380730726,1.2934027777777777,0.5555555555555555,0.0,3.3764059434985967,3979.4297894764613,2630.1186403032084,879.1310236041495,2.0,1.9855674427979129,2.0,1.993033183932541,0.0,196.61682427271435,0.0,0.6944444444444445,268.4794566131417,0.6944444444444445,0.9381525902810822,1.8763051805621644,0.9381525902810822,0.0,0.0,159.59895833333445,0.0,0.0,0.0,17.211288848553686,1.8749999999999998,0.9374999999999999,30.129021713823903,7.733642380730726,3.866821190365363,0.0,0.0,0.0,0.0,255.45138888888562,0.0,1.015625,465.26135963610994,1.015625,0.27777777777777773,0.5555555555555555,0.27777777777777773,0.0,0.0,210.46435339459134,0.0,0.0,164.54162795145496,0.0,0.0,0.0,339.05205945720894,223.0951850777284,0.0,0.0,0.07625480772012216,0.0,0.0,0.0,0.0,0.0,0.0,0.0,0.0,0.0,54.08588319240026,0.0,40.90072884309276,0.0,0.0,0.0,0.03495563231946504,0.0,0.0,0.0,370.02229134287137,223.23749268680618,3.3764059434985967,0.0,167.00494507828697,0.0,0.0,0.0,0.0,0.0,0.0,0.0,180.0,109.87427320017895,180.0,4.007397829860878,34.96744604602317,16.026009373283756,58.06369769885143,89.36887275169364,29,219.59863870793316,212.62141469118924,219.99999999999793,219.72987490952212,209.3709272254748,211.59703632000517,209.62634288385195,219.31623331009666,220.0,210.10754894011643,220.0,219.87847222222223,180.0,180.0,219.875,196.8554548228123,202.28995072472475,210.47789467144554,206.04975492621978,181.11111111110407,180.0,180.0,218.05555555555554,186.8681318695288,199.35840702726568,48.394293072706304,55.17709553517821,46.55976201273031,48.96855864085981,5400.0,759.2496524843867,3211.3373056467635
165.61458333333456,274.72945661314077,20.35789355974611,263.1076388888854,473.3863596361104,2.0833333333333335,3.333333333333333,2.2274530427469434,1.973101521373472,2.8893214201306545,0.9722222222222648,1.5798611111111325,0.9939236111111112,5.6650641315923735,4029.78910834877,1810.1852171921528,768.3381491155418,2.0,1.9999713804886021,2.0,2.0,1.1137265213734717,202.63346663223317,2.2274530427469434,0.0,274.72945661314077,0.0,0.0,0.0,0.0,1.7187500000000004,0.8593750000000002,163.03645833333456,1.5542974079565535,1.5542974079565535,3.108594815913107,20.35789355974611,0.0,0.0,36.70010803815512,0.0,0.0,2.6700480243482025,1.3350240121741013,1.3350240121741013,1.09375,259.8263888888854,2.1875,0.0,473.3863596361104,0.0,0.0,0.0,0.0,0.9722222222222648,0.4861111111111324,213.33437615705404,0.4969618055555556,0.9939236111111112,158.6005773948391,1.0262586805555556,0.0,0.0,336.19219650153696,207.53962952217316,1.0416666666666667,0.5208333333333334,0.2604166666666667,0.2604166666666667,0.0,0.0,0.0,0.0,0.0,0.0,0.0,0.0,23.31079327479419,0.0,17.185803146999074,0.0,0.8333333333333333,1.6666666666666665,0.41666666666666663,0.41666666666666663,0.0,0.0,359.16202209120877,204.14304824236206,5.6650641315923735,2.7326973211852437,159.69421377294378,2.5913486605926215,0.0,0.0,0.0,0.0,0.0,0.0,180.0,69.12640175517016,180.0,5.4166666669444465,32.19812941005121,9.526690321288935,63.578041521709125,98.9005071872913,30,219.81433850698014,211.44352151690924,219.99999999999793,219.80228812507133,208.0837462963791,214.79270949038744,211.37445777052048,219.86545138888889,219.36631944444443,207.98289866505172,220.0,218.95833333333334,180.0,180.0,218.30322737881207,204.83042913180168,207.9907273788104,202.30841004707258,205.3584948440659,168.972212775203,180.0,180.0,219.15946860549718,198.1973709047737,204.71502416105002,57.11982389915906,59.540332191621104,57.7344758985749,58.75811313573227,5580.0,718.0905629316057,3150.9718862607524
166.47395833333468,282.3683455020288,27.909362689173282,264.20138888888516,483.3169151916664,0.21013853349564712,0.05647091898137002,1.2807051161876601,1.1725213434864312,5.682069059478225,4.143244365178995,6.7448220636913225,0.0,26.74790737005167,4008.87417500045,1917.4795855490675,730.959978488334,2.0,1.9970439031253004,2.0,1.9995425032544483,0.0,209.11296199672776,0.0,0.6944444444444445,280.97945661313986,0.6944444444444445,0.5862606717432156,1.1725213434864312,0.5862606717432156,0.0,0.0,166.47395833333468,0.0,0.0,0.0,24.107893559746124,1.8749999999999998,1.9264691294271574,44.53478658390338,5.682069059478225,3.593071589789381,2.2442898305536536,0.0,0.0,0.0,264.20138888888516,0.0,0.9027777777777778,481.51135963611085,0.9027777777777778,3.2404665874012166,6.7448220636913225,3.2404665874012166,0.0,0.0,215.97714908834183,0.0,0.0,158.05860507848377,0.0,0.0,0.0,327.83977164149877,178.7618517443956,0.0,0.0,0.21013853349564712,0.0,0.0,0.0,0.0,0.0,0.0,0.0,0.0,0.0,0.5686011035476077,0.0,0.0,0.0,0.0,0.0,0.05647091898137002,0.0,0.0,0.0,342.40989959670776,174.93749268680676,26.74790737005167,2.8400303685878017,162.8716872691885,0.4283485176272317,0.0,0.0,0.0,0.0,0.0,0.0,180.0,43.84617957060442,180.0,10.617044288691345,29.429780700169115,10.176889941022894,69.75159319223633,98.45082188269473,31,219.88084254506748,211.93647316812087,219.99999999999793,219.84493516142263,212.16182414087228,215.97714908834183,211.4119618642548,219.7542609645546,220.0,209.6829562311871,220.0,219.87847222222223,180.0,180.0,219.89583333333334,201.10111048284256,205.7302407665528,210.8908835936905,209.59410231648013,208.90085093803003,180.0,180.0,218.05555555555554,194.39170644929618,202.77777343547035,53.41500806132738,58.625002589036455,52.91448241019461,56.400876437013174,5760.0,675.0047326591548,3096.715901508722
172.4895833333348,287.22945661313895,32.31246461972256,271.85763888888494,489.6363596361113,1.0416666666666667,3.333333333333333,1.4210854715202004e-14,0.8593750000000073,2.9696801054913475,1.4210854715202004e-14,1.093750000000007,0.6888244397701477,11.012574814020281,3968.314414926649,1885.2558667279131,689.925477805077,2.0,2.0,2.0,2.0,7.105427357601002e-15,211.83472149754522,1.4210854715202004e-14,0.0,287.22945661313895,0.0,0.0,0.0,0.0,1.7187500000000004,0.8593750000000002,169.9114583333348,1.8758979150372048,1.8758979150372048,4.41778069757905,27.857893559746138,0.0,4.454571059976425,50.74856391022676,0.0,8.584950846662032,7.962819244643687,1.0937821904541425,1.0937821904541425,1.09375,268.57638888888494,2.1875,0.0,489.6363596361113,0.0,0.0,0.0,0.0,1.4210854715202004e-14,7.105427357601002e-15,216.9828618162558,0.3436957465277778,0.6888244397701477,161.62848335057316,0.5607367621527778,0.0,0.0,309.9920936340632,137.53962952217356,0.5208333333333334,0.2604166666666667,0.13020833333333334,0.13020833333333334,0.0,0.0,0.0,0.0,0.0,0.0,0.0,0.0,0.0,0.0,0.0,0.0,0.8333333333333333,1.6666666666666665,0.41666666666666663,0.41666666666666663,0.0,0.0,324.05053085019273,144.1763815756959,11.012574814020281,0.9326066961023802,157.34258268456486,1.6913033480511899,0.0,0.0,0.0,0.0,0.0,0.0,180.0,28.619726761831362,180.0,5.4166666669444465,27.036758525754117,9.949377021283524,74.6597589485525,98.77919229351566,32,219.91319444444446,211.17678461172338,219.99999999999793,220.0,211.83472149754525,216.98286181625582,212.01091246521878,219.86545138888889,219.88715277777777,209.9422190342654,220.0,220.0,180.0,180.0,219.64611890486825,202.1211456737052,207.46280225109095,208.3974947305482,208.89462911072735,209.8789978230823,180.0,180.0,220.0,199.30228538350667,204.41731821433152,57.86294802543534,59.541700832482015,57.83250290466653,58.77393274300783,5940.0,657.7146697923379,3014.331004738976
173.3489583333349,294.86834550202695,41.68746461972249,272.9513888888847,499.34122074722285,7.291666666666665,0.3967700186738021,2.6969453356911597,4.00500178249343,4.846257728330139,1.1802289314300363,0.7805967517489614,4.8937084721475275,1.481631527328236,3952.8199586783894,1915.495908131446,681.9048713608245,2.0,1.9996913807167245,2.0,1.9999001691440643,0.0,215.40703084236813,0.0,0.6944444444444445,293.47945661313804,0.6944444444444445,2.002500891246715,4.00500178249343,2.002500891246715,0.0,0.0,173.3489583333349,0.0,0.0,5.249249139702068,31.607893559746124,1.8749999999999998,8.204571059976363,57.164175169410704,4.846257728330139,15.000562105845969,13.590333478512377,0.0,0.0,0.0,272.9513888888847,0.0,0.7899305555555556,497.76135963611176,0.7899305555555556,0.3902983758744807,0.7805967517489614,0.3902983758744807,0.0,0.0,218.3028597716429,2.3711163888515414,4.8937084721475275,168.94020576297945,3.907780416647994,0.0,0.0,287.4912573320106,85.42851841106246,3.6458333333333326,1.8229166666666663,0.9114583333333331,0.9114583333333331,0.0,0.0,0.0,0.0,0.0,0.0,0.0,0.0,0.0,0.0,0.0,0.0,0.0,0.3333333333333328,0.06343668534046934,0.0,0.0,0.0,294.3876477049202,105.63749268680718,1.481631527328236,0.0,153.43707110310103,0.3142162618829143,0.0,0.0,0.0,0.0,0.0,0.0,180.0,20.794680328800144,180.0,9.694444445555563,26.272340174774268,10.159100782870228,76.42858213174891,98.48563775165064,33,220.0,213.23523973564423,219.99999999999793,219.90451388888889,215.40703084236813,218.3028597716429,211.62796337241565,219.52607623623462,220.0,210.29031259027104,220.0,219.87847222222223,180.0,180.0,220.0,205.20320642430664,207.49128554892562,211.78883951717597,209.20918363020334,211.1277509508273,180.0,180.0,218.05555555555554,196.7361404966665,204.25023202765715,57.86555122157662,59.54166366307851,55.782308599256076,57.601653319648584,6120.0,675.8434588816206,2937.3081261485686
179.36458333333502,299.72945661313713,47.31246461972238,280.6076388888845,505.8863596361122,1.0416666666666667,3.333333333333333,1.4210854715202004e-14,0.8593750000000073,1.7321755070940918,0.0,1.09375,1.4174122779052407,0.7434468875712061,4093.5894113012932,1927.0648819513867,691.7976648687365,2.0,2.0,2.0,2.0,7.105427357601002e-15,216.5552731317755,1.4210854715202004e-14,0.0,299.72945661313713,0.0,0.0,0.0,0.0,1.7187500000000004,0.8593750000000002,176.78645833333502,0.845467403611106,0.845467403611106,11.463886491083194,35.35789355974605,0.0,11.954571059976328,62.749275593042704,0.0,20.58566252947797,20.494544095214074,0.8867081034829858,0.8867081034829858,1.09375,277.3263888888845,2.1875,0.0,505.8863596361122,0.0,0.0,0.0,0.0,0.0,0.0,218.7271448287316,0.7087061389526204,1.4174122779052407,166.45510980047,0.743241958365199,0.0,0.0,251.8828757554704,44.20629618884022,0.5208333333333334,0.2604166666666667,0.13020833333333334,0.13020833333333334,0.0,0.0,0.0,0.0,0.0,0.0,0.0,0.0,0.0,0.0,0.0,0.0,0.8333333333333333,1.6666666666666665,0.41666666666666663,0.41666666666666663,0.0,0.0,266.7343459099037,70.2097149090294,0.7434468875712061,0.37172344378560307,146.6345637102088,1.4108617218928017,0.0,0.0,0.0,0.0,0.0,0.0,179.3582850901263,10.04624856038085,180.0,4.861111111388889,29.41787404413115,10.273628469223915,70.74989201797598,98.16760773306342,34,219.91319444444446,210.54128360973073,219.99999999999793,220.0,216.55527313177552,218.7271448287316,212.34055853293776,219.51388888888889,219.88715277777777,207.7933662387458,220.0,220.0,180.0,180.0,219.64891378535114,202.57311857719674,207.52150875527394,208.17547062441102,209.01440249901603,208.39295357345978,180.0,180.0,220.0,199.7525135818056,204.64189491271813,57.846815961392466,59.5417045790699,57.72488493638765,58.78004734640152,6300.0,692.288787669465,2822.8339394770996
170.4598406555159,307.36834550202514,57.104131286388906,281.70138888888425,515.5912207472237,7.291666666666665,9.999999999999998,2.684919417506511,3.9809499461241327,5.077276736104744,2.7815868206532093,3.983312530195307,5.215477464073456,4.784924012009936,2666.73594341946,1907.3984023437715,627.9947363547444,2.0,2.0,2.0,2.0,0.0,208.29822345880342,0.0,0.6944444444444445,305.9794566131362,0.6944444444444445,1.9904749730620663,3.9809499461241327,1.9904749730620663,0.0,0.0,170.4598406555159,0.0,0.0,10.61038692606422,39.10789355974597,2.2916666666666665,15.704571059976278,69.18498247843976,5.077276736104744,27.021369414874993,28.67338239113803,0.0,0.0,0.0,281.70138888888425,0.0,0.7899305555555556,514.0113596361126,0.7899305555555556,1.9916562650976535,3.983312530195307,1.9916562650976535,0.0,0.0,219.28401896616057,2.607738732036728,5.215477464073456,169.1630867032946,4.026091588240588,0.0,0.0,200.4717646443594,0.0,3.6458333333333326,1.8229166666666663,0.9114583333333331,0.9114583333333331,0.0,0.0,0.0,0.0,0.0,0.0,0.0,0.0,0.0,0.0,0.0,0.0,2.4999999999999996,4.999999999999999,1.2499999999999998,1.2499999999999998,0.0,0.0,215.67323479879173,18.448603797918302,4.784924012009936,2.392462006004968,149.58704977857198,4.871231003002483,0.0,0.0,0.0,0.0,0.0,0.0,172.8096739790152,0.38888888888888884,178.51532567049807,3.8888888888888884,23.88903397958071,10.15996088635096,73.14704221994171,99.32107099995042,35,220.0,213.22009100725634,200.47176464435938,219.90451388888889,209.16350123658123,219.28401896616057,211.81748104228004,219.4925640899362,220.0,211.05800269042288,220.0,219.87847222222223,180.0,180.0,220.0,209.0625891314947,209.78992974861666,210.73605017510715,208.44756264084046,211.5584206955747,180.0,180.0,220.0,202.08244418182306,210.23759884637633,59.35872356439449,59.540739356221756,58.03178045949664,58.84191355299991,6480.0,732.873762330409,2710.8364235992335
155.13536350826274,291.1808455020244,48.716304214547414,264.9303673993906,516.5988596361129,1.0416666666666667,3.333333333333333,1.4210854715202004e-14,0.8593750000000073,1.8787683211463746,2.911459214844709,0.6102266169331791,0.5403645833333331,0.41436715814670466,2421.574982375039,1359.6727109970843,539.4205040766767,2.0,2.0,2.0,2.0,7.105427357601002e-15,190.41342655795984,1.4210854715202004e-14,0.0,291.1808455020244,0.0,0.0,0.0,0.0,1.7187500000000004,0.8593750000000002,152.55723850826274,1.041274948647283,1.041274948647283,6.13649271564194,38.35293654225663,0.0,10.363367672290785,69.35691188887859,0.0,22.607052455117607,23.397271782298038,0.8374933724990916,0.8374933724990916,0.0,264.9303673993906,0.0,0.22569444444444445,516.147470747224,0.22569444444444445,0.3051133084665896,0.6102266169331791,0.3051133084665896,2.3806514619336747,0.0,201.25731846609335,0.027126736111111112,0.054253472222222224,163.6648810142595,0.4024522569444445,0.48611111111111094,0.48611111111111094,171.7295179277137,1.8472222222222225,0.5208333333333334,0.2604166666666667,0.13020833333333334,0.13020833333333334,0.0,0.0,0.0,0.0,0.0,0.0,0.0,0.0,0.0,0.0,0.0,0.0,0.8333333333333333,1.6666666666666665,0.41666666666666663,0.41666666666666663,0.0,0.0,182.034439987982,0.0,0.41436715814670466,0.20718357907335233,144.10959632361315,1.3285917895366761,0.0,0.0,0.0,0.0,0.0,0.0,164.71245175679292,3.8888888888888884,170.62643678160916,2.0722203939240433,18.113955317544185,6.651107964388529,82.75395916524782,104.28871195379475,36,219.7931093620269,212.25250286091006,183.86285126104698,219.75982983516488,190.41342655795987,209.68940677010494,212.15846458029765,220.0,218.05555555555554,206.9350685974103,197.85277777777756,218.1881464912554,180.0,180.0,217.62285197848544,209.0042125813902,205.20368173480188,206.3649702748257,207.4808146164693,207.42584386714873,180.0,180.0,219.56979166666667,204.38079867884855,202.12490287471826,59.51708265911221,59.56035767584923,58.68629419732376,59.44030192357426,6660.0,754.0632604489929,2468.2557101544676
99.41275217560094,292.6044566131346,26.423995203814286,217.181962393381,523.5745540805577,7.291666666666665,9.999999999999998,3.3792552499140056,2.1104206053150367,6.910989532193497,4.760325922599681,6.282261876664499,6.156789866696483,4.891565304734815,2188.7303613708123,1461.8154435366293,484.23641161543657,2.0,2.0,2.0,2.0,0.0,150.63668583556822,0.8483505028120424,1.4756944444444446,289.65306772424566,1.4756944444444446,1.0552103026575184,2.1104206053150367,1.0552103026575184,0.0,0.0,99.41275217560094,0.0,0.0,0.0,23.611495203814286,1.8749999999999998,0.9374999999999999,58.3581549055386,6.910989532193497,3.4554947660967485,0.0,0.0,0.0,0.0,217.181962393381,0.0,1.692708333333334,520.189137413891,1.692708333333334,3.067617589266347,6.282261876664499,3.067617589266347,0.0,0.0,160.762837992334,3.0783949333482417,6.156789866696483,166.74627011015085,4.2614196888963445,0.0,0.0,146.18118716767145,0.0,3.6458333333333326,1.8229166666666663,0.9114583333333331,0.9114583333333331,0.0,0.0,0.0,0.0,0.0,0.0,0.0,0.0,0.0,0.0,0.0,0.0,2.4999999999999996,4.999999999999999,1.2499999999999998,1.2499999999999998,0.0,0.0,148.912114713208,0.0,4.891565304734815,2.4457826523674076,147.17647938862402,4.897891326183704,0.0,0.0,0.0,0.0,0.0,0.0,158.16384064568183,1.4673820552197985,164.18199233716476,1.3319444444444657,12.885727379868962,7.0006791367467525,92.7163187713791,105.80271894757574,37,218.05555555555554,215.46073154479726,166.37222222221942,219.39236111111111,200.30593114347218,187.72483489287438,212.36140388994735,219.32995887235964,220.0,213.62128641617358,161.27777777777732,219.87847222222223,180.0,180.0,219.11595127811353,209.39740750653388,196.85791002865147,206.37856200148897,208.3100542705477,206.827377134911,180.0,180.0,219.51388888888889,208.84289397609248,199.58891115170627,59.518548720303215,59.54509494735514,58.769425828598315,58.90513967598741,6840.0,705.5698926720731,2208.848134085407
54.628029953378885,281.21556772424464,0.0,178.00140683782496,508.7689985250024,1.0416666666666667,4.444444444444444,0.6688547604874514,0.46965396541934723,1.8112604318337664,4.404483492033303,0.6917033066507874,6.299509041209378,2.773280482019786,2101.098393537274,1510.2338814712873,470.51471955840736,2.0,2.0,2.0,2.0,0.0,110.25973648889955,0.0,0.4340277777777778,280.3475121686891,0.4340277777777778,0.23482698270967362,0.46965396541934723,0.23482698270967362,0.0,0.0,54.628029953378885,1.1211562651670994,1.1211562651670994,2.242312530334199,0.0,0.0,0.0,21.36495264337297,0.0,0.0,1.3802083333333337,0.6901041666666669,0.6901041666666669,0.0,178.00140683782496,0.0,0.3385416666666667,508.09191519166905,0.3385416666666667,0.2716709920333038,0.6917033066507874,0.2716709920333038,3.794270833333332,0.0,138.09426391091634,0.4275322983824672,0.8550645967649344,157.3965188435288,0.6026550380801224,5.444444444444444,5.444444444444444,140.6492427232274,7.194444444444443,0.5208333333333334,0.2604166666666667,0.13020833333333334,0.13020833333333334,0.0,0.0,0.0,0.0,0.0,0.0,0.0,0.0,0.0,0.0,0.0,0.0,1.111111111111111,2.222222222222222,0.5555555555555555,0.5555555555555555,0.0,0.0,141.30933693542966,0.933333333333332,2.773280482019786,1.3119874632321151,140.08830588970187,2.289327064949391,0.0,0.0,0.0,0.0,0.0,0.0,150.06661842345954,3.8888888888888884,157.70977011494247,3.8888888888888884,11.717451394087583,7.652617761190862,95.49938071608989,102.21802433416036,38,219.93923611111111,210.93543132217417,175.66666666666316,219.87413194444443,207.81591123058345,193.01027006471736,212.1690335190801,219.6574600417506,218.05555555555554,208.09897732892475,177.99999999999892,218.73133680555554,180.0,180.0,217.38415347381388,207.837145161776,203.02040641291597,193.15001168082338,201.37739101197812,203.59009792032901,180.0,180.0,217.553949743697,203.35125097349834,195.3317275214716,59.51870505262926,59.5545822955275,58.78023155149982,59.289937022040135,7020.0,594.639228063839,1917.7526509789586
1.287752175601171,279.0905677242436,1.6666666666666667,125.59862906004662,509.49122074722493,7.291666666666665,0.0,3.5756556329309954,4.547144599195324,3.316045430236934,5.437042022662994,7.638702499091055,7.382793995681722,2.9774200442169465,2093.978123368711,1630.1892690365908,457.98829828458776,2.0,1.9995882881886822,2.0,1.9997232683478456,0.0,60.35992769689534,0.0,1.3020833333333335,276.486401057577,1.3020833333333335,2.273572299597662,4.547144599195324,2.273572299597662,0.0,0.0,1.287752175601171,0.0,0.0,0.0,0.4166666666666667,0.8333333333333334,0.4166666666666667,1.658022715118467,3.316045430236934,1.658022715118467,0.0,0.0,0.0,0.0,125.59862906004662,0.0,1.692708333333334,506.1058040805583,1.692708333333334,3.74433368932966,7.638702499091055,3.74433368932966,0.0,0.0,96.31062824636318,3.629222518674194,7.382793995681722,157.08899962914623,4.536833481559321,0.0,0.0,121.22424272322773,0.0,3.6458333333333326,1.8229166666666663,0.9114583333333331,0.9114583333333331,0.0,0.0,0.0,0.0,0.0,0.0,0.0,0.0,0.0,0.0,0.0,0.0,0.0,0.0,0.0,0.0,1.4583333333333333,1.4583333333333333,129.42878137987353,2.275,1.5190867108836132,0.0,133.04749532057605,0.0,0.0,0.0,0.0,0.0,0.0,0.0,143.51800731234843,0.875,151.09865900383127,3.7367161221653467,11.633102540285885,8.215825014801181,95.73377893067057,102.17478292635246,39,219.91753472222223,215.17708822070253,161.2777777777736,219.86328125,208.4635040084126,208.02582420342358,211.23627479821866,219.13977848374486,218.97569444444446,213.38878415169947,161.27777777777604,219.36631944444446,180.0,180.0,220.0,212.7832837405711,198.19213171242208,199.05398548392347,204.98385917158333,204.40013839546705,180.0,180.0,218.05555555555554,206.4405215586959,195.530588012622,59.51874580390514,59.54570218474274,56.344654530004824,56.92812004038843,7200.0,487.4223728580767,1674.9999313466121
3.437500000000001,243.4586232797982,0.0,86.41807350449088,494.6856651916697,0.0,4.444444444444444,1.2392678819090313,1.479008940954516,2.141892504734109,0.614785767643063,0.7341277246004365,3.485460069444444,3.4664082918974604,2093.509859801299,1520.7715372122834,438.1408926642416,2.0,1.9997429436196592,2.0,1.9997564785288044,0.6196339409545156,39.40975310775495,1.2392678819090313,0.0,243.4586232797982,0.0,0.0,0.0,0.0,1.7187500000000004,0.8593750000000002,0.8593750000000002,1.1317286037153715,1.1317286037153715,2.263457207430743,0.0,0.0,0.0,0.0,0.0,0.0,2.0203278020374755,1.0101639010187378,1.0101639010187378,0.0,86.41807350449088,0.0,0.3385416666666667,494.00858185833636,0.3385416666666667,0.2762441009763963,0.7341277246004365,0.2762441009763963,0.0,0.0,57.927742253015516,0.0,0.0896267361111111,143.80043557336555,0.0,3.395833333333333,3.395833333333333,113.94973979490594,4.951388888888889,0.0,0.0,0.0,0.0,0.0,0.0,0.0,0.0,0.0,0.0,0.0,0.0,0.0,0.0,0.0,0.0,1.111111111111111,2.222222222222222,0.5555555555555555,0.5555555555555555,0.0,0.0,121.82600360209558,0.9333333333333316,3.4664082918974604,1.538759701504286,126.2377721027936,2.4124354063076985,0.0,0.0,0.0,0.0,0.0,0.0,135.55099342345943,0.7286056560688662,143.376436781609,3.8888888888888884,11.625298845955319,7.7002130097981185,95.75012359002157,102.29446319932892,40,219.91319444444446,212.75020524212778,187.73611111110657,220.0,204.93449084939553,206.57354970942546,210.08542040817218,220.0,219.58333333333334,207.84752962466288,177.99999999999764,219.67013888888889,180.0,180.0,219.61111111111111,209.08769292516723,208.92666154967245,193.7315846769559,203.86833271989957,204.38338486070563,180.0,180.0,217.6508971655689,203.22232636460316,194.94256383223208,57.59377341128937,57.67873238958414,58.78112668051311,59.27031975899683,7380.0,378.41851570783246,1467.492459647397
0.0,210.69473439090922,1.6666666666666667,36.34862906004641,492.84885963611447,6.249999999999999,0.0,0.9533790086835358,0.8650913507004048,2.1719858650239123,5.203601066487709,7.247479910753195,6.265353414059441,2.6309630913517514,2093.4890914995513,1436.8745344705542,420.4949969923096,2.0,1.999588361975796,2.0,1.9998279627128215,0.0,21.743044785583237,0.0,0.5208333333333334,209.65306772424253,0.5208333333333334,0.4325456753502024,0.8650913507004048,0.4325456753502024,0.0,0.0,0.0,0.0,0.0,0.0,0.4166666666666667,0.8333333333333334,0.4166666666666667,1.0859929325119562,2.1719858650239123,1.0859929325119562,0.0,0.0,0.0,0.0,36.34862906004641,0.0,1.5798611111111116,489.6891374138923,1.5798611111111116,3.6237399553765974,7.247479910753195,3.6237399553765974,0.0,0.0,10.216540909325403,3.0932886861963866,6.265353414059441,143.3363897288463,3.879977676431528,0.0,0.0,84.30251757268375,0.0,3.1249999999999996,1.5624999999999998,0.7812499999999999,0.7812499999999999,0.0,0.0,0.0,0.0,0.0,0.0,0.0,0.0,0.0,0.0,0.0,0.0,0.0,0.0,0.0,0.0,1.9444444444444444,1.9444444444444444,110.43155915765128,2.761111111111111,0.686518646907307,0.0,118.84260949783905,0.0,0.0,0.0,0.0,0.0,0.0,0.0,129.00238231234832,1.3611111111111112,136.7653256704978,3.5787477172823796,11.6272172903925,7.099388765738384,95.74973872121907,104.14271580477966,41,219.88686129413122,213.51512221478555,186.49479166666177,219.8479445359545,208.66258389133864,210.07201479796925,211.1587438208775,219.34839621875014,219.88686129413122,213.2422152540906,165.55555555555262,219.82190286928784,180.0,180.0,219.51388888888889,207.49973529772484,204.22320523902098,201.78697255667265,205.17171111438296,206.88266395931257,180.0,180.0,218.05555555555554,206.95884748613915,195.64150479368269,59.51874911011944,59.53573024661,56.344919985777544,57.36727681431424,7560.0,313.23567127900463,1277.8258040822154
3.437500000000001,167.29195661313122,0.0,27.282656837824238,449.2030263027813,0.0,4.444444444444444,1.1813189123109509,1.4500344561554757,1.4884395726968491,1.181318912310951,1.6844094561554757,3.4027777777777777,2.6599418863573314,2093.4751693156963,1397.5088352895311,401.67069141549734,2.0,1.9998553447134255,2.0,1.9998671151014027,0.5906594561554754,9.748609051812597,1.1813189123109509,0.0,167.29195661313122,0.0,0.0,0.0,0.0,1.7187500000000004,0.8593750000000002,0.8593750000000002,0.9341258721060184,0.9341258721060184,1.8682517442120368,0.0,0.0,0.0,0.0,0.0,0.0,1.1086274011816617,0.5543137005908308,0.5543137005908308,1.09375,24.001406837824238,2.1875,0.0,449.2030263027813,0.0,0.0,0.0,0.0,1.181318912310951,0.5906594561554755,0.5906594561554755,0.0,0.0,130.42418506480988,0.0,3.4027777777777777,3.4027777777777777,68.46432312823939,4.763888888888889,0.0,0.0,0.0,0.0,0.0,0.0,0.0,0.0,0.0,0.0,0.0,0.0,0.0,0.0,0.0,0.0,1.111111111111111,2.222222222222222,0.5555555555555555,0.5555555555555555,0.0,0.0,95.3426702687625,0.0,2.6599418863573314,1.3299709431786657,111.36351278368555,2.298318804922666,0.0,0.0,0.0,0.0,0.0,0.0,122.46071564568182,0.7210546637559432,129.0431034482755,1.3805555555555555,11.624696222939729,6.8840186259748135,95.75092613340047,103.33351600457777,42,219.91319444444446,210.49887121392186,187.76388888888377,220.0,205.70921752064805,207.2884007798813,210.1368840992871,219.87847222222223,219.77142784146247,209.0219888204377,180.39831354842525,219.76855012736942,180.0,180.0,219.5498623036952,208.89519498239946,207.58964580416352,198.44147890115298,204.57678699949238,208.62335855894153,180.0,180.0,219.51388888888889,204.1784384172994,201.7098776703778,58.075033247690634,58.15723623281128,58.78113433731532,59.35466153894087,7740.0,267.40470988738514,1094.94893505827
0.0,129.68778994646436,1.6666666666666667,7.765295726713159,413.73427630278144,5.729166666666666,0.0,0.6720746866762691,0.4760938177969827,1.1552128035441298,2.0351537006342006,2.9418351790461785,4.354376223633408,2.0727708129616533,2093.4767039103176,1361.9585083069453,386.9541763852377,2.0,1.9995883634358234,2.0,1.9998210361435937,0.0,0.0,0.0,0.4340277777777778,128.81973439090882,0.4340277777777778,0.23804690889849134,0.4760938177969827,0.23804690889849134,0.0,0.0,0.0,0.0,0.0,0.0,0.4166666666666667,0.8333333333333334,0.4166666666666667,0.5776064017720649,1.1552128035441298,0.5776064017720649,0.0,0.0,0.0,0.0,7.765295726713159,0.0,0.5642361111111112,412.60580408055927,0.5642361111111112,1.4709175895230893,2.9418351790461785,1.4709175895230893,0.0,0.0,0.0,1.9097037454481016,4.354376223633408,131.29864324593564,3.09374076161294,0.0,0.0,38.42126757268389,0.0,2.864583333333333,1.4322916666666665,0.7161458333333333,0.7161458333333333,0.0,0.0,0.0,0.0,0.0,0.0,0.0,0.0,0.0,0.0,0.0,0.0,0.0,0.0,0.0,0.0,2.0727708129616533,2.0727708129616533,77.9172429508478,3.0936041462949864,0.0,0.0,101.5742560254068,0.0,0.0,0.0,0.0,0.0,0.0,0.0,114.42165314568196,1.3611111111111112,122.43199233716449,2.365129951402779,11.62713981933472,6.672848358392409,95.74978874553685,104.97202644384134,43,218.745287425544,213.3752416486895,190.26253013664305,219.8306366273603,208.8381109074679,210.2603825809612,211.14253324145946,219.90098563815494,219.5708912547475,210.9418192453734,185.1743345162592,219.80459496069363,180.0,180.0,219.51388888888889,207.33394969040367,203.0958559172737,201.50979428483063,204.1493747357733,207.37800677504828,180.0,180.0,219.70827737770517,207.03221762962508,204.40346962109314,59.518749725545014,59.54165863596364,56.34494151457524,57.40289982590133,7920.0,237.5837220917835,933.5378552078538
3.8194444444444455,82.18084550202009,0.0,4.375,367.4530263027816,0.0,4.999999999999999,1.6010647596000402,1.7553934909111315,1.3517264994454077,1.4344249580428405,1.8109624790214203,2.5277777777777777,3.280839976340558,2093.516549790227,1386.9135429923003,372.2223955416087,2.0,1.9999356844273817,2.0,1.9999413324289084,0.8005323798000201,0.8005323798000201,1.6010647596000402,0.0,82.18084550202009,0.0,0.0,0.0,0.0,1.9097222222222228,0.9548611111111114,0.9548611111111114,0.84242963964055,0.84242963964055,1.6848592792811,0.0,0.0,0.0,0.0,0.0,0.0,1.0185937196097155,0.5092968598048577,0.5092968598048577,1.09375,1.09375,2.1875,0.0,367.4530263027816,0.0,0.0,0.0,0.0,1.4344249580428405,0.7172124790214203,0.7172124790214203,0.0,0.0,122.66882449410534,0.0,2.5277777777777777,2.5277777777777777,16.393917878978648,3.694444444444445,0.0,0.0,0.0,0.0,0.0,0.0,0.0,0.0,0.0,0.0,0.0,0.0,0.0,0.0,0.0,0.0,1.2499999999999998,2.4999999999999996,0.6249999999999999,0.6249999999999999,0.0,0.0,54.96376391919708,0.0,3.280839976340558,1.5108028728946188,96.08369523626645,2.592901436447309,0.0,0.0,0.0,0.0,0.0,0.0,107.81488231234879,0.9684102192379336,114.64032567049792,1.3805555555555555,11.624709836696558,6.802814426601789,95.7512714673164,103.85349942565924,44,219.8581133373346,210.7918843650407,194.16227902974816,219.88983778578026,207.10624970191554,208.6572858170262,210.208240956065,219.80902777777777,219.77287053523966,209.00299369448157,187.75569916524927,219.7714355149238,180.0,180.0,219.04333782464732,209.3344857562125,206.58818807146568,202.9866254756262,208.60443261251737,209.77971487709422,180.0,180.0,219.51388888888889,203.96415450913773,200.85888487579214,58.556245831960304,58.62203527835989,58.78163705600292,59.3746730014542,8100.0,233.86545326589356,780.5509474965436
0.0,38.958623279798026,1.6666666666666667,0.0,326.3141374138929,5.729166666666666,0.0,0.5842493427022023,0.4740542409599602,1.7334401745361536,1.744667303733832,2.5865568296898864,3.9334005890889197,2.4305555555555554,2093.4749153646353,1282.1937328585805,338.18527498280844,2.0,1.9995883639765824,2.0,1.9998317356694415,0.0,0.0,0.0,0.3472222222222222,38.26417883535358,0.3472222222222222,0.2370271204799801,0.4740542409599602,0.2370271204799801,0.0,0.0,0.0,0.0,0.0,0.0,0.4166666666666667,0.8333333333333334,0.4166666666666667,0.8667200872680768,1.7334401745361536,0.8667200872680768,0.0,0.0,0.0,0.0,0.0,0.0,0.4513888888888889,325.4113596361151,0.4513888888888889,1.2932784148449432,2.5865568296898864,1.2932784148449432,0.0,0.0,0.0,1.9667002945444598,3.9334005890889197,123.08855421971562,3.12223903616112,0.0,0.0,0.0,0.0,2.864583333333333,1.4322916666666665,0.7161458333333333,0.7161458333333333,0.0,0.0,0.0,0.0,0.0,0.0,0.0,0.0,0.0,0.0,0.0,0.0,0.0,0.0,0.0,0.0,2.4305555555555554,2.4305555555555554,34.30466938711209,3.451388888888889,0.0,0.0,86.2080252429637,0.0,0.0,0.0,0.0,0.0,0.0,0.0,83.46684048192135,1.3611111111111112,108.09865900383134,2.280258238860981,11.627122478363345,6.2482596899911895,95.74982575347224,105.26953543754189,45,218.27192147452666,212.91965454944136,190.10644684836893,219.86170242425655,209.168587402811,210.4337820064145,211.4225367615364,219.92513020833334,219.012827399225,210.01230341775528,189.87794147738697,219.79635707571094,180.0,180.0,219.51388888888889,208.2222332273619,204.15774031065217,203.92752798536358,205.29615135589816,208.8166429273502,180.0,180.0,219.8828125,207.274867737202,205.7059174037866,59.51874975072196,59.5325692438172,56.34494368422494,57.486808570053334,8280.0,226.74234110284607,643.1927852869821
4.20138888888889,0.0,0.0,5.833333333333332,274.42524852500406,0.0,4.444444444444444,1.7059327358897678,1.9033135901671066,1.3292780363910992,1.9151211154970424,2.415893891081854,3.4027777777777777,2.5886025160286876,2093.474473551194,1368.01987125307,304.1361319066018,2.0,1.9998553447183898,2.0,1.9998675242289787,0.8529663679448839,0.8529663679448839,1.7059327358897678,0.0,0.0,0.0,0.0,0.0,0.0,2.100694444444445,1.0503472222222225,1.0503472222222225,0.8308681954300571,0.8308681954300571,1.6617363908601142,0.0,0.0,0.0,0.0,0.0,0.0,0.9968196819220844,0.4984098409610422,0.4984098409610422,1.458333333333333,1.458333333333333,2.916666666666666,0.0,274.42524852500406,0.0,0.0,0.0,0.0,1.9151211154970424,0.9575605577485212,0.9575605577485212,0.0,0.0,109.51971305533294,0.0,3.4027777777777777,3.4027777777777777,4.8999999999999995,4.763888888888889,0.0,0.0,0.0,0.0,0.0,0.0,0.0,0.0,0.0,0.0,0.0,0.0,0.0,0.0,0.0,0.0,1.111111111111111,2.222222222222222,0.5555555555555555,0.5555555555555555,0.0,0.0,12.162961795542365,0.0,2.5886025160286876,1.2943012580143438,78.51083153138647,2.280483962340505,0.0,0.0,0.0,0.0,0.0,0.0,55.08692572050968,1.0423323150641246,100.37643678160921,1.088888888888889,11.624688863823486,6.69356076759055,95.75094364991202,103.86858943377956,46,219.856626312916,210.83318405844983,204.63485072209068,219.88686373694307,207.47639072396697,209.04498207447512,210.26801343043954,219.80902777777777,219.77231980155344,209.0760521664374,190.56486568125297,219.77033404755136,180.0,180.0,219.4903929619657,210.13030428068143,207.24959245147562,203.4527715046469,208.8317807671315,209.75654068209576,180.0,180.0,219.80555555555554,204.58326230172946,200.1293692089331,58.07503327728054,58.159864923084235,58.78113448312212,59.36295201758389,8460.0,218.82459892986742,524.2899736030985
0.0,1.3888888888888888,1.6666666666666667,0.9722222222222222,234.328026302782,0.0,0.0,0.5752678734695686,0.4560913024946929,1.0797635837396187,0.23010559411349082,0.35810835261230095,0.13020833333333331,1.9444444444444444,2093.47504218277,1182.09987926797,258.36442683953663,2.0,1.999572341874949,2.0,1.99986551950643,0.0,0.0,0.0,0.3472222222222222,0.6944444444444444,0.3472222222222222,0.22804565124734644,0.4560913024946929,0.22804565124734644,0.0,0.0,0.0,0.0,0.0,0.0,0.4166666666666667,0.8333333333333334,0.4166666666666667,0.5398817918698093,1.0797635837396187,0.5398817918698093,0.0,0.0,0.0,0.24305555555555555,0.24305555555555555,0.4861111111111111,0.0,234.328026302782,0.0,0.0,0.0,0.0,0.23010559411349082,0.11505279705674541,0.11505279705674541,0.0,0.0,86.23066098892454,0.0,0.13020833333333331,0.13020833333333331,0.7718750000000001,0.7135416666666666,0.0,0.0,0.0,0.0,0.0,0.0,0.0,0.0,0.0,0.0,0.0,0.0,0.0,0.0,0.0,0.0,0.0,0.0,0.0,0.0,1.9444444444444444,1.9444444444444444,2.838888888888889,2.761111111111111,0.0,0.0,70.53742920350405,0.0,0.0,0.0,0.0,0.0,0.0,0.0,34.52827222570505,2.1142733210388314,79.78800498585505,3.2968135853935254,11.62715690946901,5.7054192823101,95.74984006819683,105.84875919298271,47,218.33697414449227,212.04448019386726,211.64591762779642,219.86213121508285,208.91113156815527,210.07381740015722,211.44832116568142,219.865707880074,219.74454180332697,208.1412071261286,191.74174611369438,218.85439139156895,180.0,180.0,219.06374004917802,208.09495125981363,209.6890005981646,204.29621356436473,206.08573713383527,208.470926429905,180.0,180.0,218.64607899175923,207.9405052758195,204.713354505394,59.03749705040317,59.096428726374455,56.34508307976538,57.83228361922553,8640.0,190.0103510779916,409.8905374559062
4.20138888888889,0.0,0.0,6.805555555555554,183.34191519167098,0.0,3.333333333333333,1.5468040794546127,1.823749261949529,1.6086941244011848,2.020488956229585,2.7116333670036807,0.9114583333333335,2.2207516604559405,2093.5274073623723,1155.242678746173,223.49934780889362,2.0,1.9989748323296614,2.0,1.9990707765344657,0.7734020397273064,0.7734020397273064,1.5468040794546127,0.0,0.0,0.0,0.0,0.0,0.0,2.100694444444445,1.0503472222222225,1.0503472222222225,0.7844644424129223,0.7844644424129223,1.5689288848258447,0.0,0.0,0.0,0.0,0.0,0.0,1.6484593639765246,0.8242296819882623,0.8242296819882623,1.7013888888888884,1.7013888888888884,3.402777777777777,0.0,183.34191519167098,0.0,0.0,0.0,0.0,2.020488956229585,1.0102444781147926,1.0102444781147926,0.0,0.0,42.70308160244455,0.0,0.9114583333333335,0.9114583333333335,4.3336805555555555,4.022569444444445,0.0,0.0,0.0,0.0,0.0,0.0,0.0,0.0,0.0,0.0,0.0,0.0,0.0,0.0,0.0,0.0,0.8333333333333333,1.6666666666666665,0.41666666666666663,0.41666666666666663,0.0,0.0,0.0,0.0,2.2207516604559405,1.1103758302279703,56.20015903810584,1.780187915113985,0.0,0.0,0.0,0.0,0.0,0.0,23.498527834718182,0.8528960229481914,58.97307223585167,2.5996704450876242,11.62674761627039,5.574057405616485,95.75204874960035,106.2290016735377,48,219.7958356077059,211.56364716300692,210.90917568229682,219.76528232652285,207.7251170943408,209.71392163042555,210.29007209416577,219.32118055555554,219.67182375178137,209.18332405158796,191.81608900159895,219.56934194800724,180.0,180.0,219.68055555555554,212.34079047203247,213.660160222298,207.56714797961644,209.29954493850843,212.86931352534427,180.0,180.0,219.49060733269016,205.92697208026806,200.07354443032597,55.66866398534081,55.87482025537655,58.78125907421714,59.45521240756085,8820.0,188.48995928268874,325.44527825143683
0.0,1.3888888888888888,1.6666666666666667,0.9722222222222222,143.24469296944892,0.0,0.0,0.48775837438361175,0.2810723043227791,1.3454300053931216,0.2578768509667596,0.37199398103893533,0.13020833333333331,2.4305555555555554,2093.4908090863237,1235.9201689540907,183.73556562405074,2.0,1.9995722397099667,2.0,1.9998993132114087,0.0,0.0,0.0,0.3472222222222222,0.6944444444444444,0.3472222222222222,0.14053615216138954,0.2810723043227791,0.14053615216138954,0.0,0.0,0.0,0.0,0.0,0.0,0.4166666666666667,0.8333333333333334,0.4166666666666667,0.6727150026965608,1.3454300053931216,0.6727150026965608,0.0,0.0,0.0,0.24305555555555555,0.24305555555555555,0.4861111111111111,0.0,143.24469296944892,0.0,0.0,0.0,0.0,0.2578768509667596,0.1289384254833798,0.1289384254833798,0.0,0.0,14.691002730127556,0.0,0.13020833333333331,0.13020833333333331,0.7718750000000001,0.7135416666666666,0.0,0.0,0.0,0.0,0.0,0.0,0.0,0.0,0.0,0.0,0.0,0.0,0.0,0.0,0.0,0.0,0.0,0.0,0.0,0.0,2.4305555555555554,2.4305555555555554,3.548611111111111,3.451388888888889,0.0,0.0,37.30823379988032,0.0,0.0,0.0,0.0,0.0,0.0,0.0,5.424089101207801,1.4658161914925443,35.18396238371184,0.6058159722222224,11.627234297418601,6.007640681143728,95.74988574218922,104.92800938982238,49,218.9439827269472,211.62290318668724,211.9494219190239,219.82551763031967,209.50652884365564,210.9220448471592,211.39343359399732,219.86957465277777,219.83721061086362,209.80736501656992,191.9481450349208,219.90011566617167,180.0,180.0,219.7131241229187,208.15215173339794,209.68667666300186,209.49671300296157,210.1081255932157,209.68266076849372,180.0,180.0,219.8828125,205.04616157878272,198.3104256854596,59.03743259130157,59.114164494206406,56.344913369444726,58.01949590020243,9000.0,183.28519072181726,216.64741004304435
4.20138888888889,0.0,0.0,5.833333333333332,92.25858185833782,0.0,3.333333333333333,1.2770983070755106,1.688896375759978,1.4688171743496952,1.4089121542911638,2.162789410478915,0.6510416666666667,2.3072524368167633,1591.9488701719024,1155.2280981469764,134.69108159608012,2.0,1.9992036722603281,2.0,1.9992901184722427,0.6385491535377553,0.6385491535377553,1.2770983070755106,0.0,0.0,0.0,0.0,0.0,0.0,2.100694444444445,1.0503472222222225,1.0503472222222225,0.7144599926700469,0.7144599926700469,1.4289199853400938,0.0,0.0,0.0,0.0,0.0,0.0,1.5087143633592965,0.7543571816796483,0.7543571816796483,1.458333333333333,1.458333333333333,2.916666666666666,0.0,92.25858185833782,0.0,0.0,0.0,0.0,1.4089121542911638,0.7044560771455819,0.7044560771455819,0.0,0.0,0.0,0.0,0.6510416666666667,0.6510416666666667,3.8593750000000004,3.5677083333333335,0.0,0.0,0.0,0.0,0.0,0.0,0.0,0.0,0.0,0.0,0.0,0.0,0.0,0.0,0.0,0.0,0.8333333333333333,1.6666666666666665,0.41666666666666663,0.41666666666666663,0.0,0.0,0.10694444444444406,0.0,2.3072524368167633,1.1536262184083816,18.19370240686488,1.8018131092041907,0.0,0.0,0.0,0.0,0.0,0.0,0.732710205062719,0.6938213161738302,19.271926124980904,3.6652777777777734,8.246486494685096,5.547278634998989,101.91852016005983,106.62173740145577,50,219.79472148193506,211.5411920185897,211.10363835574304,219.76305407498123,207.6486975967868,208.97648790279874,210.40106259512382,219.73350694444446,219.67238137847878,208.75222189160505,190.41571888235927,219.57045720140204,180.0,180.0,219.9007692687988,212.00716106026792,213.41931280358259,207.21870140642457,209.08221736273927,212.9926631594387,180.0,180.0,219.80555555555554,207.44328182783596,201.31902114735584,56.12300606655291,56.3372032718203,59.41116190688748,59.45854549194077,9180.0,185.44842769244337,149.16643231643084
0.0,1.7361111111111112,1.25,0.0,51.11969296944891,0.0,0.0,0.6182583823669927,0.36846120917842995,0.8072276633753147,0.7312069145477567,0.5596360513177354,0.13020833333333331,1.9444444444444444,1318.4511008647519,1194.6052620358942,108.48179477445048,2.0,1.9998891953128979,2.0,1.9999023197770622,0.0,0.0,0.0,0.4340277777777778,0.8680555555555556,0.4340277777777778,0.18423060458921497,0.36846120917842995,0.18423060458921497,0.0,0.0,0.0,0.0,0.0,0.5636117692700735,0.3125,0.625,0.3125,0.40361383168765735,0.8072276633753147,0.40361383168765735,0.0,0.0,0.0,0.0,0.0,0.0,0.4513888888888889,50.21691519167114,0.4513888888888889,0.2798180256588677,0.5596360513177354,0.2798180256588677,0.0,0.0,0.0,0.0,0.0,0.0,0.0,0.13020833333333331,0.13020833333333331,0.7718750000000001,0.7135416666666666,0.0,0.0,0.0,0.0,0.0,0.0,0.0,0.0,0.0,0.0,0.0,0.0,0.0,0.0,0.0,0.0,0.0,0.0,0.0,0.0,1.9444444444444444,1.9444444444444444,2.838888888888889,2.761111111111111,0.0,0.0,3.9611411884040724,0.0,0.0,0.0,0.0,0.0,0.0,0.0,1.6741671007754255,1.4797226563309809,4.083333333333332,1.771066884286114,6.568221344692366,5.866612656171287,103.3828420275451,104.68193781321145,51,219.72893791105673,211.8757554737899,212.03779480537,219.76898284441725,210.16734654777878,210.6824488399108,211.27542935813747,219.05320713591433,219.69879456710984,210.9839710589211,190.2209250613298,219.78167211499218,180.0,180.0,219.65749826356497,208.32099940431885,209.71363006101996,209.72182850046457,209.9866656887337,209.98687579626528,180.0,180.0,219.8828125,207.64731381528645,200.35553406437117,59.07153335856003,59.113932924699505,57.91992860641271,58.0317332700906,9360.0,177.6351433598155,73.33592910819935
4.20138888888889,0.0,0.0,5.833333333333332,0.0,0.0,3.333333333333333,1.2846471596161406,1.692670802030293,1.4046016481886683,1.389683751077508,2.153175208872087,0.6510416666666667,1.7413045180364999,1211.182796516416,1154.7585025041,99.52824329467983,2.0,1.9992175146892472,2.0,1.9992897911441962,0.6423235798080703,0.6423235798080703,1.2846471596161406,0.0,0.0,0.0,0.0,0.0,0.0,2.100694444444445,1.0503472222222225,1.0503472222222225,0.6535640567038008,0.6535640567038008,1.3071281134076016,0.0,0.0,0.0,0.0,0.0,0.0,1.502075182969735,0.7510375914848675,0.7510375914848675,1.458333333333333,1.458333333333333,2.916666666666666,0.0,0.0,0.0,0.0,0.0,0.0,1.389683751077508,0.694841875538754,0.694841875538754,0.0,0.0,0.0,0.0,0.6510416666666667,0.6510416666666667,3.8593750000000004,3.5677083333333335,0.0,0.0,0.0,0.0,0.0,0.0,0.0,0.0,0.0,0.0,0.0,0.0,0.0,0.0,0.0,0.0,0.8333333333333333,1.6666666666666665,0.41666666666666663,0.41666666666666663,0.0,0.0,0.0,0.0,1.7413045180364999,0.8706522590182499,1.7769927961757919,1.6603261295091247,0.0,0.0,0.0,0.0,0.0,0.0,1.1395218774589053,1.1006329885700166,3.28611111111111,2.974999999999996,5.8332384586848,5.5479499168147015,106.4374494577408,106.71620204411798,52,219.79565082470418,211.52265739563128,211.23129923203567,219.76491276051945,208.31588118450935,209.24012426024453,210.64218706781338,219.73350694444446,219.75888402454606,209.81615123762282,191.6134049821611,219.74346249353655,180.0,180.0,219.39260693460884,212.2937416143752,213.3448059334624,208.23158180075254,210.1702149054369,212.1231094648126,180.0,180.0,219.80555555555554,207.9287790739987,201.75200646590514,56.153011186147445,56.335881373228666,59.424827936876156,59.456042792832086,9540.0,178.66058436785337,39.11356633910386
0.0,1.7361111111111112,1.25,0.0,2.7083333333333335,0.0,0.0,0.688557326316779,0.5090590970780025,0.6846301254576944,1.034268123269736,0.7143695798728051,0.13020833333333331,0.11284722222222222,1181.7941586329516,1124.5829628156505,98.40873829397539,2.0,1.9999616466456962,2.0,1.9999650219805132,0.0,0.0,0.0,0.4340277777777778,0.8680555555555556,0.4340277777777778,0.2545295485390012,0.5090590970780025,0.2545295485390012,0.0,0.0,0.0,0.0,0.0,0.35230499454592157,0.3125,0.625,0.3125,0.3423150627288472,0.6846301254576944,0.3423150627288472,0.0,0.0,0.0,0.0,0.0,0.0,0.6770833333333334,1.3541666666666667,0.6770833333333334,0.35718478993640257,0.7143695798728051,0.35718478993640257,0.0,0.0,0.0,0.0,0.0,0.0,0.0,0.13020833333333331,0.13020833333333331,0.7718750000000001,0.7135416666666666,0.0,0.0,0.0,0.0,0.0,0.0,0.0,0.0,0.0,0.0,0.0,0.0,0.0,0.0,0.0,0.0,0.0,0.0,0.0,0.0,0.11284722222222222,0.11284722222222222,0.7836805555555556,0.7253472222222221,0.0,0.0,0.0,0.0,0.0,0.0,0.0,0.0,0.0,0.0,1.641237406380815,1.4467929619363713,3.715830298531282,3.385274742975726,5.6563240787986535,5.37132609777568,106.08683305450074,106.35198542013988,53,219.90507735435946,211.7942073143249,212.25872084926087,219.8570525660686,210.04793026964924,210.856165013513,211.45018709688236,219.2279648746591,219.90507735435946,210.91201870084296,211.27564004430357,219.83101089940195,180.0,180.0,219.78921704114342,208.48100046314113,209.75936198384363,209.43603980541667,209.8343906364627,210.16403883212558,180.0,180.0,219.34223436143043,207.65799240296764,204.88395460956508,59.07124242859668,59.11361170834049,58.52187013452162,58.57879467065208,9720.0,147.98525123675236,13.343422599362926
4.20138888888889,0.0,0.0,5.347222222222221,0.0,0.0,2.7777777777777777,1.4003544732058675,1.7505244588251563,1.4096486105777046,1.4003544732058677,2.036982792158489,0.6510416666666667,1.5999958826321459,1126.8896627432957,1067.1227682617648,84.69824389727972,2.0,1.9992167647077768,2.0,1.9992890843042432,0.7001772366029337,0.7001772366029337,1.4003544732058675,0.0,0.0,0.0,0.0,0.0,0.0,2.100694444444445,1.0503472222222225,1.0503472222222225,0.6692528459994183,0.6692528459994183,1.3385056919988365,0.0,0.0,0.0,0.0,0.0,0.0,1.480791529156573,0.7403957645782865,0.7403957645782865,1.3368055555555554,1.3368055555555554,2.6736111111111107,0.0,0.0,0.0,0.0,0.0,0.0,1.4003544732058677,0.7001772366029339,0.7001772366029339,0.0,0.0,0.0,0.0,0.6510416666666667,0.6510416666666667,3.8593750000000004,3.5677083333333335,0.0,0.0,0.0,0.0,0.0,0.0,0.0,0.0,0.0,0.0,0.0,0.0,0.0,0.0,0.0,0.0,0.6944444444444444,1.3888888888888888,0.3472222222222222,0.3472222222222222,0.0,0.0,0.0,0.0,1.5999958826321459,0.7999979413160729,1.5180545262135923,1.4208323039913697,0.0,0.0,0.0,0.0,0.0,0.0,1.081614661660757,1.0427257727718682,0.5600694444444446,0.5211805555555558,5.246560166881866,4.942838121080813,108.54184661158256,108.97458390762941,54,219.79541270360738,211.49731595017803,211.28298708648734,219.76443651832585,208.64535259792814,209.8791550039689,210.51994686565973,218.9140625,219.7560061477884,209.87234201420654,209.93805149304404,219.73770674002125,180.0,180.0,218.33333333333334,213.1283545404168,213.36904175021527,212.13816108414906,213.0451522280987,212.2031093174399,180.0,180.0,219.94357638888889,207.8955947164329,208.87721150399332,56.15176056400707,56.33461736649685,59.431371940469596,59.46227160697064,9900.0,146.4057790082321,37.634448544843025
0.0,1.7361111111111112,1.6666666666666667,0.0,2.2569444444444446,0.0,0.0,0.6982359564803483,0.528416357405141,1.0527752249135214,0.8720531759676008,0.6156341297129793,0.13020833333333331,0.16927083333333334,1163.8711505337124,1107.7092061475303,96.01668794898795,2.0,1.9999614345042067,2.0,1.9999647188623015,0.0,0.0,0.0,0.4340277777777778,0.8680555555555556,0.4340277777777778,0.2642081787025705,0.528416357405141,0.2642081787025705,0.0,0.0,0.0,0.0,0.0,0.0,0.4166666666666667,0.8333333333333334,0.4166666666666667,0.5263876124567607,1.0527752249135214,0.5263876124567607,0.0,0.0,0.0,0.0,0.0,0.0,0.5642361111111112,1.1284722222222223,0.5642361111111112,0.30781706485648963,0.6156341297129793,0.30781706485648963,0.0,0.0,0.0,0.0,0.0,0.0,0.0,0.13020833333333331,0.13020833333333331,0.7718750000000001,0.7135416666666666,0.0,0.0,0.0,0.0,0.0,0.0,0.0,0.0,0.0,0.0,0.0,0.0,0.0,0.0,0.0,0.0,0.0,0.0,0.0,0.0,0.16927083333333334,0.16927083333333334,0.8401041666666668,0.7817708333333333,0.0,0.0,0.0,0.0,0.0,0.0,0.0,0.0,0.0,0.0,1.1936906854434957,0.9992462409990508,3.7219555726188354,3.391400017063279,5.557929681323818,5.2810708686929395,106.58810063876196,106.83818804998154,55,219.71097177306478,212.00066369305986,212.5238732424977,219.75999977542128,210.93011391291506,212.18608744237235,211.70003774773636,219.9023737344883,219.71097177306478,211.04730516622482,211.46528223425037,219.73395810875462,180.0,180.0,219.93381076388889,209.48298443351712,209.76162005469897,209.96709063732783,210.38724610146025,210.1722748021344,180.0,180.0,219.31773326508022,207.78898587460182,208.17047180811352,59.07051706190535,59.112893017271475,58.52191823143006,58.57685220019261,10080.0,139.3387534127234,13.759623646285506
4.20138888888889,0.0,0.0,5.347222222222221,0.0,0.0,2.7777777777777777,1.3001202903025622,1.7004073673735036,1.392955133751847,1.3001202903025622,1.9868657007068364,0.6510416666666667,2.0185652951405757,1121.2216661299472,1061.4765347038904,84.0763487246358,2.0,1.9992164972400854,2.0,1.9992888424454298,0.6500601451512811,0.6500601451512811,1.3001202903025622,0.0,0.0,0.0,0.0,0.0,0.0,2.100694444444445,1.0503472222222225,1.0503472222222225,0.668385798885152,0.668385798885152,1.336771597770304,0.0,0.0,0.0,0.0,0.0,0.0,1.44913866973339,0.724569334866695,0.724569334866695,1.3368055555555554,1.3368055555555554,2.6736111111111107,0.0,0.0,0.0,0.0,0.0,0.0,1.3001202903025622,0.6500601451512811,0.6500601451512811,0.0,0.0,0.0,0.0,0.6510416666666667,0.6510416666666667,3.8593750000000004,3.5677083333333335,0.0,0.0,0.0,0.0,0.0,0.0,0.0,0.0,0.0,0.0,0.0,0.0,0.0,0.0,0.0,0.0,0.6944444444444444,1.3888888888888888,0.3472222222222222,0.3472222222222222,0.0,0.0,0.0,0.0,2.0185652951405757,1.0092826475702878,1.6226968793406997,1.525474657118477,0.0,0.0,0.0,0.0,0.0,0.0,0.9847840461220674,0.9458951572331784,0.5600694444444443,0.5211805555555555,5.219595621274658,4.916274267042359,108.5490449678702,108.97912900318317,56,219.7953650434493,211.5858975905526,211.51048976216111,219.76434119800967,209.7272885293418,210.95245540984683,210.67822159785138,219.31944444444446,219.75857453949953,209.8956777069025,210.19283224219024,219.74284352344353,180.0,180.0,219.43291416759578,213.7469964675694,213.3617306488533,210.0256844519121,212.15036341148752,213.09979470148147,180.0,180.0,219.94357638888889,207.96760169383612,208.9604804201052,56.15167634161632,56.33452524507688,59.42999044953253,59.460847430310274,10260.0,143.48965903283914,38.00387673094323
0.0,1.7361111111111112,1.6666666666666667,0.0,2.2569444444444446,0.0,0.0,0.6970758810381279,0.5260962065207003,1.0483511521325608,0.8720766022233384,0.6156809822244543,0.13020833333333331,0.16927083333333334,1161.2055876298866,1105.0475180465153,95.7767664113622,2.0,1.9999614435508917,2.0,1.9999647273830323,0.0,0.0,0.0,0.4340277777777778,0.8680555555555556,0.4340277777777778,0.26304810326035016,0.5260962065207003,0.26304810326035016,0.0,0.0,0.0,0.0,0.0,0.0,0.4166666666666667,0.8333333333333334,0.4166666666666667,0.5241755760662804,1.0483511521325608,0.5241755760662804,0.0,0.0,0.0,0.0,0.0,0.0,0.5642361111111112,1.1284722222222223,0.5642361111111112,0.30784049111222717,0.6156809822244543,0.30784049111222717,0.0,0.0,0.0,0.0,0.0,0.0,0.0,0.13020833333333331,0.13020833333333331,0.7718750000000001,0.7135416666666666,0.0,0.0,0.0,0.0,0.0,0.0,0.0,0.0,0.0,0.0,0.0,0.0,0.0,0.0,0.0,0.0,0.0,0.0,0.0,0.0,0.16927083333333334,0.16927083333333334,0.8401041666666668,0.7817708333333333,0.0,0.0,0.0,0.0,0.0,0.0,0.0,0.0,0.0,0.0,1.1924817861479189,0.998037341703474,3.712520345691967,3.381964790136412,5.544210319760519,5.267459947263457,106.59975918536455,106.84753855242778,57,219.68608592632592,211.9908361602559,212.51326625818572,219.74755685205184,210.9613141162023,212.20286109612502,211.7036495963807,219.9031911833734,219.68608592632592,211.05120642289683,211.4849477507891,219.7215151853852,180.0,180.0,219.93381076388889,209.51697737647967,209.81132072691446,210.03263360336328,210.4604199126747,210.2367666479976,180.0,180.0,219.3554741727877,207.81888696993866,208.22048826349197,59.07000591018668,59.112399337857234,58.52326393940811,58.57856818121931,10440.0,138.93992010325408,13.746228903977654
4.20138888888889,0.0,0.0,5.347222222222221,0.0,0.0,2.7777777777777777,1.3022670529933815,1.7014807487189132,1.3917099723401338,1.3022670529933815,1.9879390820522462,0.6510416666666667,2.020062703109292,1120.9680448074532,1061.2253783817841,84.0546438703648,2.0,1.9992165077879667,2.0,1.9992888518348277,0.6511335264966908,0.6511335264966908,1.3022670529933815,0.0,0.0,0.0,0.0,0.0,0.0,2.100694444444445,1.0503472222222225,1.0503472222222225,0.6672318023039039,0.6672318023039039,1.3344636046078078,0.0,0.0,0.0,0.0,0.0,0.0,1.44895634007246,0.72447817003623,0.72447817003623,1.3368055555555554,1.3368055555555554,2.6736111111111107,0.0,0.0,0.0,0.0,0.0,0.0,1.3022670529933815,0.6511335264966908,0.6511335264966908,0.0,0.0,0.0,0.0,0.6510416666666667,0.6510416666666667,3.8593750000000004,3.5677083333333335,0.0,0.0,0.0,0.0,0.0,0.0,0.0,0.0,0.0,0.0,0.0,0.0,0.0,0.0,0.0,0.0,0.6944444444444444,1.3888888888888888,0.3472222222222222,0.3472222222222222,0.0,0.0,0.0,0.0,2.020062703109292,1.010031351554646,1.6230712313328788,1.525849009110656,0.0,0.0,0.0,0.0,0.0,0.0,0.984802610581799,0.9459137216929101,0.5600694444444446,0.5211805555555555,5.2182221431898075,4.914929920749404,108.55169811630863,108.9817742960766,58,219.79537399140682,211.59004038236833,211.52034473726385,219.7643590939247,209.74329708347955,210.94024149206405,210.6676542750787,219.31944444444446,219.75866206122424,209.9007101859208,210.20517633193683,219.74301856689297,180.0,180.0,219.4327000177498,213.7565276194423,213.36283162763007,210.0295449101985,212.1638791335403,213.1066240355739,180.0,180.0,219.94357638888889,207.98285176233483,208.96195737374813,56.15169266230872,56.334540199448575,59.43004846056402,59.46090671203929,10620.0,143.41926997421942,38.01047795199709
0.0,1.7361111111111112,1.6666666666666667,0.0,2.2569444444444446,0.0,0.0,0.696896741078659,0.5257379266017623,1.0483172351886527,0.872076455511581,0.6156806888009395,0.13020833333333331,0.16927083333333334,1161.2422851056147,1105.0846812721759,95.78038713206415,2.0,1.9999614438197613,2.0,1.999964727621293,0.0,0.0,0.0,0.4340277777777778,0.8680555555555556,0.4340277777777778,0.26286896330088116,0.5257379266017623,0.26286896330088116,0.0,0.0,0.0,0.0,0.0,0.0,0.4166666666666667,0.8333333333333334,0.4166666666666667,0.5241586175943264,1.0483172351886527,0.5241586175943264,0.0,0.0,0.0,0.0,0.0,0.0,0.5642361111111112,1.1284722222222223,0.5642361111111112,0.30784034440046976,0.6156806888009395,0.30784034440046976,0.0,0.0,0.0,0.0,0.0,0.0,0.0,0.13020833333333331,0.13020833333333331,0.7718750000000001,0.7135416666666666,0.0,0.0,0.0,0.0,0.0,0.0,0.0,0.0,0.0,0.0,0.0,0.0,0.0,0.0,0.0,0.0,0.0,0.0,0.0,0.0,0.16927083333333334,0.16927083333333334,0.8401041666666668,0.7817708333333333,0.0,0.0,0.0,0.0,0.0,0.0,0.0,0.0,0.0,0.0,1.192364653421411,0.9979202089769665,3.713111992191701,3.3825564366361447,5.544375961672881,5.267628266872995,106.59999996885429,106.84778223483981,59,219.68641127945466,211.99149730167107,212.51660192991176,219.74771952861622,210.96330362689193,212.20416456020322,211.70534425117344,219.90321855328216,219.68641127945466,211.05169073959,211.48763475152654,219.72167786194956,180.0,180.0,219.93381076388889,209.51585018310735,209.81159848139842,210.03558877506327,210.46383648837542,210.2397007151554,180.0,180.0,219.35310758678875,207.81815712688945,208.21940167612968,59.07000380763805,59.11239731721919,58.52326911081581,58.578571893464286,10800.0,138.92170257399425,13.745443923404931
4.20138888888889,0.0,0.0,5.347222222222221,0.0,0.0,2.7777777777777777,1.3020770704554991,1.7013857574499722,1.3917690367994893,1.3020770704554991,1.9878440907833048,0.6510416666666667,2.019506519465396,1120.9549233372454,1061.212589158008,84.05325911143049,2.0,1.9992165081392415,2.0,1.9992888521760932,0.6510385352277496,0.6510385352277496,1.3020770704554991,0.0,0.0,0.0,0.0,0.0,0.0,2.100694444444445,1.0503472222222225,1.0503472222222225,0.667304052979754,0.667304052979754,1.334608105959508,0.0,0.0,0.0,0.0,0.0,0.0,1.4489299676394705,0.7244649838197352,0.7244649838197352,1.3368055555555554,1.3368055555555554,2.6736111111111107,0.0,0.0,0.0,0.0,0.0,0.0,1.3020770704554991,0.6510385352277496,0.6510385352277496,0.0,0.0,0.0,0.0,0.6510416666666667,0.6510416666666667,3.8593750000000004,3.5677083333333335,0.0,0.0,0.0,0.0,0.0,0.0,0.0,0.0,0.0,0.0,0.0,0.0,0.0,0.0,0.0,0.0,0.6944444444444444,1.3888888888888888,0.3472222222222222,0.3472222222222222,0.0,0.0,0.0,0.0,2.019506519465396,1.009753259732698,1.6229321854219048,1.5257099631996822,0.0,0.0,0.0,0.0,0.0,0.0,0.9846851847813756,0.9457962958924866,0.5600694444444443,0.5211805555555555,5.218148895804791,4.914859429178351,108.55187961045924,108.98195286220519,60,219.79537401442516,211.5902458686984,211.52102275225428,219.7643591399614,209.74348415124612,210.94039656577664,210.66792644992725,219.31944444444446,219.75866476190305,209.9007632737306,210.2056798422965,219.74302396825055,180.0,180.0,219.43317748601433,213.75667084257861,213.36285087203973,210.0302705488596,212.1641028506908,213.10691208366092,180.0,180.0,219.94357638888889,207.98364114033873,208.96208302711545,56.15169431099826,56.334541801315574,59.43004900617841,59.460906733527935,10980.0,143.41305706844986,38.00884191239519
0.0,1.7361111111111112,1.6666666666666667,0.0,2.2569444444444446,0.0,0.0,0.6968780578641951,0.5257005601728347,1.0482970653898647,0.8720765247871857,0.615680827352149,0.13020833333333331,0.16927083333333334,1161.2391463844006,1105.0815995938078,95.7800950024785,2.0,1.9999614438865227,2.0,1.9999647276815748,0.0,0.0,0.0,0.4340277777777778,0.8680555555555556,0.4340277777777778,0.26285028008641736,0.5257005601728347,0.26285028008641736,0.0,0.0,0.0,0.0,0.0,0.0,0.4166666666666667,0.8333333333333334,0.4166666666666667,0.5241485326949323,1.0482970653898647,0.5241485326949323,0.0,0.0,0.0,0.0,0.0,0.0,0.5642361111111112,1.1284722222222223,0.5642361111111112,0.3078404136760745,0.615680827352149,0.3078404136760745,0.0,0.0,0.0,0.0,0.0,0.0,0.0,0.13020833333333331,0.13020833333333331,0.7718750000000001,0.7135416666666666,0.0,0.0,0.0,0.0,0.0,0.0,0.0,0.0,0.0,0.0,0.0,0.0,0.0,0.0,0.0,0.0,0.0,0.0,0.0,0.0,0.16927083333333334,0.16927083333333334,0.8401041666666668,0.7817708333333333,0.0,0.0,0.0,0.0,0.0,0.0,0.0,0.0,0.0,0.0,1.1923652675452339,0.997920823100789,3.713093778488057,3.3825382229325007,5.544359683382234,5.267612427750584,106.60002474082027,106.84780520731502,61,219.68644851140903,211.99154987584555,212.5166103450124,219.7477381445934,210.96351786379378,212.20426287108958,211.7053883817175,219.9032205701432,219.68644851140903,211.05175709970806,211.48770638494037,219.72169647792674,180.0,180.0,219.93381076388889,209.51590525592343,209.81162929291153,210.03574345862856,210.46390852499903,210.23978841997544,180.0,180.0,219.3531804416033,207.81834427668485,208.2194560588743,59.0700036615481,59.11239717320106,58.52327117610408,58.578574101381214,11160.0,138.9202037080851,13.74532912805192
4.20138888888889,0.0,0.0,5.347222222222221,0.0,0.0,2.7777777777777777,1.302073603221397,1.701384023832921,1.3917662320089188,1.302073603221397,1.987842357166254,0.6510416666666667,2.0194999774076337,1120.95453721846,1061.2122083298832,84.05322074710057,2.0,1.9992165081353779,2.0,1.999288852172611,0.6510368016106985,0.6510368016106985,1.302073603221397,0.0,0.0,0.0,0.0,0.0,0.0,2.100694444444445,1.0503472222222225,1.0503472222222225,0.6673010509403712,0.6673010509403712,1.3346021018807424,0.0,0.0,0.0,0.0,0.0,0.0,1.4489303621370953,0.7244651810685476,0.7244651810685476,1.3368055555555554,1.3368055555555554,2.6736111111111107,0.0,0.0,0.0,0.0,0.0,0.0,1.302073603221397,0.6510368016106985,0.6510368016106985,0.0,0.0,0.0,0.0,0.6510416666666667,0.6510416666666667,3.8593750000000004,3.5677083333333335,0.0,0.0,0.0,0.0,0.0,0.0,0.0,0.0,0.0,0.0,0.0,0.0,0.0,0.0,0.0,0.0,0.6944444444444444,1.3888888888888888,0.3472222222222222,0.3472222222222222,0.0,0.0,0.0,0.0,2.0194999774076337,1.0097499887038168,1.6229305499074642,1.5257083276852417,0.0,0.0,0.0,0.0,0.0,0.0,0.9846825602100353,0.9457936713211463,0.5600694444444443,0.5211805555555558,5.218146798885967,4.914857386605393,108.5518835494075,108.98195674155292,62,219.79537401672877,211.5902498912803,211.52106331618418,219.76435914456866,209.7435453001521,210.94042062431095,210.6679584043644,219.31944444444446,219.75866486022335,209.90077042139583,210.2056987549743,219.74302416489112,180.0,180.0,219.43318760054996,213.75668586538538,213.36286140387838,210.03027846528974,212.16412116337727,213.10692005575396,180.0,180.0,219.94357638888889,207.9836525503415,208.96209476170753,56.15169429242356,56.334541783266864,59.43004921494289,59.460906943302895,11340.0,143.41274104167502,38.00880374018098
0.0,1.7361111111111112,1.6666666666666667,0.0,2.2569444444444446,0.0,0.0,0.6968776219424377,0.5256996883293198,1.0482968360926306,0.8720765222569957,0.6156808222917692,0.13020833333333331,0.16927083333333334,1161.2388988337582,1105.0813534884057,95.78006901935775,2.0,1.99996144389182,2.0,1.9999647276864603,0.0,0.0,0.0,0.4340277777777778,0.8680555555555556,0.4340277777777778,0.2628498441646599,0.5256996883293198,0.2628498441646599,0.0,0.0,0.0,0.0,0.0,0.0,0.4166666666666667,0.8333333333333334,0.4166666666666667,0.5241484180463153,1.0482968360926306,0.5241484180463153,0.0,0.0,0.0,0.0,0.0,0.0,0.5642361111111112,1.1284722222222223,0.5642361111111112,0.3078404111458846,0.6156808222917692,0.3078404111458846,0.0,0.0,0.0,0.0,0.0,0.0,0.0,0.13020833333333331,0.13020833333333331,0.7718750000000001,0.7135416666666666,0.0,0.0,0.0,0.0,0.0,0.0,0.0,0.0,0.0,0.0,0.0,0.0,0.0,0.0,0.0,0.0,0.0,0.0,0.0,0.0,0.16927083333333334,0.16927083333333334,0.8401041666666668,0.7817708333333333,0.0,0.0,0.0,0.0,0.0,0.0,0.0,0.0,0.0,0.0,1.1923650142566722,0.9979205698122273,3.7130911230958183,3.382535567540263,5.544358413655254,5.267611176649816,106.60002648360728,106.84780684942825,63,219.6864493590645,211.99155188571802,212.51661268154766,219.74773856842114,210.96352180970007,212.20426663940842,211.7053898574325,219.90322058212624,219.6864493590645,211.05175875311554,211.4877067244575,219.72169690175448,180.0,180.0,219.93381076388889,209.51591074406005,209.81163370008593,210.03575121080675,210.4639139329372,210.23979620983252,180.0,180.0,219.3531910631723,207.8183523046761,208.2194596576749,59.07000364448397,59.112397156566594,58.52327135210041,58.57857429238487,11520.0,138.92013031781562,13.745326915649661
4.20138888888889,0.0,0.0,5.347222222222221,0.0,0.0,2.7777777777777777,1.3020732602075542,1.7013838523259996,1.3917658285630505,1.3020732602075542,1.9878421856593325,0.6510416666666667,2.019499434134178,1120.954512291053,1061.2121837975244,84.05321837756665,2.0,1.9992165081364783,2.0,1.999288852173607,0.6510366301037771,0.6510366301037771,1.3020732602075542,0.0,0.0,0.0,0.0,0.0,0.0,2.100694444444445,1.0503472222222225,1.0503472222222225,0.6673006819878999,0.6673006819878999,1.3346013639757999,0.0,0.0,0.0,0.0,0.0,0.0,1.4489302931503014,0.7244651465751507,0.7244651465751507,1.3368055555555554,1.3368055555555554,2.6736111111111107,0.0,0.0,0.0,0.0,0.0,0.0,1.3020732602075542,0.6510366301037771,0.6510366301037771,0.0,0.0,0.0,0.0,0.6510416666666667,0.6510416666666667,3.8593750000000004,3.5677083333333335,0.0,0.0,0.0,0.0,0.0,0.0,0.0,0.0,0.0,0.0,0.0,0.0,0.0,0.0,0.0,0.0,0.6944444444444444,1.3888888888888888,0.3472222222222222,0.3472222222222222,0.0,0.0,0.0,0.0,2.019499434134178,1.009749717067089,1.6229304140891,1.5257081918668776,0.0,0.0,0.0,0.0,0.0,0.0,0.9846824585232177,0.9457935696343287,0.5600694444444446,0.5211805555555558,5.21814666147359,4.914857253239838,108.55188386504734,108.98195705072041,64,219.7953740168462,211.59025024045874,211.52106473333416,219.7643591448035,209.7435473683041,210.9404228066189,210.66795952884652,219.31944444444446,219.75866486832786,209.90077096461306,210.20570028522354,219.7430241811002,180.0,180.0,219.4331879804299,213.7566864839548,213.3628614891023,210.03027898485576,212.164121588304,213.10692044773978,180.0,180.0,219.94357638888889,207.98365418348683,208.96209496813844,56.15169429460961,56.33454178531701,59.43004922244645,59.46090695064001,11700.0,143.4127237417951,38.00879966779522
0.0,1.7361111111111112,1.6666666666666667,0.0,2.2569444444444446,0.0,0.0,0.69687762119958,0.5256996868436044,1.0482968177128245,0.8720765220858716,0.6156808219495209,0.13020833333333331,0.16927083333333334,1161.238888036181,1105.0813427536707,95.78006795574622,2.0,1.9999614438919497,2.0,1.9999647276865797,0.0,0.0,0.0,0.4340277777777778,0.8680555555555556,0.4340277777777778,0.2628498434218022,0.5256996868436044,0.2628498434218022,0.0,0.0,0.0,0.0,0.0,0.0,0.4166666666666667,0.8333333333333334,0.4166666666666667,0.5241484088564122,1.0482968177128245,0.5241484088564122,0.0,0.0,0.0,0.0,0.0,0.0,0.5642361111111112,1.1284722222222223,0.5642361111111112,0.30784041097476045,0.6156808219495209,0.30784041097476045,0.0,0.0,0.0,0.0,0.0,0.0,0.0,0.13020833333333331,0.13020833333333331,0.7718750000000001,0.7135416666666666,0.0,0.0,0.0,0.0,0.0,0.0,0.0,0.0,0.0,0.0,0.0,0.0,0.0,0.0,0.0,0.0,0.0,0.0,0.0,0.0,0.16927083333333334,0.16927083333333334,0.8401041666666668,0.7817708333333333,0.0,0.0,0.0,0.0,0.0,0.0,0.0,0.0,0.0,0.0,1.1923649953590456,0.9979205509146007,3.7130910474891863,3.38253549193363,5.544358358581906,5.267611122394351,106.60002655460013,106.84780691662618,65,219.6864493571114,211.99155196108347,212.51661300541085,219.7477385674446,210.96352211564437,212.20426679013707,211.70538999279876,219.9032205854925,219.6864493571114,211.05175884344058,211.48770685757938,219.72169690077794,180.0,180.0,219.93381076388889,209.51591091613847,209.81163385816185,210.03575159648685,210.46391445019418,210.23979669745603,180.0,180.0,219.3531913655988,207.8183526180256,208.21945987347982,59.07000364391698,59.11239715601477,58.5232713569728,58.578574297758436,11880.0,138.92012651288246,13.745326875234122
4.20138888888889,0.0,0.0,5.347222222222221,0.0,0.0,2.7777777777777777,1.3020732484937976,1.7013838464691213,1.391765815145469,1.3020732484937976,1.9878421798024541,0.6510416666666667,2.01949939243078,1120.9545100838593,1061.2121816289791,84.05321816947365,2.0,1.9992165081365527,2.0,1.999288852173676,0.6510366242468988,0.6510366242468988,1.3020732484937976,0.0,0.0,0.0,0.0,0.0,0.0,2.100694444444445,1.0503472222222225,1.0503472222222225,0.6673006716847762,0.6673006716847762,1.3346013433695525,0.0,0.0,0.0,0.0,0.0,0.0,1.4489302869213856,0.7244651434606928,0.7244651434606928,1.3368055555555554,1.3368055555555554,2.6736111111111107,0.0,0.0,0.0,0.0,0.0,0.0,1.3020732484937976,0.6510366242468988,0.6510366242468988,0.0,0.0,0.0,0.0,0.6510416666666667,0.6510416666666667,3.8593750000000004,3.5677083333333335,0.0,0.0,0.0,0.0,0.0,0.0,0.0,0.0,0.0,0.0,0.0,0.0,0.0,0.0,0.0,0.0,0.6944444444444444,1.3888888888888888,0.3472222222222222,0.3472222222222222,0.0,0.0,0.0,0.0,2.01949939243078,1.00974969621539,1.6229304036632508,1.5257081814410283,0.0,0.0,0.0,0.0,0.0,0.0,0.9846824503175599,0.945793561428671,0.5600694444444443,0.5211805555555555,5.218146649307606,4.914857241444944,108.55188389268766,108.9819570779059,66,219.7953740168608,211.59025027166822,211.52106481665518,219.76435914483264,209.74354747792307,210.9404228811453,210.6679595741832,219.31944444444446,219.7586648687388,209.90077098433022,210.2057003358644,219.7430241819221,180.0,180.0,219.43318801251831,213.75668653247396,213.36286149228354,210.03027905329503,212.1641216261414,213.10692049852975,180.0,180.0,219.94357638888889,207.98365431162406,208.9620949844925,56.15169429476653,56.334541785467174,59.43004922334788,59.460906951512115,12060.0,143.41272277772072,38.00879948386307
0.0,1.7361111111111112,1.6666666666666667,0.0,2.2569444444444446,0.0,0.0,0.6968776201589888,0.525699684762422,1.0482968154025067,0.8720765220826736,0.615680821943125,0.13020833333333331,0.16927083333333334,1161.2388875477848,1105.081342270125,95.78006790766565,2.0,1.999961443891958,2.0,1.999964727686587,0.0,0.0,0.0,0.4340277777777778,0.8680555555555556,0.4340277777777778,0.262849842381211,0.525699684762422,0.262849842381211,0.0,0.0,0.0,0.0,0.0,0.0,0.4166666666666667,0.8333333333333334,0.4166666666666667,0.5241484077012534,1.0482968154025067,0.5241484077012534,0.0,0.0,0.0,0.0,0.0,0.0,0.5642361111111112,1.1284722222222223,0.5642361111111112,0.3078404109715625,0.615680821943125,0.3078404109715625,0.0,0.0,0.0,0.0,0.0,0.0,0.0,0.13020833333333331,0.13020833333333331,0.7718750000000001,0.7135416666666666,0.0,0.0,0.0,0.0,0.0,0.0,0.0,0.0,0.0,0.0,0.0,0.0,0.0,0.0,0.0,0.0,0.0,0.0,0.0,0.0,0.16927083333333334,0.16927083333333334,0.8401041666666668,0.7817708333333333,0.0,0.0,0.0,0.0,0.0,0.0,0.0,0.0,0.0,0.0,1.1923649943700385,0.9979205499255936,3.7130910444568066,3.3825354889012496,5.544358356054495,5.267611119916864,106.60002655857376,106.84780692040144,67,219.68644935903575,211.99155196637952,212.51661301765049,219.74773856840676,210.96352214419161,212.2042668065224,211.70539000328222,219.90322058580634,219.68644935903575,211.05175885044972,211.48770686770095,219.7216969017401,180.0,180.0,219.93381076388889,209.51591092441325,209.81163386572322,210.03575161484636,210.46391447090923,210.23979672078218,180.0,180.0,219.35319137772834,207.8183526407189,208.21945988203996,59.0700036438905,59.11239715598892,58.52327135724066,58.57857429804785,12240.0,138.92012628629752,13.74532686643833
4.20138888888889,0.0,0.0,5.347222222222221,0.0,0.0,2.7777777777777777,1.302073247768985,1.701383846106715,1.3917658145720755,1.302073247768985,1.9878421794400478,0.6510416666666667,2.0194993894831743,1120.9545099803709,1061.2121815273274,84.05321815921144,2.0,1.9992165081365552,2.0,1.9992888521736782,0.6510366238844925,0.6510366238844925,1.302073247768985,0.0,0.0,0.0,0.0,0.0,0.0,2.100694444444445,1.0503472222222225,1.0503472222222225,0.6673006712416508,0.6673006712416508,1.3346013424833016,0.0,0.0,0.0,0.0,0.0,0.0,1.448930286660849,0.7244651433304246,0.7244651433304246,1.3368055555555554,1.3368055555555554,2.6736111111111107,0.0,0.0,0.0,0.0,0.0,0.0,1.302073247768985,0.6510366238844925,0.6510366238844925,0.0,0.0,0.0,0.0,0.6510416666666667,0.6510416666666667,3.8593750000000004,3.5677083333333335,0.0,0.0,0.0,0.0,0.0,0.0,0.0,0.0,0.0,0.0,0.0,0.0,0.0,0.0,0.0,0.0,0.6944444444444444,1.3888888888888888,0.3472222222222222,0.3472222222222222,0.0,0.0,0.0,0.0,2.0194993894831743,1.0097496947415872,1.6229304029263492,1.5257081807041268,0.0,0.0,0.0,0.0,0.0,0.0,0.9846824496821764,0.9457935607932875,0.5600694444444443,0.5211805555555555,5.218146648736971,4.914857240891624,108.551883893991,108.98195707919153,68,219.7953740168611,211.59025027285657,211.5210648224852,219.7643591448333,209.74354748528498,210.94042288503633,210.66795957779343,219.31944444444446,219.75866486875657,209.9007709853678,210.2057003391393,219.7430241819576,180.0,180.0,219.43318801502133,213.75668653535163,213.36286149312426,210.03027905637717,212.1641216285855,213.10692050072117,180.0,180.0,219.94357638888889,207.98365431724685,208.9620949858998,56.151694294772355,56.33454178547276,59.43004922338929,59.46090695155197,12420.0,143.41272272088918,38.00879947277504
0.0,1.7361111111111112,1.6666666666666667,0.0,2.2569444444444446,0.0,0.0,0.696877620087007,0.5256996846184585,1.0482968153020538,0.872076522082465,0.6156808219427077,0.13020833333333331,0.16927083333333334,1161.238887515329,1105.0813422379942,95.78006790436372,2.0,1.9999614438919586,2.0,1.9999647276865877,0.0,0.0,0.0,0.4340277777777778,0.8680555555555556,0.4340277777777778,0.26284984230922925,0.5256996846184585,0.26284984230922925,0.0,0.0,0.0,0.0,0.0,0.0,0.4166666666666667,0.8333333333333334,0.4166666666666667,0.5241484076510269,1.0482968153020538,0.5241484076510269,0.0,0.0,0.0,0.0,0.0,0.0,0.5642361111111112,1.1284722222222223,0.5642361111111112,0.30784041097135384,0.6156808219427077,0.30784041097135384,0.0,0.0,0.0,0.0,0.0,0.0,0.0,0.13020833333333331,0.13020833333333331,0.7718750000000001,0.7135416666666666,0.0,0.0,0.0,0.0,0.0,0.0,0.0,0.0,0.0,0.0,0.0,0.0,0.0,0.0,0.0,0.0,0.0,0.0,0.0,0.0,0.16927083333333334,0.16927083333333334,0.8401041666666668,0.7817708333333333,0.0,0.0,0.0,0.0,0.0,0.0,0.0,0.0,0.0,0.0,1.1923649943248946,0.9979205498804502,3.713091044178614,3.382535488623058,5.5443583558869145,5.267611119752524,106.60002655882498,106.84780692063808,69,219.68644935917266,211.99155196677305,212.51661301823893,219.7477385684752,210.96352214551908,212.20426680734315,211.70539000375265,219.9032205858177,219.68644935917266,211.05175885092464,211.48770686815305,219.72169690180854,180.0,180.0,219.93381076388889,209.5159109250606,209.81163386624044,210.03575161606344,210.46391447195154,210.2397967220688,180.0,180.0,219.3531913788411,207.81835264207692,208.21945988256192,59.070003643888484,59.112397155986955,58.52327135726175,58.57857429807065,12600.0,138.92012627315486,13.745326865948662
4.20138888888889,0.0,0.0,5.347222222222221,0.0,0.0,2.7777777777777777,1.3020732477308161,1.7013838460876305,1.3917658145264478,1.3020732477308161,1.9878421794209635,0.6510416666666667,2.0194993893540456,1120.9545099752042,1061.212181522248,84.0532181587068,2.0,1.9992165081365552,2.0,1.9992888521736785,0.6510366238654081,0.6510366238654081,1.3020732477308161,0.0,0.0,0.0,0.0,0.0,0.0,2.100694444444445,1.0503472222222225,1.0503472222222225,0.6673006712019801,0.6673006712019801,1.3346013424039602,0.0,0.0,0.0,0.0,0.0,0.0,1.4489302866489353,0.7244651433244677,0.7244651433244677,1.3368055555555554,1.3368055555555554,2.6736111111111107,0.0,0.0,0.0,0.0,0.0,0.0,1.3020732477308161,0.6510366238654081,0.6510366238654081,0.0,0.0,0.0,0.0,0.6510416666666667,0.6510416666666667,3.8593750000000004,3.5677083333333335,0.0,0.0,0.0,0.0,0.0,0.0,0.0,0.0,0.0,0.0,0.0,0.0,0.0,0.0,0.0,0.0,0.6944444444444444,1.3888888888888888,0.3472222222222222,0.3472222222222222,0.0,0.0,0.0,0.0,2.0194993893540456,1.0097496946770228,1.6229304028940672,1.5257081806718447,0.0,0.0,0.0,0.0,0.0,0.0,0.9846824496533753,0.9457935607644863,0.5600694444444446,0.5211805555555555,5.218146648708607,4.914857240864106,108.55188389405352,108.98195707925294,70,219.79537401686113,211.5902502729186,211.52106482280414,219.76435914483335,209.7435474857386,210.94042288530892,210.66795957802591,219.31944444444446,219.75866486875773,209.90077098544307,210.2057003393702,219.74302418195992,180.0,180.0,219.43318801513334,213.75668653549326,213.36286149316217,210.0302790565261,212.16412162872177,213.10692050083878,180.0,180.0,219.94357638888889,207.9836543175188,208.96209498596443,56.15169429477263,56.33454178547302,59.430049223391265,59.46090695155389,12780.0,143.41272271767983,38.00879947218159
0.0,1.7361111111111112,1.6666666666666667,0.0,2.2569444444444446,0.0,0.0,0.6968776200839011,0.5256996846122467,1.0482968152973313,0.8720765220824461,0.6156808219426699,0.13020833333333331,0.16927083333333334,1161.2388875133693,1105.0813422360504,95.78006790416435,2.0,1.9999614438919586,2.0,1.9999647276865877,0.0,0.0,0.0,0.4340277777777778,0.8680555555555556,0.4340277777777778,0.26284984230612335,0.5256996846122467,0.26284984230612335,0.0,0.0,0.0,0.0,0.0,0.0,0.4166666666666667,0.8333333333333334,0.4166666666666667,0.5241484076486657,1.0482968152973313,0.5241484076486657,0.0,0.0,0.0,0.0,0.0,0.0,0.5642361111111112,1.1284722222222223,0.5642361111111112,0.30784041097133497,0.6156808219426699,0.30784041097133497,0.0,0.0,0.0,0.0,0.0,0.0,0.0,0.13020833333333331,0.13020833333333331,0.7718750000000001,0.7135416666666666,0.0,0.0,0.0,0.0,0.0,0.0,0.0,0.0,0.0,0.0,0.0,0.0,0.0,0.0,0.0,0.0,0.0,0.0,0.0,0.0,0.16927083333333334,0.16927083333333334,0.8401041666666668,0.7817708333333333,0.0,0.0,0.0,0.0,0.0,0.0,0.0,0.0,0.0,0.0,1.1923649943220422,0.9979205498775974,3.7130910441617146,3.3825354886061594,5.544358355876835,5.267611119742618,106.60002655883939,106.84780692065166,71,219.68644935917843,211.9915519667929,212.51661301827914,219.7477385684781,210.96352214558294,212.2042668073832,211.70539000377602,219.90322058581822,219.68644935917843,211.05175885094687,211.48770686817502,219.72169690181144,180.0,180.0,219.93381076388889,209.5159109250984,209.81163386627182,210.03575161613594,210.4639144720241,210.23979672214818,180.0,180.0,219.3531913789087,207.81835264215135,208.219459882594,59.07000364388837,59.112397155986834,58.523271357262985,58.57857429807199,12960.0,138.9201262724157,13.74532686592672
4.20138888888889,0.0,0.0,5.347222222222221,0.0,0.0,2.7777777777777777,1.3020732477284227,1.701383846086434,1.391765814523657,1.3020732477284227,1.9878421794197667,0.6510416666666667,2.019499389347171,1120.954509974879,1061.2121815219286,84.05321815867572,2.0,1.9992165081365552,2.0,1.9992888521736785,0.6510366238642114,0.6510366238642114,1.3020732477284227,0.0,0.0,0.0,0.0,0.0,0.0,2.100694444444445,1.0503472222222225,1.0503472222222225,0.6673006711996086,0.6673006711996086,1.3346013423992171,0.0,0.0,0.0,0.0,0.0,0.0,1.448930286648097,0.7244651433240485,0.7244651433240485,1.3368055555555554,1.3368055555555554,2.6736111111111107,0.0,0.0,0.0,0.0,0.0,0.0,1.3020732477284227,0.6510366238642114,0.6510366238642114,0.0,0.0,0.0,0.0,0.6510416666666667,0.6510416666666667,3.8593750000000004,3.5677083333333335,0.0,0.0,0.0,0.0,0.0,0.0,0.0,0.0,0.0,0.0,0.0,0.0,0.0,0.0,0.0,0.0,0.6944444444444444,1.3888888888888888,0.3472222222222222,0.3472222222222222,0.0,0.0,0.0,0.0,2.019499389347171,1.0097496946735856,1.6229304028923484,1.5257081806701258,0.0,0.0,0.0,0.0,0.0,0.0,0.9846824496519242,0.9457935607630352,0.5600694444444446,0.5211805555555558,5.218146648706818,4.914857240862371,108.55188389405754,108.98195707925687,72,219.79537401686113,211.5902502729233,211.52106482281997,219.76435914483335,209.7435474857628,210.94042288532572,210.66795957803757,219.31944444444446,219.7586648687578,209.90077098544725,210.20570033938196,219.74302418196007,180.0,180.0,219.43318801513897,213.7566865355005,213.3628614931637,210.03027905653525,212.16412162872928,213.1069205008458,180.0,180.0,219.94357638888889,207.9836543175374,208.96209498596784,56.15169429477265,56.334541785473036,59.43004922339139,59.46090695155401,13140.0,143.41272271749935,38.0087994721471
0.0,1.7361111111111112,1.6666666666666667,0.0,2.2569444444444446,0.0,0.0,0.696877620083747,0.5256996846119384,1.0482968152970213,0.8720765220824451,0.615680821942668,0.13020833333333331,0.16927083333333334,1161.238887513264,1105.0813422359463,95.78006790415374,2.0,1.9999614438919586,2.0,1.9999647276865877,0.0,0.0,0.0,0.4340277777777778,0.8680555555555556,0.4340277777777778,0.2628498423059692,0.5256996846119384,0.2628498423059692,0.0,0.0,0.0,0.0,0.0,0.0,0.4166666666666667,0.8333333333333334,0.4166666666666667,0.5241484076485107,1.0482968152970213,0.5241484076485107,0.0,0.0,0.0,0.0,0.0,0.0,0.5642361111111112,1.1284722222222223,0.5642361111111112,0.307840410971334,0.615680821942668,0.307840410971334,0.0,0.0,0.0,0.0,0.0,0.0,0.0,0.13020833333333331,0.13020833333333331,0.7718750000000001,0.7135416666666666,0.0,0.0,0.0,0.0,0.0,0.0,0.0,0.0,0.0,0.0,0.0,0.0,0.0,0.0,0.0,0.0,0.0,0.0,0.0,0.0,0.16927083333333334,0.16927083333333334,0.8401041666666668,0.7817708333333333,0.0,0.0,0.0,0.0,0.0,0.0,0.0,0.0,0.0,0.0,1.1923649943218642,0.9979205498774193,3.713091044160878,3.382535488605322,5.544358355876294,5.267611119742088,106.60002655884016,106.84780692065239,73,219.6864493591787,211.99155196679422,212.5166130182814,219.74773856847824,210.9635221455879,212.20426680738635,211.70539000377752,219.90322058581827,219.6864493591787,211.05175885094792,211.4877068681765,219.72169690181158,180.0,180.0,219.93381076388889,209.51591092509986,209.8116338662734,210.03575161613952,210.4639144720288,210.23979672215253,180.0,180.0,219.35319137891204,207.81835264215567,208.21945988259574,59.07000364388836,59.112397155986834,58.52327135726304,58.578574298072056,13320.0,138.92012627237284,13.745326865925477
4.20138888888889,0.0,0.0,5.347222222222221,0.0,0.0,2.7777777777777777,1.302073247728287,1.7013838460863662,1.3917658145235143,1.302073247728287,1.9878421794196988,0.6510416666666667,2.019499389346729,1120.95450997486,1061.2121815219098,84.05321815867386,2.0,1.9992165081365552,2.0,1.9992888521736785,0.6510366238641435,0.6510366238641435,1.302073247728287,0.0,0.0,0.0,0.0,0.0,0.0,2.100694444444445,1.0503472222222225,1.0503472222222225,0.6673006711994911,0.6673006711994911,1.3346013423989822,0.0,0.0,0.0,0.0,0.0,0.0,1.4489302866480465,0.7244651433240232,0.7244651433240232,1.3368055555555554,1.3368055555555554,2.6736111111111107,0.0,0.0,0.0,0.0,0.0,0.0,1.302073247728287,0.6510366238641435,0.6510366238641435,0.0,0.0,0.0,0.0,0.6510416666666667,0.6510416666666667,3.8593750000000004,3.5677083333333335,0.0,0.0,0.0,0.0,0.0,0.0,0.0,0.0,0.0,0.0,0.0,0.0,0.0,0.0,0.0,0.0,0.6944444444444444,1.3888888888888888,0.3472222222222222,0.3472222222222222,0.0,0.0,0.0,0.0,2.019499389346729,1.0097496946733644,1.6229304028922378,1.5257081806700155,0.0,0.0,0.0,0.0,0.0,0.0,0.9846824496518304,0.9457935607629415,0.5600694444444443,0.5211805555555555,5.218146648706712,4.914857240862268,108.55188389405777,108.98195707925711,74,219.79537401686113,211.59025027292392,211.5210648228208,219.76435914483335,209.74354748576482,210.94042288532728,210.6679595780382,219.31944444444446,219.75866486875782,209.90077098544737,210.20570033938256,219.74302418196007,180.0,180.0,219.43318801513934,213.7566865355005,213.3628614931638,210.03027905653568,212.16412162873021,213.1069205008462,180.0,180.0,219.94357638888889,207.9836543175387,208.96209498596792,56.151694294772646,56.33454178547304,59.4300492233914,59.460906951554016,13500.0,143.41272271748755,38.00879947214511
0.0,1.7361111111111112,1.6666666666666667,0.0,2.2569444444444446,0.0,0.0,0.6968776200837364,0.5256996846119173,1.0482968152970027,0.8720765220824451,0.6156808219426678,0.13020833333333331,0.16927083333333334,1161.2388875132583,1105.0813422359404,95.78006790415314,2.0,1.9999614438919586,2.0,1.9999647276865877,0.0,0.0,0.0,0.4340277777777778,0.8680555555555556,0.4340277777777778,0.26284984230595865,0.5256996846119173,0.26284984230595865,0.0,0.0,0.0,0.0,0.0,0.0,0.4166666666666667,0.8333333333333334,0.4166666666666667,0.5241484076485013,1.0482968152970027,0.5241484076485013,0.0,0.0,0.0,0.0,0.0,0.0,0.5642361111111112,1.1284722222222223,0.5642361111111112,0.3078404109713339,0.6156808219426678,0.3078404109713339,0.0,0.0,0.0,0.0,0.0,0.0,0.0,0.13020833333333331,0.13020833333333331,0.7718750000000001,0.7135416666666666,0.0,0.0,0.0,0.0,0.0,0.0,0.0,0.0,0.0,0.0,0.0,0.0,0.0,0.0,0.0,0.0,0.0,0.0,0.0,0.0,0.16927083333333334,0.16927083333333334,0.8401041666666668,0.7817708333333333,0.0,0.0,0.0,0.0,0.0,0.0,0.0,0.0,0.0,0.0,1.1923649943218544,0.9979205498774095,3.713091044160832,3.3825354886052765,5.5443583558762635,5.2676111197420585,106.6000265588402,106.84780692065243,75,219.6864493591787,211.99155196679467,212.51661301828142,219.74773856847824,210.9635221455889,212.20426680738726,211.70539000377767,219.90322058581827,219.6864493591787,211.05175885094795,211.4877068681766,219.72169690181158,180.0,180.0,219.93381076388889,209.51591092509955,209.81163386627347,210.03575161613955,210.4639144720295,210.23979672215282,180.0,180.0,219.35319137891221,207.81835264215607,208.2194598825957,59.070003643888356,59.112397155986834,58.52327135726305,58.57857429807206,13680.0,138.92012627236883,13.745326865925398
4.20138888888889,0.0,0.0,5.347222222222221,0.0,0.0,2.7777777777777777,1.3020732477282801,1.7013838460863626,1.3917658145235072,1.3020732477282801,1.9878421794196954,0.6510416666666667,2.019499389346704,1120.9545099748589,1061.2121815219086,84.05321815867376,2.0,1.9992165081365552,2.0,1.9992888521736785,0.6510366238641401,0.6510366238641401,1.3020732477282801,0.0,0.0,0.0,0.0,0.0,0.0,2.100694444444445,1.0503472222222225,1.0503472222222225,0.667300671199485,0.667300671199485,1.33460134239897,0.0,0.0,0.0,0.0,0.0,0.0,1.4489302866480442,0.7244651433240221,0.7244651433240221,1.3368055555555554,1.3368055555555554,2.6736111111111107,0.0,0.0,0.0,0.0,0.0,0.0,1.3020732477282801,0.6510366238641401,0.6510366238641401,0.0,0.0,0.0,0.0,0.6510416666666667,0.6510416666666667,3.8593750000000004,3.5677083333333335,0.0,0.0,0.0,0.0,0.0,0.0,0.0,0.0,0.0,0.0,0.0,0.0,0.0,0.0,0.0,0.0,0.6944444444444444,1.3888888888888888,0.3472222222222222,0.3472222222222222,0.0,0.0,0.0,0.0,2.019499389346704,1.009749694673352,1.6229304028922318,1.525708180670009,0.0,0.0,0.0,0.0,0.0,0.0,0.9846824496518252,0.9457935607629362,0.5600694444444443,0.5211805555555558,5.218146648706706,4.914857240862263,108.55188389405778,108.98195707925713,76,219.79537401686113,211.59025027292432,211.52106482282073,219.76435914483335,209.74354748576567,210.9404228853281,210.66795957803828,219.31944444444446,219.75866486875782,209.9007709854473,210.20570033938264,219.74302418196007,180.0,180.0,219.43318801513934,213.75668653550008,213.36286149316376,210.03027905653548,212.1641216287306,213.10692050084623,180.0,180.0,219.94357638888889,207.98365431753894,208.96209498596767,56.151694294772646,56.33454178547304,59.4300492233914,59.460906951554016,13860.0,143.41272271748565,38.008799472145
0.0,1.7361111111111112,1.6666666666666667,0.0,2.2569444444444446,0.0,0.0,0.6968776200837359,0.5256996846119161,1.0482968152970014,0.8720765220824451,0.6156808219426679,0.13020833333333331,0.16927083333333334,1161.2388875132579,1105.0813422359402,95.78006790415313,2.0,1.9999614438919586,2.0,1.9999647276865877,0.0,0.0,0.0,0.4340277777777778,0.8680555555555556,0.4340277777777778,0.26284984230595804,0.5256996846119161,0.26284984230595804,0.0,0.0,0.0,0.0,0.0,0.0,0.4166666666666667,0.8333333333333334,0.4166666666666667,0.5241484076485007,1.0482968152970014,0.5241484076485007,0.0,0.0,0.0,0.0,0.0,0.0,0.5642361111111112,1.1284722222222223,0.5642361111111112,0.30784041097133397,0.6156808219426679,0.30784041097133397,0.0,0.0,0.0,0.0,0.0,0.0,0.0,0.13020833333333331,0.13020833333333331,0.7718750000000001,0.7135416666666666,0.0,0.0,0.0,0.0,0.0,0.0,0.0,0.0,0.0,0.0,0.0,0.0,0.0,0.0,0.0,0.0,0.0,0.0,0.0,0.0,0.16927083333333334,0.16927083333333334,0.8401041666666668,0.7817708333333333,0.0,0.0,0.0,0.0,0.0,0.0,0.0,0.0,0.0,0.0,1.192364994321854,0.9979205498774091,3.71309104416083,3.382535488605274,5.544358355876263,5.267611119742057,106.6000265588402,106.84780692065243,77,219.6864493591787,211.99155196679504,212.51661301828133,219.74773856847824,210.96352214558965,212.20426680738802,211.7053900037777,219.90322058581827,219.6864493591787,211.05175885094783,211.48770686817667,219.72169690181158,180.0,180.0,219.93381076388889,209.51591092509904,209.81163386627347,210.0357516161393,210.46391447202987,210.23979672215282,180.0,180.0,219.35319137891224,207.8183526421562,208.21945988259543,59.070003643888356,59.112397155986834,58.52327135726305,58.57857429807206,14040.0,138.92012627236753,13.745326865925394
4.20138888888889,0.0,0.0,5.347222222222221,0.0,0.0,2.7777777777777777,1.3020732477282797,1.7013838460863624,1.3917658145235063,1.3020732477282797,1.9878421794196952,0.6510416666666667,2.0194993893467026,1120.9545099748589,1061.2121815219086,84.05321815867376,2.0,1.9992165081365552,2.0,1.9992888521736785,0.6510366238641399,0.6510366238641399,1.3020732477282797,0.0,0.0,0.0,0.0,0.0,0.0,2.100694444444445,1.0503472222222225,1.0503472222222225,0.6673006711994844,0.6673006711994844,1.3346013423989689,0.0,0.0,0.0,0.0,0.0,0.0,1.448930286648044,0.724465143324022,0.724465143324022,1.3368055555555554,1.3368055555555554,2.6736111111111107,0.0,0.0,0.0,0.0,0.0,0.0,1.3020732477282797,0.6510366238641399,0.6510366238641399,0.0,0.0,0.0,0.0,0.6510416666666667,0.6510416666666667,3.8593750000000004,3.5677083333333335,0.0,0.0,0.0,0.0,0.0,0.0,0.0,0.0,0.0,0.0,0.0,0.0,0.0,0.0,0.0,0.0,0.6944444444444444,1.3888888888888888,0.3472222222222222,0.3472222222222222,0.0,0.0,0.0,0.0,2.0194993893467026,1.0097496946733513,1.6229304028922313,1.5257081806700088,0.0,0.0,0.0,0.0,0.0,0.0,0.9846824496518249,0.945793560762936,0.5600694444444443,0.5211805555555555,5.218146648706706,4.914857240862263,108.55188389405778,108.98195707925713,78,219.79537401686113,211.59025027292466,211.52106482282065,219.76435914483335,209.74354748576644,210.94042288532887,210.66795957803828,219.31944444444446,219.75866486875782,209.90077098544714,210.20570033938273,219.74302418196007,180.0,180.0,219.43318801513934,213.75668653549957,213.36286149316376,210.03027905653514,212.16412162873095,213.10692050084623,180.0,180.0,219.94357638888889,207.98365431753908,208.9620949859674,56.151694294772646,56.33454178547304,59.4300492233914,59.460906951554016,14220.0,143.41272271748457,38.00879947214499
0.0,1.7361111111111112,1.6666666666666667,0.0,2.2569444444444446,0.0,0.0,0.6968776200837358,0.525699684611916,1.0482968152970014,0.8720765220824451,0.6156808219426679,0.13020833333333331,0.16927083333333334,1161.2388875132579,1105.0813422359402,95.7800679041531,2.0,1.9999614438919586,2.0,1.9999647276865877,0.0,0.0,0.0,0.4340277777777778,0.8680555555555556,0.4340277777777778,0.262849842305958,0.525699684611916,0.262849842305958,0.0,0.0,0.0,0.0,0.0,0.0,0.4166666666666667,0.8333333333333334,0.4166666666666667,0.5241484076485007,1.0482968152970014,0.5241484076485007,0.0,0.0,0.0,0.0,0.0,0.0,0.5642361111111112,1.1284722222222223,0.5642361111111112,0.30784041097133397,0.6156808219426679,0.30784041097133397,0.0,0.0,0.0,0.0,0.0,0.0,0.0,0.13020833333333331,0.13020833333333331,0.7718750000000001,0.7135416666666666,0.0,0.0,0.0,0.0,0.0,0.0,0.0,0.0,0.0,0.0,0.0,0.0,0.0,0.0,0.0,0.0,0.0,0.0,0.0,0.0,0.16927083333333334,0.16927083333333334,0.8401041666666668,0.7817708333333333,0.0,0.0,0.0,0.0,0.0,0.0,0.0,0.0,0.0,0.0,1.192364994321854,0.9979205498774091,3.71309104416083,3.382535488605274,5.544358355876262,5.267611119742057,106.6000265588402,106.84780692065243,79,219.6864493591787,211.99155196679538,212.51661301828125,219.74773856847824,210.96352214559042,212.2042668073888,211.7053900037777,219.90322058581827,219.6864493591787,211.05175885094766,211.48770686817676,219.72169690181158,180.0,180.0,219.93381076388889,209.51591092509852,209.81163386627347,210.03575161613895,210.4639144720302,210.23979672215282,180.0,180.0,219.35319137891224,207.81835264215638,208.21945988259517,59.070003643888356,59.112397155986834,58.523271357263056,58.57857429807206,14400.0,138.92012627236642,13.745326865925394
